station,service_date,hour,timestamp,boardings,day_status,source_pdf,page,image
Kamuning,2024-11-17,6,2024-11-17 06:00,25,verified,11_17-21_2024.pdf,1,2024_October15November30_11_17-21_2024_p01.png
Kamuning,2024-11-17,7,2024-11-17 07:00,31,verified,11_17-21_2024.pdf,1,2024_October15November30_11_17-21_2024_p01.png
Kamuning,2024-11-17,8,2024-11-17 08:00,45,verified,11_17-21_2024.pdf,1,2024_October15November30_11_17-21_2024_p01.png
Kamuning,2024-11-17,9,2024-11-17 09:00,53,verified,11_17-21_2024.pdf,1,2024_October15November30_11_17-21_2024_p01.png
Kamuning,2024-11-17,10,2024-11-17 10:00,32,verified,11_17-21_2024.pdf,1,2024_October15November30_11_17-21_2024_p01.png
Kamuning,2024-11-17,11,2024-11-17 11:00,23,verified,11_17-21_2024.pdf,1,2024_October15November30_11_17-21_2024_p01.png
Kamuning,2024-11-17,12,2024-11-17 12:00,15,verified,11_17-21_2024.pdf,1,2024_October15November30_11_17-21_2024_p01.png
Kamuning,2024-11-17,13,2024-11-17 13:00,10,verified,11_17-21_2024.pdf,1,2024_October15November30_11_17-21_2024_p01.png
Kamuning,2024-11-17,14,2024-11-17 14:00,29,verified,11_17-21_2024.pdf,1,2024_October15November30_11_17-21_2024_p01.png
Kamuning,2024-11-17,15,2024-11-17 15:00,28,verified,11_17-21_2024.pdf,1,2024_October15November30_11_17-21_2024_p01.png
Kamuning,2024-11-17,16,2024-11-17 16:00,31,verified,11_17-21_2024.pdf,1,2024_October15November30_11_17-21_2024_p01.png
Kamuning,2024-11-17,17,2024-11-17 17:00,41,verified,11_17-21_2024.pdf,1,2024_October15November30_11_17-21_2024_p01.png
Kamuning,2024-11-17,18,2024-11-17 18:00,15,verified,11_17-21_2024.pdf,1,2024_October15November30_11_17-21_2024_p01.png
Kamuning,2024-11-17,19,2024-11-17 19:00,18,verified,11_17-21_2024.pdf,1,2024_October15November30_11_17-21_2024_p01.png
Kamuning,2024-11-17,20,2024-11-17 20:00,23,verified,11_17-21_2024.pdf,1,2024_October15November30_11_17-21_2024_p01.png
Kamuning,2024-11-17,21,2024-11-17 21:00,17,verified,11_17-21_2024.pdf,1,2024_October15November30_11_17-21_2024_p01.png
Kamuning,2024-11-17,22,2024-11-17 22:00,37,verified,11_17-21_2024.pdf,1,2024_October15November30_11_17-21_2024_p01.png
Kamuning,2024-11-17,23,2024-11-17 23:00,16,verified,11_17-21_2024.pdf,1,2024_October15November30_11_17-21_2024_p01.png
Kamuning,2024-11-17,0,2024-11-18 00:00,21,verified,11_17-21_2024.pdf,1,2024_October15November30_11_17-21_2024_p01.png
Kamuning,2024-11-17,1,2024-11-18 01:00,11,verified,11_17-21_2024.pdf,1,2024_October15November30_11_17-21_2024_p01.png
Kamuning,2024-11-17,2,2024-11-18 02:00,9,verified,11_17-21_2024.pdf,1,2024_October15November30_11_17-21_2024_p01.png
Kamuning,2024-11-17,3,2024-11-18 03:00,13,verified,11_17-21_2024.pdf,1,2024_October15November30_11_17-21_2024_p01.png
Kamuning,2024-11-17,4,2024-11-18 04:00,32,verified,11_17-21_2024.pdf,1,2024_October15November30_11_17-21_2024_p01.png
Kamuning,2024-11-17,5,2024-11-18 05:00,20,verified,11_17-21_2024.pdf,1,2024_October15November30_11_17-21_2024_p01.png
Kamuning,2024-11-18,6,2024-11-18 06:00,122,verified,11_17-21_2024.pdf,2,2024_October15November30_11_17-21_2024_p02.png
Kamuning,2024-11-18,7,2024-11-18 07:00,141,verified,11_17-21_2024.pdf,2,2024_October15November30_11_17-21_2024_p02.png
Kamuning,2024-11-18,8,2024-11-18 08:00,131,verified,11_17-21_2024.pdf,2,2024_October15November30_11_17-21_2024_p02.png
Kamuning,2024-11-18,9,2024-11-18 09:00,109,verified,11_17-21_2024.pdf,2,2024_October15November30_11_17-21_2024_p02.png
Kamuning,2024-11-18,10,2024-11-18 10:00,72,verified,11_17-21_2024.pdf,2,2024_October15November30_11_17-21_2024_p02.png
Kamuning,2024-11-18,11,2024-11-18 11:00,64,verified,11_17-21_2024.pdf,2,2024_October15November30_11_17-21_2024_p02.png
Kamuning,2024-11-18,12,2024-11-18 12:00,34,verified,11_17-21_2024.pdf,2,2024_October15November30_11_17-21_2024_p02.png
Kamuning,2024-11-18,13,2024-11-18 13:00,27,verified,11_17-21_2024.pdf,2,2024_October15November30_11_17-21_2024_p02.png
Kamuning,2024-11-18,14,2024-11-18 14:00,77,verified,11_17-21_2024.pdf,2,2024_October15November30_11_17-21_2024_p02.png
Kamuning,2024-11-18,15,2024-11-18 15:00,50,verified,11_17-21_2024.pdf,2,2024_October15November30_11_17-21_2024_p02.png
Kamuning,2024-11-18,16,2024-11-18 16:00,88,verified,11_17-21_2024.pdf,2,2024_October15November30_11_17-21_2024_p02.png
Kamuning,2024-11-18,17,2024-11-18 17:00,67,verified,11_17-21_2024.pdf,2,2024_October15November30_11_17-21_2024_p02.png
Kamuning,2024-11-18,18,2024-11-18 18:00,84,verified,11_17-21_2024.pdf,2,2024_October15November30_11_17-21_2024_p02.png
Kamuning,2024-11-18,19,2024-11-18 19:00,50,verified,11_17-21_2024.pdf,2,2024_October15November30_11_17-21_2024_p02.png
Kamuning,2024-11-18,20,2024-11-18 20:00,60,verified,11_17-21_2024.pdf,2,2024_October15November30_11_17-21_2024_p02.png
Kamuning,2024-11-18,21,2024-11-18 21:00,67,verified,11_17-21_2024.pdf,2,2024_October15November30_11_17-21_2024_p02.png
Kamuning,2024-11-18,22,2024-11-18 22:00,62,verified,11_17-21_2024.pdf,2,2024_October15November30_11_17-21_2024_p02.png
Kamuning,2024-11-18,23,2024-11-18 23:00,36,verified,11_17-21_2024.pdf,2,2024_October15November30_11_17-21_2024_p02.png
Kamuning,2024-11-18,0,2024-11-19 00:00,37,verified,11_17-21_2024.pdf,2,2024_October15November30_11_17-21_2024_p02.png
Kamuning,2024-11-18,1,2024-11-19 01:00,47,verified,11_17-21_2024.pdf,2,2024_October15November30_11_17-21_2024_p02.png
Kamuning,2024-11-18,2,2024-11-19 02:00,59,verified,11_17-21_2024.pdf,2,2024_October15November30_11_17-21_2024_p02.png
Kamuning,2024-11-18,3,2024-11-19 03:00,70,verified,11_17-21_2024.pdf,2,2024_October15November30_11_17-21_2024_p02.png
Kamuning,2024-11-18,4,2024-11-19 04:00,47,verified,11_17-21_2024.pdf,2,2024_October15November30_11_17-21_2024_p02.png
Kamuning,2024-11-18,5,2024-11-19 05:00,43,verified,11_17-21_2024.pdf,2,2024_October15November30_11_17-21_2024_p02.png
Kamuning,2024-11-19,6,2024-11-19 06:00,65,verified,11_17-21_2024.pdf,2,2024_October15November30_11_17-21_2024_p02.png
Kamuning,2024-11-19,7,2024-11-19 07:00,62,verified,11_17-21_2024.pdf,2,2024_October15November30_11_17-21_2024_p02.png
Kamuning,2024-11-19,8,2024-11-19 08:00,62,verified,11_17-21_2024.pdf,2,2024_October15November30_11_17-21_2024_p02.png
Kamuning,2024-11-19,9,2024-11-19 09:00,41,verified,11_17-21_2024.pdf,2,2024_October15November30_11_17-21_2024_p02.png
Kamuning,2024-11-19,10,2024-11-19 10:00,61,verified,11_17-21_2024.pdf,2,2024_October15November30_11_17-21_2024_p02.png
Kamuning,2024-11-19,11,2024-11-19 11:00,36,verified,11_17-21_2024.pdf,2,2024_October15November30_11_17-21_2024_p02.png
Kamuning,2024-11-19,12,2024-11-19 12:00,23,verified,11_17-21_2024.pdf,2,2024_October15November30_11_17-21_2024_p02.png
Kamuning,2024-11-19,13,2024-11-19 13:00,25,verified,11_17-21_2024.pdf,2,2024_October15November30_11_17-21_2024_p02.png
Kamuning,2024-11-19,14,2024-11-19 14:00,51,verified,11_17-21_2024.pdf,2,2024_October15November30_11_17-21_2024_p02.png
Kamuning,2024-11-19,15,2024-11-19 15:00,63,verified,11_17-21_2024.pdf,2,2024_October15November30_11_17-21_2024_p02.png
Kamuning,2024-11-19,16,2024-11-19 16:00,96,verified,11_17-21_2024.pdf,2,2024_October15November30_11_17-21_2024_p02.png
Kamuning,2024-11-19,17,2024-11-19 17:00,86,verified,11_17-21_2024.pdf,2,2024_October15November30_11_17-21_2024_p02.png
Kamuning,2024-11-19,18,2024-11-19 18:00,88,verified,11_17-21_2024.pdf,2,2024_October15November30_11_17-21_2024_p02.png
Kamuning,2024-11-19,19,2024-11-19 19:00,82,verified,11_17-21_2024.pdf,2,2024_October15November30_11_17-21_2024_p02.png
Kamuning,2024-11-19,20,2024-11-19 20:00,72,verified,11_17-21_2024.pdf,2,2024_October15November30_11_17-21_2024_p02.png
Kamuning,2024-11-19,21,2024-11-19 21:00,45,verified,11_17-21_2024.pdf,2,2024_October15November30_11_17-21_2024_p02.png
Kamuning,2024-11-19,22,2024-11-19 22:00,140,verified,11_17-21_2024.pdf,2,2024_October15November30_11_17-21_2024_p02.png
Kamuning,2024-11-19,23,2024-11-19 23:00,35,verified,11_17-21_2024.pdf,2,2024_October15November30_11_17-21_2024_p02.png
Kamuning,2024-11-19,0,2024-11-20 00:00,24,verified,11_17-21_2024.pdf,2,2024_October15November30_11_17-21_2024_p02.png
Kamuning,2024-11-19,1,2024-11-20 01:00,20,verified,11_17-21_2024.pdf,2,2024_October15November30_11_17-21_2024_p02.png
Kamuning,2024-11-19,2,2024-11-20 02:00,19,verified,11_17-21_2024.pdf,2,2024_October15November30_11_17-21_2024_p02.png
Kamuning,2024-11-19,3,2024-11-20 03:00,25,verified,11_17-21_2024.pdf,2,2024_October15November30_11_17-21_2024_p02.png
Kamuning,2024-11-19,4,2024-11-20 04:00,18,verified,11_17-21_2024.pdf,2,2024_October15November30_11_17-21_2024_p02.png
Kamuning,2024-11-19,5,2024-11-20 05:00,41,verified,11_17-21_2024.pdf,2,2024_October15November30_11_17-21_2024_p02.png
Kamuning,2024-11-20,6,2024-11-20 06:00,72,verified,11_17-21_2024.pdf,3,2024_October15November30_11_17-21_2024_p03.png
Kamuning,2024-11-20,7,2024-11-20 07:00,62,verified,11_17-21_2024.pdf,3,2024_October15November30_11_17-21_2024_p03.png
Kamuning,2024-11-20,8,2024-11-20 08:00,39,verified,11_17-21_2024.pdf,3,2024_October15November30_11_17-21_2024_p03.png
Kamuning,2024-11-20,9,2024-11-20 09:00,42,verified,11_17-21_2024.pdf,3,2024_October15November30_11_17-21_2024_p03.png
Kamuning,2024-11-20,10,2024-11-20 10:00,43,verified,11_17-21_2024.pdf,3,2024_October15November30_11_17-21_2024_p03.png
Kamuning,2024-11-20,11,2024-11-20 11:00,40,verified,11_17-21_2024.pdf,3,2024_October15November30_11_17-21_2024_p03.png
Kamuning,2024-11-20,12,2024-11-20 12:00,46,verified,11_17-21_2024.pdf,3,2024_October15November30_11_17-21_2024_p03.png
Kamuning,2024-11-20,13,2024-11-20 13:00,50,verified,11_17-21_2024.pdf,3,2024_October15November30_11_17-21_2024_p03.png
Kamuning,2024-11-20,14,2024-11-20 14:00,53,verified,11_17-21_2024.pdf,3,2024_October15November30_11_17-21_2024_p03.png
Kamuning,2024-11-20,15,2024-11-20 15:00,57,verified,11_17-21_2024.pdf,3,2024_October15November30_11_17-21_2024_p03.png
Kamuning,2024-11-20,16,2024-11-20 16:00,68,verified,11_17-21_2024.pdf,3,2024_October15November30_11_17-21_2024_p03.png
Kamuning,2024-11-20,17,2024-11-20 17:00,120,verified,11_17-21_2024.pdf,3,2024_October15November30_11_17-21_2024_p03.png
Kamuning,2024-11-20,18,2024-11-20 18:00,92,verified,11_17-21_2024.pdf,3,2024_October15November30_11_17-21_2024_p03.png
Kamuning,2024-11-20,19,2024-11-20 19:00,81,verified,11_17-21_2024.pdf,3,2024_October15November30_11_17-21_2024_p03.png
Kamuning,2024-11-20,20,2024-11-20 20:00,75,verified,11_17-21_2024.pdf,3,2024_October15November30_11_17-21_2024_p03.png
Kamuning,2024-11-20,21,2024-11-20 21:00,81,verified,11_17-21_2024.pdf,3,2024_October15November30_11_17-21_2024_p03.png
Kamuning,2024-11-20,22,2024-11-20 22:00,37,verified,11_17-21_2024.pdf,3,2024_October15November30_11_17-21_2024_p03.png
Kamuning,2024-11-20,23,2024-11-20 23:00,39,verified,11_17-21_2024.pdf,3,2024_October15November30_11_17-21_2024_p03.png
Kamuning,2024-11-20,0,2024-11-21 00:00,34,verified,11_17-21_2024.pdf,3,2024_October15November30_11_17-21_2024_p03.png
Kamuning,2024-11-20,1,2024-11-21 01:00,27,verified,11_17-21_2024.pdf,3,2024_October15November30_11_17-21_2024_p03.png
Kamuning,2024-11-20,2,2024-11-21 02:00,22,verified,11_17-21_2024.pdf,3,2024_October15November30_11_17-21_2024_p03.png
Kamuning,2024-11-20,3,2024-11-21 03:00,28,verified,11_17-21_2024.pdf,3,2024_October15November30_11_17-21_2024_p03.png
Kamuning,2024-11-20,4,2024-11-21 04:00,49,verified,11_17-21_2024.pdf,3,2024_October15November30_11_17-21_2024_p03.png
Kamuning,2024-11-20,5,2024-11-21 05:00,54,verified,11_17-21_2024.pdf,3,2024_October15November30_11_17-21_2024_p03.png
Kamuning,2024-11-21,6,2024-11-21 06:00,93,mismatch,11_17-21_2024.pdf,3,2024_October15November30_11_17-21_2024_p03.png
Kamuning,2024-11-21,7,2024-11-21 07:00,102,mismatch,11_17-21_2024.pdf,3,2024_October15November30_11_17-21_2024_p03.png
Kamuning,2024-11-21,8,2024-11-21 08:00,114,mismatch,11_17-21_2024.pdf,3,2024_October15November30_11_17-21_2024_p03.png
Kamuning,2024-11-21,9,2024-11-21 09:00,92,mismatch,11_17-21_2024.pdf,3,2024_October15November30_11_17-21_2024_p03.png
Kamuning,2024-11-21,10,2024-11-21 10:00,80,mismatch,11_17-21_2024.pdf,3,2024_October15November30_11_17-21_2024_p03.png
Kamuning,2024-11-21,11,2024-11-21 11:00,64,mismatch,11_17-21_2024.pdf,3,2024_October15November30_11_17-21_2024_p03.png
Kamuning,2024-11-21,12,2024-11-21 12:00,65,mismatch,11_17-21_2024.pdf,3,2024_October15November30_11_17-21_2024_p03.png
Kamuning,2024-11-21,13,2024-11-21 13:00,61,mismatch,11_17-21_2024.pdf,3,2024_October15November30_11_17-21_2024_p03.png
Kamuning,2024-11-21,14,2024-11-21 14:00,41,mismatch,11_17-21_2024.pdf,3,2024_October15November30_11_17-21_2024_p03.png
Kamuning,2024-11-21,15,2024-11-21 15:00,69,mismatch,11_17-21_2024.pdf,3,2024_October15November30_11_17-21_2024_p03.png
Kamuning,2024-11-21,16,2024-11-21 16:00,102,mismatch,11_17-21_2024.pdf,3,2024_October15November30_11_17-21_2024_p03.png
Kamuning,2024-11-21,17,2024-11-21 17:00,118,mismatch,11_17-21_2024.pdf,3,2024_October15November30_11_17-21_2024_p03.png
Kamuning,2024-11-21,18,2024-11-21 18:00,110,mismatch,11_17-21_2024.pdf,3,2024_October15November30_11_17-21_2024_p03.png
Kamuning,2024-11-21,19,2024-11-21 19:00,105,mismatch,11_17-21_2024.pdf,3,2024_October15November30_11_17-21_2024_p03.png
Kamuning,2024-11-21,20,2024-11-21 20:00,90,mismatch,11_17-21_2024.pdf,3,2024_October15November30_11_17-21_2024_p03.png
Kamuning,2024-11-21,21,2024-11-21 21:00,77,mismatch,11_17-21_2024.pdf,3,2024_October15November30_11_17-21_2024_p03.png
Kamuning,2024-11-21,22,2024-11-21 22:00,34,mismatch,11_17-21_2024.pdf,3,2024_October15November30_11_17-21_2024_p03.png
Kamuning,2024-11-21,23,2024-11-21 23:00,23,mismatch,11_17-21_2024.pdf,3,2024_October15November30_11_17-21_2024_p03.png
Kamuning,2024-11-21,0,2024-11-22 00:00,17,mismatch,11_17-21_2024.pdf,3,2024_October15November30_11_17-21_2024_p03.png
Kamuning,2024-11-21,1,2024-11-22 01:00,17,mismatch,11_17-21_2024.pdf,3,2024_October15November30_11_17-21_2024_p03.png
Kamuning,2024-11-21,2,2024-11-22 02:00,18,mismatch,11_17-21_2024.pdf,3,2024_October15November30_11_17-21_2024_p03.png
Kamuning,2024-11-21,3,2024-11-22 03:00,22,mismatch,11_17-21_2024.pdf,3,2024_October15November30_11_17-21_2024_p03.png
Kamuning,2024-11-21,4,2024-11-22 04:00,30,mismatch,11_17-21_2024.pdf,3,2024_October15November30_11_17-21_2024_p03.png
Kamuning,2024-11-21,5,2024-11-22 05:00,32,mismatch,11_17-21_2024.pdf,3,2024_October15November30_11_17-21_2024_p03.png
Kamuning,2024-11-22,6,2024-11-22 06:00,106,verified,11_22-30_2024.pdf,1,2024_October15November30_11_22-30_2024_p01.png
Kamuning,2024-11-22,7,2024-11-22 07:00,117,verified,11_22-30_2024.pdf,1,2024_October15November30_11_22-30_2024_p01.png
Kamuning,2024-11-22,8,2024-11-22 08:00,70,verified,11_22-30_2024.pdf,1,2024_October15November30_11_22-30_2024_p01.png
Kamuning,2024-11-22,9,2024-11-22 09:00,68,verified,11_22-30_2024.pdf,1,2024_October15November30_11_22-30_2024_p01.png
Kamuning,2024-11-22,10,2024-11-22 10:00,41,verified,11_22-30_2024.pdf,1,2024_October15November30_11_22-30_2024_p01.png
Kamuning,2024-11-22,11,2024-11-22 11:00,67,verified,11_22-30_2024.pdf,1,2024_October15November30_11_22-30_2024_p01.png
Kamuning,2024-11-22,12,2024-11-22 12:00,62,verified,11_22-30_2024.pdf,1,2024_October15November30_11_22-30_2024_p01.png
Kamuning,2024-11-22,13,2024-11-22 13:00,81,verified,11_22-30_2024.pdf,1,2024_October15November30_11_22-30_2024_p01.png
Kamuning,2024-11-22,14,2024-11-22 14:00,61,verified,11_22-30_2024.pdf,1,2024_October15November30_11_22-30_2024_p01.png
Kamuning,2024-11-22,15,2024-11-22 15:00,84,verified,11_22-30_2024.pdf,1,2024_October15November30_11_22-30_2024_p01.png
Kamuning,2024-11-22,16,2024-11-22 16:00,118,verified,11_22-30_2024.pdf,1,2024_October15November30_11_22-30_2024_p01.png
Kamuning,2024-11-22,17,2024-11-22 17:00,135,verified,11_22-30_2024.pdf,1,2024_October15November30_11_22-30_2024_p01.png
Kamuning,2024-11-22,18,2024-11-22 18:00,108,verified,11_22-30_2024.pdf,1,2024_October15November30_11_22-30_2024_p01.png
Kamuning,2024-11-22,19,2024-11-22 19:00,95,verified,11_22-30_2024.pdf,1,2024_October15November30_11_22-30_2024_p01.png
Kamuning,2024-11-22,20,2024-11-22 20:00,121,verified,11_22-30_2024.pdf,1,2024_October15November30_11_22-30_2024_p01.png
Kamuning,2024-11-22,21,2024-11-22 21:00,37,verified,11_22-30_2024.pdf,1,2024_October15November30_11_22-30_2024_p01.png
Kamuning,2024-11-22,22,2024-11-22 22:00,43,verified,11_22-30_2024.pdf,1,2024_October15November30_11_22-30_2024_p01.png
Kamuning,2024-11-22,23,2024-11-22 23:00,25,verified,11_22-30_2024.pdf,1,2024_October15November30_11_22-30_2024_p01.png
Kamuning,2024-11-22,0,2024-11-23 00:00,18,verified,11_22-30_2024.pdf,1,2024_October15November30_11_22-30_2024_p01.png
Kamuning,2024-11-22,1,2024-11-23 01:00,22,verified,11_22-30_2024.pdf,1,2024_October15November30_11_22-30_2024_p01.png
Kamuning,2024-11-22,2,2024-11-23 02:00,20,verified,11_22-30_2024.pdf,1,2024_October15November30_11_22-30_2024_p01.png
Kamuning,2024-11-22,3,2024-11-23 03:00,30,verified,11_22-30_2024.pdf,1,2024_October15November30_11_22-30_2024_p01.png
Kamuning,2024-11-22,4,2024-11-23 04:00,32,verified,11_22-30_2024.pdf,1,2024_October15November30_11_22-30_2024_p01.png
Kamuning,2024-11-22,5,2024-11-23 05:00,40,verified,11_22-30_2024.pdf,1,2024_October15November30_11_22-30_2024_p01.png
Kamuning,2024-11-23,6,2024-11-23 06:00,56,verified,11_22-30_2024.pdf,2,2024_October15November30_11_22-30_2024_p02.png
Kamuning,2024-11-23,7,2024-11-23 07:00,90,verified,11_22-30_2024.pdf,2,2024_October15November30_11_22-30_2024_p02.png
Kamuning,2024-11-23,8,2024-11-23 08:00,84,verified,11_22-30_2024.pdf,2,2024_October15November30_11_22-30_2024_p02.png
Kamuning,2024-11-23,9,2024-11-23 09:00,98,verified,11_22-30_2024.pdf,2,2024_October15November30_11_22-30_2024_p02.png
Kamuning,2024-11-23,10,2024-11-23 10:00,102,verified,11_22-30_2024.pdf,2,2024_October15November30_11_22-30_2024_p02.png
Kamuning,2024-11-23,11,2024-11-23 11:00,108,verified,11_22-30_2024.pdf,2,2024_October15November30_11_22-30_2024_p02.png
Kamuning,2024-11-23,12,2024-11-23 12:00,83,verified,11_22-30_2024.pdf,2,2024_October15November30_11_22-30_2024_p02.png
Kamuning,2024-11-23,13,2024-11-23 13:00,56,verified,11_22-30_2024.pdf,2,2024_October15November30_11_22-30_2024_p02.png
Kamuning,2024-11-23,14,2024-11-23 14:00,52,verified,11_22-30_2024.pdf,2,2024_October15November30_11_22-30_2024_p02.png
Kamuning,2024-11-23,15,2024-11-23 15:00,61,verified,11_22-30_2024.pdf,2,2024_October15November30_11_22-30_2024_p02.png
Kamuning,2024-11-23,16,2024-11-23 16:00,78,verified,11_22-30_2024.pdf,2,2024_October15November30_11_22-30_2024_p02.png
Kamuning,2024-11-23,17,2024-11-23 17:00,101,verified,11_22-30_2024.pdf,2,2024_October15November30_11_22-30_2024_p02.png
Kamuning,2024-11-23,18,2024-11-23 18:00,79,verified,11_22-30_2024.pdf,2,2024_October15November30_11_22-30_2024_p02.png
Kamuning,2024-11-23,19,2024-11-23 19:00,65,verified,11_22-30_2024.pdf,2,2024_October15November30_11_22-30_2024_p02.png
Kamuning,2024-11-23,20,2024-11-23 20:00,58,verified,11_22-30_2024.pdf,2,2024_October15November30_11_22-30_2024_p02.png
Kamuning,2024-11-23,21,2024-11-23 21:00,47,verified,11_22-30_2024.pdf,2,2024_October15November30_11_22-30_2024_p02.png
Kamuning,2024-11-23,22,2024-11-23 22:00,45,verified,11_22-30_2024.pdf,2,2024_October15November30_11_22-30_2024_p02.png
Kamuning,2024-11-23,23,2024-11-23 23:00,32,verified,11_22-30_2024.pdf,2,2024_October15November30_11_22-30_2024_p02.png
Kamuning,2024-11-23,0,2024-11-24 00:00,28,verified,11_22-30_2024.pdf,2,2024_October15November30_11_22-30_2024_p02.png
Kamuning,2024-11-23,1,2024-11-24 01:00,37,verified,11_22-30_2024.pdf,2,2024_October15November30_11_22-30_2024_p02.png
Kamuning,2024-11-23,2,2024-11-24 02:00,42,verified,11_22-30_2024.pdf,2,2024_October15November30_11_22-30_2024_p02.png
Kamuning,2024-11-23,3,2024-11-24 03:00,36,verified,11_22-30_2024.pdf,2,2024_October15November30_11_22-30_2024_p02.png
Kamuning,2024-11-23,4,2024-11-24 04:00,47,verified,11_22-30_2024.pdf,2,2024_October15November30_11_22-30_2024_p02.png
Kamuning,2024-11-23,5,2024-11-24 05:00,39,verified,11_22-30_2024.pdf,2,2024_October15November30_11_22-30_2024_p02.png
Kamuning,2024-11-24,6,2024-11-24 06:00,82,verified,11_22-30_2024.pdf,2,2024_October15November30_11_22-30_2024_p02.png
Kamuning,2024-11-24,7,2024-11-24 07:00,64,verified,11_22-30_2024.pdf,2,2024_October15November30_11_22-30_2024_p02.png
Kamuning,2024-11-24,8,2024-11-24 08:00,91,verified,11_22-30_2024.pdf,2,2024_October15November30_11_22-30_2024_p02.png
Kamuning,2024-11-24,9,2024-11-24 09:00,86,verified,11_22-30_2024.pdf,2,2024_October15November30_11_22-30_2024_p02.png
Kamuning,2024-11-24,10,2024-11-24 10:00,73,verified,11_22-30_2024.pdf,2,2024_October15November30_11_22-30_2024_p02.png
Kamuning,2024-11-24,11,2024-11-24 11:00,64,verified,11_22-30_2024.pdf,2,2024_October15November30_11_22-30_2024_p02.png
Kamuning,2024-11-24,12,2024-11-24 12:00,40,verified,11_22-30_2024.pdf,2,2024_October15November30_11_22-30_2024_p02.png
Kamuning,2024-11-24,13,2024-11-24 13:00,33,verified,11_22-30_2024.pdf,2,2024_October15November30_11_22-30_2024_p02.png
Kamuning,2024-11-24,14,2024-11-24 14:00,61,verified,11_22-30_2024.pdf,2,2024_October15November30_11_22-30_2024_p02.png
Kamuning,2024-11-24,15,2024-11-24 15:00,39,verified,11_22-30_2024.pdf,2,2024_October15November30_11_22-30_2024_p02.png
Kamuning,2024-11-24,16,2024-11-24 16:00,43,verified,11_22-30_2024.pdf,2,2024_October15November30_11_22-30_2024_p02.png
Kamuning,2024-11-24,17,2024-11-24 17:00,58,verified,11_22-30_2024.pdf,2,2024_October15November30_11_22-30_2024_p02.png
Kamuning,2024-11-24,18,2024-11-24 18:00,60,verified,11_22-30_2024.pdf,2,2024_October15November30_11_22-30_2024_p02.png
Kamuning,2024-11-24,19,2024-11-24 19:00,43,verified,11_22-30_2024.pdf,2,2024_October15November30_11_22-30_2024_p02.png
Kamuning,2024-11-24,20,2024-11-24 20:00,39,verified,11_22-30_2024.pdf,2,2024_October15November30_11_22-30_2024_p02.png
Kamuning,2024-11-24,21,2024-11-24 21:00,32,verified,11_22-30_2024.pdf,2,2024_October15November30_11_22-30_2024_p02.png
Kamuning,2024-11-24,22,2024-11-24 22:00,53,verified,11_22-30_2024.pdf,2,2024_October15November30_11_22-30_2024_p02.png
Kamuning,2024-11-24,23,2024-11-24 23:00,36,verified,11_22-30_2024.pdf,2,2024_October15November30_11_22-30_2024_p02.png
Kamuning,2024-11-24,0,2024-11-25 00:00,25,verified,11_22-30_2024.pdf,2,2024_October15November30_11_22-30_2024_p02.png
Kamuning,2024-11-24,1,2024-11-25 01:00,33,verified,11_22-30_2024.pdf,2,2024_October15November30_11_22-30_2024_p02.png
Kamuning,2024-11-24,2,2024-11-25 02:00,43,verified,11_22-30_2024.pdf,2,2024_October15November30_11_22-30_2024_p02.png
Kamuning,2024-11-24,3,2024-11-25 03:00,37,verified,11_22-30_2024.pdf,2,2024_October15November30_11_22-30_2024_p02.png
Kamuning,2024-11-24,4,2024-11-25 04:00,49,verified,11_22-30_2024.pdf,2,2024_October15November30_11_22-30_2024_p02.png
Kamuning,2024-11-24,5,2024-11-25 05:00,35,verified,11_22-30_2024.pdf,2,2024_October15November30_11_22-30_2024_p02.png
Kamuning,2024-11-25,6,2024-11-25 06:00,109,verified,11_22-30_2024.pdf,3,2024_October15November30_11_22-30_2024_p03.png
Kamuning,2024-11-25,7,2024-11-25 07:00,86,verified,11_22-30_2024.pdf,3,2024_October15November30_11_22-30_2024_p03.png
Kamuning,2024-11-25,8,2024-11-25 08:00,92,verified,11_22-30_2024.pdf,3,2024_October15November30_11_22-30_2024_p03.png
Kamuning,2024-11-25,9,2024-11-25 09:00,67,verified,11_22-30_2024.pdf,3,2024_October15November30_11_22-30_2024_p03.png
Kamuning,2024-11-25,10,2024-11-25 10:00,53,verified,11_22-30_2024.pdf,3,2024_October15November30_11_22-30_2024_p03.png
Kamuning,2024-11-25,11,2024-11-25 11:00,49,verified,11_22-30_2024.pdf,3,2024_October15November30_11_22-30_2024_p03.png
Kamuning,2024-11-25,12,2024-11-25 12:00,37,verified,11_22-30_2024.pdf,3,2024_October15November30_11_22-30_2024_p03.png
Kamuning,2024-11-25,13,2024-11-25 13:00,29,verified,11_22-30_2024.pdf,3,2024_October15November30_11_22-30_2024_p03.png
Kamuning,2024-11-25,14,2024-11-25 14:00,82,verified,11_22-30_2024.pdf,3,2024_October15November30_11_22-30_2024_p03.png
Kamuning,2024-11-25,15,2024-11-25 15:00,61,verified,11_22-30_2024.pdf,3,2024_October15November30_11_22-30_2024_p03.png
Kamuning,2024-11-25,16,2024-11-25 16:00,116,verified,11_22-30_2024.pdf,3,2024_October15November30_11_22-30_2024_p03.png
Kamuning,2024-11-25,17,2024-11-25 17:00,138,verified,11_22-30_2024.pdf,3,2024_October15November30_11_22-30_2024_p03.png
Kamuning,2024-11-25,18,2024-11-25 18:00,149,verified,11_22-30_2024.pdf,3,2024_October15November30_11_22-30_2024_p03.png
Kamuning,2024-11-25,19,2024-11-25 19:00,180,verified,11_22-30_2024.pdf,3,2024_October15November30_11_22-30_2024_p03.png
Kamuning,2024-11-25,20,2024-11-25 20:00,43,verified,11_22-30_2024.pdf,3,2024_October15November30_11_22-30_2024_p03.png
Kamuning,2024-11-25,21,2024-11-25 21:00,51,verified,11_22-30_2024.pdf,3,2024_October15November30_11_22-30_2024_p03.png
Kamuning,2024-11-25,22,2024-11-25 22:00,81,verified,11_22-30_2024.pdf,3,2024_October15November30_11_22-30_2024_p03.png
Kamuning,2024-11-25,23,2024-11-25 23:00,36,verified,11_22-30_2024.pdf,3,2024_October15November30_11_22-30_2024_p03.png
Kamuning,2024-11-25,0,2024-11-26 00:00,19,verified,11_22-30_2024.pdf,3,2024_October15November30_11_22-30_2024_p03.png
Kamuning,2024-11-25,1,2024-11-26 01:00,21,verified,11_22-30_2024.pdf,3,2024_October15November30_11_22-30_2024_p03.png
Kamuning,2024-11-25,2,2024-11-26 02:00,49,verified,11_22-30_2024.pdf,3,2024_October15November30_11_22-30_2024_p03.png
Kamuning,2024-11-25,3,2024-11-26 03:00,36,verified,11_22-30_2024.pdf,3,2024_October15November30_11_22-30_2024_p03.png
Kamuning,2024-11-25,4,2024-11-26 04:00,46,verified,11_22-30_2024.pdf,3,2024_October15November30_11_22-30_2024_p03.png
Kamuning,2024-11-25,5,2024-11-26 05:00,58,verified,11_22-30_2024.pdf,3,2024_October15November30_11_22-30_2024_p03.png
Kamuning,2024-11-26,6,2024-11-26 06:00,75,verified,11_22-30_2024.pdf,3,2024_October15November30_11_22-30_2024_p03.png
Kamuning,2024-11-26,7,2024-11-26 07:00,79,verified,11_22-30_2024.pdf,3,2024_October15November30_11_22-30_2024_p03.png
Kamuning,2024-11-26,8,2024-11-26 08:00,93,verified,11_22-30_2024.pdf,3,2024_October15November30_11_22-30_2024_p03.png
Kamuning,2024-11-26,9,2024-11-26 09:00,86,verified,11_22-30_2024.pdf,3,2024_October15November30_11_22-30_2024_p03.png
Kamuning,2024-11-26,10,2024-11-26 10:00,64,verified,11_22-30_2024.pdf,3,2024_October15November30_11_22-30_2024_p03.png
Kamuning,2024-11-26,11,2024-11-26 11:00,96,verified,11_22-30_2024.pdf,3,2024_October15November30_11_22-30_2024_p03.png
Kamuning,2024-11-26,12,2024-11-26 12:00,80,verified,11_22-30_2024.pdf,3,2024_October15November30_11_22-30_2024_p03.png
Kamuning,2024-11-26,13,2024-11-26 13:00,72,verified,11_22-30_2024.pdf,3,2024_October15November30_11_22-30_2024_p03.png
Kamuning,2024-11-26,14,2024-11-26 14:00,61,verified,11_22-30_2024.pdf,3,2024_October15November30_11_22-30_2024_p03.png
Kamuning,2024-11-26,15,2024-11-26 15:00,93,verified,11_22-30_2024.pdf,3,2024_October15November30_11_22-30_2024_p03.png
Kamuning,2024-11-26,16,2024-11-26 16:00,116,verified,11_22-30_2024.pdf,3,2024_October15November30_11_22-30_2024_p03.png
Kamuning,2024-11-26,17,2024-11-26 17:00,128,verified,11_22-30_2024.pdf,3,2024_October15November30_11_22-30_2024_p03.png
Kamuning,2024-11-26,18,2024-11-26 18:00,165,verified,11_22-30_2024.pdf,3,2024_October15November30_11_22-30_2024_p03.png
Kamuning,2024-11-26,19,2024-11-26 19:00,183,verified,11_22-30_2024.pdf,3,2024_October15November30_11_22-30_2024_p03.png
Kamuning,2024-11-26,20,2024-11-26 20:00,68,verified,11_22-30_2024.pdf,3,2024_October15November30_11_22-30_2024_p03.png
Kamuning,2024-11-26,21,2024-11-26 21:00,54,verified,11_22-30_2024.pdf,3,2024_October15November30_11_22-30_2024_p03.png
Kamuning,2024-11-26,22,2024-11-26 22:00,39,verified,11_22-30_2024.pdf,3,2024_October15November30_11_22-30_2024_p03.png
Kamuning,2024-11-26,23,2024-11-26 23:00,27,verified,11_22-30_2024.pdf,3,2024_October15November30_11_22-30_2024_p03.png
Kamuning,2024-11-26,0,2024-11-27 00:00,31,verified,11_22-30_2024.pdf,3,2024_October15November30_11_22-30_2024_p03.png
Kamuning,2024-11-26,1,2024-11-27 01:00,26,verified,11_22-30_2024.pdf,3,2024_October15November30_11_22-30_2024_p03.png
Kamuning,2024-11-26,2,2024-11-27 02:00,40,verified,11_22-30_2024.pdf,3,2024_October15November30_11_22-30_2024_p03.png
Kamuning,2024-11-26,3,2024-11-27 03:00,48,verified,11_22-30_2024.pdf,3,2024_October15November30_11_22-30_2024_p03.png
Kamuning,2024-11-26,4,2024-11-27 04:00,51,verified,11_22-30_2024.pdf,3,2024_October15November30_11_22-30_2024_p03.png
Kamuning,2024-11-26,5,2024-11-27 05:00,63,verified,11_22-30_2024.pdf,3,2024_October15November30_11_22-30_2024_p03.png
Kamuning,2024-11-27,6,2024-11-27 06:00,67,verified,11_22-30_2024.pdf,4,2024_October15November30_11_22-30_2024_p04.png
Kamuning,2024-11-27,7,2024-11-27 07:00,96,verified,11_22-30_2024.pdf,4,2024_October15November30_11_22-30_2024_p04.png
Kamuning,2024-11-27,8,2024-11-27 08:00,73,verified,11_22-30_2024.pdf,4,2024_October15November30_11_22-30_2024_p04.png
Kamuning,2024-11-27,9,2024-11-27 09:00,84,verified,11_22-30_2024.pdf,4,2024_October15November30_11_22-30_2024_p04.png
Kamuning,2024-11-27,10,2024-11-27 10:00,58,verified,11_22-30_2024.pdf,4,2024_October15November30_11_22-30_2024_p04.png
Kamuning,2024-11-27,11,2024-11-27 11:00,62,verified,11_22-30_2024.pdf,4,2024_October15November30_11_22-30_2024_p04.png
Kamuning,2024-11-27,12,2024-11-27 12:00,48,verified,11_22-30_2024.pdf,4,2024_October15November30_11_22-30_2024_p04.png
Kamuning,2024-11-27,13,2024-11-27 13:00,56,verified,11_22-30_2024.pdf,4,2024_October15November30_11_22-30_2024_p04.png
Kamuning,2024-11-27,14,2024-11-27 14:00,76,verified,11_22-30_2024.pdf,4,2024_October15November30_11_22-30_2024_p04.png
Kamuning,2024-11-27,15,2024-11-27 15:00,91,verified,11_22-30_2024.pdf,4,2024_October15November30_11_22-30_2024_p04.png
Kamuning,2024-11-27,16,2024-11-27 16:00,118,verified,11_22-30_2024.pdf,4,2024_October15November30_11_22-30_2024_p04.png
Kamuning,2024-11-27,17,2024-11-27 17:00,143,verified,11_22-30_2024.pdf,4,2024_October15November30_11_22-30_2024_p04.png
Kamuning,2024-11-27,18,2024-11-27 18:00,123,verified,11_22-30_2024.pdf,4,2024_October15November30_11_22-30_2024_p04.png
Kamuning,2024-11-27,19,2024-11-27 19:00,95,verified,11_22-30_2024.pdf,4,2024_October15November30_11_22-30_2024_p04.png
Kamuning,2024-11-27,20,2024-11-27 20:00,77,verified,11_22-30_2024.pdf,4,2024_October15November30_11_22-30_2024_p04.png
Kamuning,2024-11-27,21,2024-11-27 21:00,68,verified,11_22-30_2024.pdf,4,2024_October15November30_11_22-30_2024_p04.png
Kamuning,2024-11-27,22,2024-11-27 22:00,127,verified,11_22-30_2024.pdf,4,2024_October15November30_11_22-30_2024_p04.png
Kamuning,2024-11-27,23,2024-11-27 23:00,69,verified,11_22-30_2024.pdf,4,2024_October15November30_11_22-30_2024_p04.png
Kamuning,2024-11-27,0,2024-11-28 00:00,35,verified,11_22-30_2024.pdf,4,2024_October15November30_11_22-30_2024_p04.png
Kamuning,2024-11-27,1,2024-11-28 01:00,27,verified,11_22-30_2024.pdf,4,2024_October15November30_11_22-30_2024_p04.png
Kamuning,2024-11-27,2,2024-11-28 02:00,28,verified,11_22-30_2024.pdf,4,2024_October15November30_11_22-30_2024_p04.png
Kamuning,2024-11-27,3,2024-11-28 03:00,32,verified,11_22-30_2024.pdf,4,2024_October15November30_11_22-30_2024_p04.png
Kamuning,2024-11-27,4,2024-11-28 04:00,46,verified,11_22-30_2024.pdf,4,2024_October15November30_11_22-30_2024_p04.png
Kamuning,2024-11-27,5,2024-11-28 05:00,56,verified,11_22-30_2024.pdf,4,2024_October15November30_11_22-30_2024_p04.png
Kamuning,2024-11-28,6,2024-11-28 06:00,76,verified,11_22-30_2024.pdf,4,2024_October15November30_11_22-30_2024_p04.png
Kamuning,2024-11-28,7,2024-11-28 07:00,94,verified,11_22-30_2024.pdf,4,2024_October15November30_11_22-30_2024_p04.png
Kamuning,2024-11-28,8,2024-11-28 08:00,119,verified,11_22-30_2024.pdf,4,2024_October15November30_11_22-30_2024_p04.png
Kamuning,2024-11-28,9,2024-11-28 09:00,106,verified,11_22-30_2024.pdf,4,2024_October15November30_11_22-30_2024_p04.png
Kamuning,2024-11-28,10,2024-11-28 10:00,83,verified,11_22-30_2024.pdf,4,2024_October15November30_11_22-30_2024_p04.png
Kamuning,2024-11-28,11,2024-11-28 11:00,95,verified,11_22-30_2024.pdf,4,2024_October15November30_11_22-30_2024_p04.png
Kamuning,2024-11-28,12,2024-11-28 12:00,64,verified,11_22-30_2024.pdf,4,2024_October15November30_11_22-30_2024_p04.png
Kamuning,2024-11-28,13,2024-11-28 13:00,52,verified,11_22-30_2024.pdf,4,2024_October15November30_11_22-30_2024_p04.png
Kamuning,2024-11-28,14,2024-11-28 14:00,73,verified,11_22-30_2024.pdf,4,2024_October15November30_11_22-30_2024_p04.png
Kamuning,2024-11-28,15,2024-11-28 15:00,116,verified,11_22-30_2024.pdf,4,2024_October15November30_11_22-30_2024_p04.png
Kamuning,2024-11-28,16,2024-11-28 16:00,158,verified,11_22-30_2024.pdf,4,2024_October15November30_11_22-30_2024_p04.png
Kamuning,2024-11-28,17,2024-11-28 17:00,197,verified,11_22-30_2024.pdf,4,2024_October15November30_11_22-30_2024_p04.png
Kamuning,2024-11-28,18,2024-11-28 18:00,147,verified,11_22-30_2024.pdf,4,2024_October15November30_11_22-30_2024_p04.png
Kamuning,2024-11-28,19,2024-11-28 19:00,92,verified,11_22-30_2024.pdf,4,2024_October15November30_11_22-30_2024_p04.png
Kamuning,2024-11-28,20,2024-11-28 20:00,95,verified,11_22-30_2024.pdf,4,2024_October15November30_11_22-30_2024_p04.png
Kamuning,2024-11-28,21,2024-11-28 21:00,74,verified,11_22-30_2024.pdf,4,2024_October15November30_11_22-30_2024_p04.png
Kamuning,2024-11-28,22,2024-11-28 22:00,130,verified,11_22-30_2024.pdf,4,2024_October15November30_11_22-30_2024_p04.png
Kamuning,2024-11-28,23,2024-11-28 23:00,67,verified,11_22-30_2024.pdf,4,2024_October15November30_11_22-30_2024_p04.png
Kamuning,2024-11-28,0,2024-11-29 00:00,37,verified,11_22-30_2024.pdf,4,2024_October15November30_11_22-30_2024_p04.png
Kamuning,2024-11-28,1,2024-11-29 01:00,41,verified,11_22-30_2024.pdf,4,2024_October15November30_11_22-30_2024_p04.png
Kamuning,2024-11-28,2,2024-11-29 02:00,36,verified,11_22-30_2024.pdf,4,2024_October15November30_11_22-30_2024_p04.png
Kamuning,2024-11-28,3,2024-11-29 03:00,27,verified,11_22-30_2024.pdf,4,2024_October15November30_11_22-30_2024_p04.png
Kamuning,2024-11-28,4,2024-11-29 04:00,21,verified,11_22-30_2024.pdf,4,2024_October15November30_11_22-30_2024_p04.png
Kamuning,2024-11-28,5,2024-11-29 05:00,39,verified,11_22-30_2024.pdf,4,2024_October15November30_11_22-30_2024_p04.png
Kamuning,2024-11-29,6,2024-11-29 06:00,79,verified,11_22-30_2024.pdf,5,2024_October15November30_11_22-30_2024_p05.png
Kamuning,2024-11-29,7,2024-11-29 07:00,92,verified,11_22-30_2024.pdf,5,2024_October15November30_11_22-30_2024_p05.png
Kamuning,2024-11-29,8,2024-11-29 08:00,108,verified,11_22-30_2024.pdf,5,2024_October15November30_11_22-30_2024_p05.png
Kamuning,2024-11-29,9,2024-11-29 09:00,76,verified,11_22-30_2024.pdf,5,2024_October15November30_11_22-30_2024_p05.png
Kamuning,2024-11-29,10,2024-11-29 10:00,94,verified,11_22-30_2024.pdf,5,2024_October15November30_11_22-30_2024_p05.png
Kamuning,2024-11-29,11,2024-11-29 11:00,78,verified,11_22-30_2024.pdf,5,2024_October15November30_11_22-30_2024_p05.png
Kamuning,2024-11-29,12,2024-11-29 12:00,69,verified,11_22-30_2024.pdf,5,2024_October15November30_11_22-30_2024_p05.png
Kamuning,2024-11-29,13,2024-11-29 13:00,50,verified,11_22-30_2024.pdf,5,2024_October15November30_11_22-30_2024_p05.png
Kamuning,2024-11-29,14,2024-11-29 14:00,109,verified,11_22-30_2024.pdf,5,2024_October15November30_11_22-30_2024_p05.png
Kamuning,2024-11-29,15,2024-11-29 15:00,116,verified,11_22-30_2024.pdf,5,2024_October15November30_11_22-30_2024_p05.png
Kamuning,2024-11-29,16,2024-11-29 16:00,134,verified,11_22-30_2024.pdf,5,2024_October15November30_11_22-30_2024_p05.png
Kamuning,2024-11-29,17,2024-11-29 17:00,154,verified,11_22-30_2024.pdf,5,2024_October15November30_11_22-30_2024_p05.png
Kamuning,2024-11-29,18,2024-11-29 18:00,174,verified,11_22-30_2024.pdf,5,2024_October15November30_11_22-30_2024_p05.png
Kamuning,2024-11-29,19,2024-11-29 19:00,128,verified,11_22-30_2024.pdf,5,2024_October15November30_11_22-30_2024_p05.png
Kamuning,2024-11-29,20,2024-11-29 20:00,89,verified,11_22-30_2024.pdf,5,2024_October15November30_11_22-30_2024_p05.png
Kamuning,2024-11-29,21,2024-11-29 21:00,83,verified,11_22-30_2024.pdf,5,2024_October15November30_11_22-30_2024_p05.png
Kamuning,2024-11-29,22,2024-11-29 22:00,149,verified,11_22-30_2024.pdf,5,2024_October15November30_11_22-30_2024_p05.png
Kamuning,2024-11-29,23,2024-11-29 23:00,53,verified,11_22-30_2024.pdf,5,2024_October15November30_11_22-30_2024_p05.png
Kamuning,2024-11-29,0,2024-11-30 00:00,37,verified,11_22-30_2024.pdf,5,2024_October15November30_11_22-30_2024_p05.png
Kamuning,2024-11-29,1,2024-11-30 01:00,39,verified,11_22-30_2024.pdf,5,2024_October15November30_11_22-30_2024_p05.png
Kamuning,2024-11-29,2,2024-11-30 02:00,28,verified,11_22-30_2024.pdf,5,2024_October15November30_11_22-30_2024_p05.png
Kamuning,2024-11-29,3,2024-11-30 03:00,28,verified,11_22-30_2024.pdf,5,2024_October15November30_11_22-30_2024_p05.png
Kamuning,2024-11-29,4,2024-11-30 04:00,26,verified,11_22-30_2024.pdf,5,2024_October15November30_11_22-30_2024_p05.png
Kamuning,2024-11-29,5,2024-11-30 05:00,38,verified,11_22-30_2024.pdf,5,2024_October15November30_11_22-30_2024_p05.png
Kamuning,2024-11-30,6,2024-11-30 06:00,85,mismatch,11_22-30_2024.pdf,5,2024_October15November30_11_22-30_2024_p05.png
Kamuning,2024-11-30,7,2024-11-30 07:00,94,mismatch,11_22-30_2024.pdf,5,2024_October15November30_11_22-30_2024_p05.png
Kamuning,2024-11-30,8,2024-11-30 08:00,68,mismatch,11_22-30_2024.pdf,5,2024_October15November30_11_22-30_2024_p05.png
Kamuning,2024-11-30,9,2024-11-30 09:00,80,mismatch,11_22-30_2024.pdf,5,2024_October15November30_11_22-30_2024_p05.png
Kamuning,2024-11-30,10,2024-11-30 10:00,56,mismatch,11_22-30_2024.pdf,5,2024_October15November30_11_22-30_2024_p05.png
Kamuning,2024-11-30,11,2024-11-30 11:00,62,mismatch,11_22-30_2024.pdf,5,2024_October15November30_11_22-30_2024_p05.png
Kamuning,2024-11-30,12,2024-11-30 12:00,43,mismatch,11_22-30_2024.pdf,5,2024_October15November30_11_22-30_2024_p05.png
Kamuning,2024-11-30,13,2024-11-30 13:00,56,mismatch,11_22-30_2024.pdf,5,2024_October15November30_11_22-30_2024_p05.png
Kamuning,2024-11-30,14,2024-11-30 14:00,56,mismatch,11_22-30_2024.pdf,5,2024_October15November30_11_22-30_2024_p05.png
Kamuning,2024-11-30,15,2024-11-30 15:00,94,mismatch,11_22-30_2024.pdf,5,2024_October15November30_11_22-30_2024_p05.png
Kamuning,2024-11-30,16,2024-11-30 16:00,81,mismatch,11_22-30_2024.pdf,5,2024_October15November30_11_22-30_2024_p05.png
Kamuning,2024-11-30,17,2024-11-30 17:00,69,mismatch,11_22-30_2024.pdf,5,2024_October15November30_11_22-30_2024_p05.png
Kamuning,2024-11-30,18,2024-11-30 18:00,64,mismatch,11_22-30_2024.pdf,5,2024_October15November30_11_22-30_2024_p05.png
Kamuning,2024-11-30,19,2024-11-30 19:00,62,mismatch,11_22-30_2024.pdf,5,2024_October15November30_11_22-30_2024_p05.png
Kamuning,2024-11-30,20,2024-11-30 20:00,57,mismatch,11_22-30_2024.pdf,5,2024_October15November30_11_22-30_2024_p05.png
Kamuning,2024-11-30,21,2024-11-30 21:00,47,mismatch,11_22-30_2024.pdf,5,2024_October15November30_11_22-30_2024_p05.png
Kamuning,2024-11-30,22,2024-11-30 22:00,156,mismatch,11_22-30_2024.pdf,5,2024_October15November30_11_22-30_2024_p05.png
Kamuning,2024-11-30,23,2024-11-30 23:00,58,mismatch,11_22-30_2024.pdf,5,2024_October15November30_11_22-30_2024_p05.png
Kamuning,2024-11-30,0,2024-12-01 00:00,40,mismatch,11_22-30_2024.pdf,5,2024_October15November30_11_22-30_2024_p05.png
Kamuning,2024-11-30,1,2024-12-01 01:00,37,mismatch,11_22-30_2024.pdf,5,2024_October15November30_11_22-30_2024_p05.png
Kamuning,2024-11-30,2,2024-12-01 02:00,29,mismatch,11_22-30_2024.pdf,5,2024_October15November30_11_22-30_2024_p05.png
Kamuning,2024-11-30,3,2024-12-01 03:00,25,mismatch,11_22-30_2024.pdf,5,2024_October15November30_11_22-30_2024_p05.png
Kamuning,2024-11-30,4,2024-12-01 04:00,31,mismatch,11_22-30_2024.pdf,5,2024_October15November30_11_22-30_2024_p05.png
Kamuning,2024-11-30,5,2024-12-01 05:00,43,mismatch,11_22-30_2024.pdf,5,2024_October15November30_11_22-30_2024_p05.png
Kamuning,2024-12-01,6,2024-12-01 06:00,62,verified,120124-120724.pdf,1,2024_December1January14_120124-120724_p01.png
Kamuning,2024-12-01,7,2024-12-01 07:00,56,verified,120124-120724.pdf,1,2024_December1January14_120124-120724_p01.png
Kamuning,2024-12-01,8,2024-12-01 08:00,37,verified,120124-120724.pdf,1,2024_December1January14_120124-120724_p01.png
Kamuning,2024-12-01,9,2024-12-01 09:00,38,verified,120124-120724.pdf,1,2024_December1January14_120124-120724_p01.png
Kamuning,2024-12-01,10,2024-12-01 10:00,42,verified,120124-120724.pdf,1,2024_December1January14_120124-120724_p01.png
Kamuning,2024-12-01,11,2024-12-01 11:00,38,verified,120124-120724.pdf,1,2024_December1January14_120124-120724_p01.png
Kamuning,2024-12-01,12,2024-12-01 12:00,48,verified,120124-120724.pdf,1,2024_December1January14_120124-120724_p01.png
Kamuning,2024-12-01,13,2024-12-01 13:00,31,verified,120124-120724.pdf,1,2024_December1January14_120124-120724_p01.png
Kamuning,2024-12-01,14,2024-12-01 14:00,58,verified,120124-120724.pdf,1,2024_December1January14_120124-120724_p01.png
Kamuning,2024-12-01,15,2024-12-01 15:00,59,verified,120124-120724.pdf,1,2024_December1January14_120124-120724_p01.png
Kamuning,2024-12-01,16,2024-12-01 16:00,41,verified,120124-120724.pdf,1,2024_December1January14_120124-120724_p01.png
Kamuning,2024-12-01,17,2024-12-01 17:00,48,verified,120124-120724.pdf,1,2024_December1January14_120124-120724_p01.png
Kamuning,2024-12-01,18,2024-12-01 18:00,36,verified,120124-120724.pdf,1,2024_December1January14_120124-120724_p01.png
Kamuning,2024-12-01,19,2024-12-01 19:00,37,verified,120124-120724.pdf,1,2024_December1January14_120124-120724_p01.png
Kamuning,2024-12-01,20,2024-12-01 20:00,41,verified,120124-120724.pdf,1,2024_December1January14_120124-120724_p01.png
Kamuning,2024-12-01,21,2024-12-01 21:00,38,verified,120124-120724.pdf,1,2024_December1January14_120124-120724_p01.png
Kamuning,2024-12-01,22,2024-12-01 22:00,189,verified,120124-120724.pdf,1,2024_December1January14_120124-120724_p01.png
Kamuning,2024-12-01,23,2024-12-01 23:00,51,verified,120124-120724.pdf,1,2024_December1January14_120124-120724_p01.png
Kamuning,2024-12-01,0,2024-12-02 00:00,41,verified,120124-120724.pdf,1,2024_December1January14_120124-120724_p01.png
Kamuning,2024-12-01,1,2024-12-02 01:00,22,verified,120124-120724.pdf,1,2024_December1January14_120124-120724_p01.png
Kamuning,2024-12-01,2,2024-12-02 02:00,53,verified,120124-120724.pdf,1,2024_December1January14_120124-120724_p01.png
Kamuning,2024-12-01,3,2024-12-02 03:00,43,verified,120124-120724.pdf,1,2024_December1January14_120124-120724_p01.png
Kamuning,2024-12-01,4,2024-12-02 04:00,133,verified,120124-120724.pdf,1,2024_December1January14_120124-120724_p01.png
Kamuning,2024-12-01,5,2024-12-02 05:00,127,verified,120124-120724.pdf,1,2024_December1January14_120124-120724_p01.png
Kamuning,2024-12-02,6,2024-12-02 06:00,124,verified,120124-120724.pdf,2,2024_December1January14_120124-120724_p02.png
Kamuning,2024-12-02,7,2024-12-02 07:00,139,verified,120124-120724.pdf,2,2024_December1January14_120124-120724_p02.png
Kamuning,2024-12-02,8,2024-12-02 08:00,115,verified,120124-120724.pdf,2,2024_December1January14_120124-120724_p02.png
Kamuning,2024-12-02,9,2024-12-02 09:00,73,verified,120124-120724.pdf,2,2024_December1January14_120124-120724_p02.png
Kamuning,2024-12-02,10,2024-12-02 10:00,78,verified,120124-120724.pdf,2,2024_December1January14_120124-120724_p02.png
Kamuning,2024-12-02,11,2024-12-02 11:00,74,verified,120124-120724.pdf,2,2024_December1January14_120124-120724_p02.png
Kamuning,2024-12-02,12,2024-12-02 12:00,61,verified,120124-120724.pdf,2,2024_December1January14_120124-120724_p02.png
Kamuning,2024-12-02,13,2024-12-02 13:00,63,verified,120124-120724.pdf,2,2024_December1January14_120124-120724_p02.png
Kamuning,2024-12-02,14,2024-12-02 14:00,61,verified,120124-120724.pdf,2,2024_December1January14_120124-120724_p02.png
Kamuning,2024-12-02,15,2024-12-02 15:00,173,verified,120124-120724.pdf,2,2024_December1January14_120124-120724_p02.png
Kamuning,2024-12-02,16,2024-12-02 16:00,138,verified,120124-120724.pdf,2,2024_December1January14_120124-120724_p02.png
Kamuning,2024-12-02,17,2024-12-02 17:00,206,verified,120124-120724.pdf,2,2024_December1January14_120124-120724_p02.png
Kamuning,2024-12-02,18,2024-12-02 18:00,133,verified,120124-120724.pdf,2,2024_December1January14_120124-120724_p02.png
Kamuning,2024-12-02,19,2024-12-02 19:00,129,verified,120124-120724.pdf,2,2024_December1January14_120124-120724_p02.png
Kamuning,2024-12-02,20,2024-12-02 20:00,59,verified,120124-120724.pdf,2,2024_December1January14_120124-120724_p02.png
Kamuning,2024-12-02,21,2024-12-02 21:00,110,verified,120124-120724.pdf,2,2024_December1January14_120124-120724_p02.png
Kamuning,2024-12-02,22,2024-12-02 22:00,117,verified,120124-120724.pdf,2,2024_December1January14_120124-120724_p02.png
Kamuning,2024-12-02,23,2024-12-02 23:00,49,verified,120124-120724.pdf,2,2024_December1January14_120124-120724_p02.png
Kamuning,2024-12-02,0,2024-12-03 00:00,44,verified,120124-120724.pdf,2,2024_December1January14_120124-120724_p02.png
Kamuning,2024-12-02,1,2024-12-03 01:00,21,verified,120124-120724.pdf,2,2024_December1January14_120124-120724_p02.png
Kamuning,2024-12-02,2,2024-12-03 02:00,39,verified,120124-120724.pdf,2,2024_December1January14_120124-120724_p02.png
Kamuning,2024-12-02,3,2024-12-03 03:00,22,verified,120124-120724.pdf,2,2024_December1January14_120124-120724_p02.png
Kamuning,2024-12-02,4,2024-12-03 04:00,52,verified,120124-120724.pdf,2,2024_December1January14_120124-120724_p02.png
Kamuning,2024-12-02,5,2024-12-03 05:00,62,verified,120124-120724.pdf,2,2024_December1January14_120124-120724_p02.png
Kamuning,2024-12-03,6,2024-12-03 06:00,104,verified,120124-120724.pdf,2,2024_December1January14_120124-120724_p02.png
Kamuning,2024-12-03,7,2024-12-03 07:00,118,verified,120124-120724.pdf,2,2024_December1January14_120124-120724_p02.png
Kamuning,2024-12-03,8,2024-12-03 08:00,92,verified,120124-120724.pdf,2,2024_December1January14_120124-120724_p02.png
Kamuning,2024-12-03,9,2024-12-03 09:00,76,verified,120124-120724.pdf,2,2024_December1January14_120124-120724_p02.png
Kamuning,2024-12-03,10,2024-12-03 10:00,79,verified,120124-120724.pdf,2,2024_December1January14_120124-120724_p02.png
Kamuning,2024-12-03,11,2024-12-03 11:00,53,verified,120124-120724.pdf,2,2024_December1January14_120124-120724_p02.png
Kamuning,2024-12-03,12,2024-12-03 12:00,66,verified,120124-120724.pdf,2,2024_December1January14_120124-120724_p02.png
Kamuning,2024-12-03,13,2024-12-03 13:00,70,verified,120124-120724.pdf,2,2024_December1January14_120124-120724_p02.png
Kamuning,2024-12-03,14,2024-12-03 14:00,58,verified,120124-120724.pdf,2,2024_December1January14_120124-120724_p02.png
Kamuning,2024-12-03,15,2024-12-03 15:00,172,verified,120124-120724.pdf,2,2024_December1January14_120124-120724_p02.png
Kamuning,2024-12-03,16,2024-12-03 16:00,149,verified,120124-120724.pdf,2,2024_December1January14_120124-120724_p02.png
Kamuning,2024-12-03,17,2024-12-03 17:00,192,verified,120124-120724.pdf,2,2024_December1January14_120124-120724_p02.png
Kamuning,2024-12-03,18,2024-12-03 18:00,128,verified,120124-120724.pdf,2,2024_December1January14_120124-120724_p02.png
Kamuning,2024-12-03,19,2024-12-03 19:00,216,verified,120124-120724.pdf,2,2024_December1January14_120124-120724_p02.png
Kamuning,2024-12-03,20,2024-12-03 20:00,61,verified,120124-120724.pdf,2,2024_December1January14_120124-120724_p02.png
Kamuning,2024-12-03,21,2024-12-03 21:00,112,verified,120124-120724.pdf,2,2024_December1January14_120124-120724_p02.png
Kamuning,2024-12-03,22,2024-12-03 22:00,175,verified,120124-120724.pdf,2,2024_December1January14_120124-120724_p02.png
Kamuning,2024-12-03,23,2024-12-03 23:00,72,verified,120124-120724.pdf,2,2024_December1January14_120124-120724_p02.png
Kamuning,2024-12-03,0,2024-12-04 00:00,26,verified,120124-120724.pdf,2,2024_December1January14_120124-120724_p02.png
Kamuning,2024-12-03,1,2024-12-04 01:00,22,verified,120124-120724.pdf,2,2024_December1January14_120124-120724_p02.png
Kamuning,2024-12-03,2,2024-12-04 02:00,27,verified,120124-120724.pdf,2,2024_December1January14_120124-120724_p02.png
Kamuning,2024-12-03,3,2024-12-04 03:00,33,verified,120124-120724.pdf,2,2024_December1January14_120124-120724_p02.png
Kamuning,2024-12-03,4,2024-12-04 04:00,69,verified,120124-120724.pdf,2,2024_December1January14_120124-120724_p02.png
Kamuning,2024-12-03,5,2024-12-04 05:00,136,verified,120124-120724.pdf,2,2024_December1January14_120124-120724_p02.png
Kamuning,2024-12-04,6,2024-12-04 06:00,122,verified,120124-120724.pdf,3,2024_December1January14_120124-120724_p03.png
Kamuning,2024-12-04,7,2024-12-04 07:00,98,verified,120124-120724.pdf,3,2024_December1January14_120124-120724_p03.png
Kamuning,2024-12-04,8,2024-12-04 08:00,138,verified,120124-120724.pdf,3,2024_December1January14_120124-120724_p03.png
Kamuning,2024-12-04,9,2024-12-04 09:00,91,verified,120124-120724.pdf,3,2024_December1January14_120124-120724_p03.png
Kamuning,2024-12-04,10,2024-12-04 10:00,51,verified,120124-120724.pdf,3,2024_December1January14_120124-120724_p03.png
Kamuning,2024-12-04,11,2024-12-04 11:00,76,verified,120124-120724.pdf,3,2024_December1January14_120124-120724_p03.png
Kamuning,2024-12-04,12,2024-12-04 12:00,59,verified,120124-120724.pdf,3,2024_December1January14_120124-120724_p03.png
Kamuning,2024-12-04,13,2024-12-04 13:00,84,verified,120124-120724.pdf,3,2024_December1January14_120124-120724_p03.png
Kamuning,2024-12-04,14,2024-12-04 14:00,115,verified,120124-120724.pdf,3,2024_December1January14_120124-120724_p03.png
Kamuning,2024-12-04,15,2024-12-04 15:00,139,verified,120124-120724.pdf,3,2024_December1January14_120124-120724_p03.png
Kamuning,2024-12-04,16,2024-12-04 16:00,186,verified,120124-120724.pdf,3,2024_December1January14_120124-120724_p03.png
Kamuning,2024-12-04,17,2024-12-04 17:00,196,verified,120124-120724.pdf,3,2024_December1January14_120124-120724_p03.png
Kamuning,2024-12-04,18,2024-12-04 18:00,237,verified,120124-120724.pdf,3,2024_December1January14_120124-120724_p03.png
Kamuning,2024-12-04,19,2024-12-04 19:00,154,verified,120124-120724.pdf,3,2024_December1January14_120124-120724_p03.png
Kamuning,2024-12-04,20,2024-12-04 20:00,81,verified,120124-120724.pdf,3,2024_December1January14_120124-120724_p03.png
Kamuning,2024-12-04,21,2024-12-04 21:00,139,verified,120124-120724.pdf,3,2024_December1January14_120124-120724_p03.png
Kamuning,2024-12-04,22,2024-12-04 22:00,169,verified,120124-120724.pdf,3,2024_December1January14_120124-120724_p03.png
Kamuning,2024-12-04,23,2024-12-04 23:00,49,verified,120124-120724.pdf,3,2024_December1January14_120124-120724_p03.png
Kamuning,2024-12-04,0,2024-12-05 00:00,11,verified,120124-120724.pdf,3,2024_December1January14_120124-120724_p03.png
Kamuning,2024-12-04,1,2024-12-05 01:00,12,verified,120124-120724.pdf,3,2024_December1January14_120124-120724_p03.png
Kamuning,2024-12-04,2,2024-12-05 02:00,10,verified,120124-120724.pdf,3,2024_December1January14_120124-120724_p03.png
Kamuning,2024-12-04,3,2024-12-05 03:00,14,verified,120124-120724.pdf,3,2024_December1January14_120124-120724_p03.png
Kamuning,2024-12-04,4,2024-12-05 04:00,47,verified,120124-120724.pdf,3,2024_December1January14_120124-120724_p03.png
Kamuning,2024-12-04,5,2024-12-05 05:00,38,verified,120124-120724.pdf,3,2024_December1January14_120124-120724_p03.png
Kamuning,2024-12-05,6,2024-12-05 06:00,88,verified,120124-120724.pdf,3,2024_December1January14_120124-120724_p03.png
Kamuning,2024-12-05,7,2024-12-05 07:00,114,verified,120124-120724.pdf,3,2024_December1January14_120124-120724_p03.png
Kamuning,2024-12-05,8,2024-12-05 08:00,96,verified,120124-120724.pdf,3,2024_December1January14_120124-120724_p03.png
Kamuning,2024-12-05,9,2024-12-05 09:00,70,verified,120124-120724.pdf,3,2024_December1January14_120124-120724_p03.png
Kamuning,2024-12-05,10,2024-12-05 10:00,77,verified,120124-120724.pdf,3,2024_December1January14_120124-120724_p03.png
Kamuning,2024-12-05,11,2024-12-05 11:00,83,verified,120124-120724.pdf,3,2024_December1January14_120124-120724_p03.png
Kamuning,2024-12-05,12,2024-12-05 12:00,65,verified,120124-120724.pdf,3,2024_December1January14_120124-120724_p03.png
Kamuning,2024-12-05,13,2024-12-05 13:00,68,verified,120124-120724.pdf,3,2024_December1January14_120124-120724_p03.png
Kamuning,2024-12-05,14,2024-12-05 14:00,81,verified,120124-120724.pdf,3,2024_December1January14_120124-120724_p03.png
Kamuning,2024-12-05,15,2024-12-05 15:00,117,verified,120124-120724.pdf,3,2024_December1January14_120124-120724_p03.png
Kamuning,2024-12-05,16,2024-12-05 16:00,140,verified,120124-120724.pdf,3,2024_December1January14_120124-120724_p03.png
Kamuning,2024-12-05,17,2024-12-05 17:00,149,verified,120124-120724.pdf,3,2024_December1January14_120124-120724_p03.png
Kamuning,2024-12-05,18,2024-12-05 18:00,132,verified,120124-120724.pdf,3,2024_December1January14_120124-120724_p03.png
Kamuning,2024-12-05,19,2024-12-05 19:00,148,verified,120124-120724.pdf,3,2024_December1January14_120124-120724_p03.png
Kamuning,2024-12-05,20,2024-12-05 20:00,119,verified,120124-120724.pdf,3,2024_December1January14_120124-120724_p03.png
Kamuning,2024-12-05,21,2024-12-05 21:00,84,verified,120124-120724.pdf,3,2024_December1January14_120124-120724_p03.png
Kamuning,2024-12-05,22,2024-12-05 22:00,169,verified,120124-120724.pdf,3,2024_December1January14_120124-120724_p03.png
Kamuning,2024-12-05,23,2024-12-05 23:00,40,verified,120124-120724.pdf,3,2024_December1January14_120124-120724_p03.png
Kamuning,2024-12-05,0,2024-12-06 00:00,52,verified,120124-120724.pdf,3,2024_December1January14_120124-120724_p03.png
Kamuning,2024-12-05,1,2024-12-06 01:00,27,verified,120124-120724.pdf,3,2024_December1January14_120124-120724_p03.png
Kamuning,2024-12-05,2,2024-12-06 02:00,48,verified,120124-120724.pdf,3,2024_December1January14_120124-120724_p03.png
Kamuning,2024-12-05,3,2024-12-06 03:00,23,verified,120124-120724.pdf,3,2024_December1January14_120124-120724_p03.png
Kamuning,2024-12-05,4,2024-12-06 04:00,51,verified,120124-120724.pdf,3,2024_December1January14_120124-120724_p03.png
Kamuning,2024-12-05,5,2024-12-06 05:00,47,verified,120124-120724.pdf,3,2024_December1January14_120124-120724_p03.png
Kamuning,2024-12-06,6,2024-12-06 06:00,125,verified,120124-120724.pdf,4,2024_December1January14_120124-120724_p04.png
Kamuning,2024-12-06,7,2024-12-06 07:00,128,verified,120124-120724.pdf,4,2024_December1January14_120124-120724_p04.png
Kamuning,2024-12-06,8,2024-12-06 08:00,98,verified,120124-120724.pdf,4,2024_December1January14_120124-120724_p04.png
Kamuning,2024-12-06,9,2024-12-06 09:00,79,verified,120124-120724.pdf,4,2024_December1January14_120124-120724_p04.png
Kamuning,2024-12-06,10,2024-12-06 10:00,86,verified,120124-120724.pdf,4,2024_December1January14_120124-120724_p04.png
Kamuning,2024-12-06,11,2024-12-06 11:00,88,verified,120124-120724.pdf,4,2024_December1January14_120124-120724_p04.png
Kamuning,2024-12-06,12,2024-12-06 12:00,97,verified,120124-120724.pdf,4,2024_December1January14_120124-120724_p04.png
Kamuning,2024-12-06,13,2024-12-06 13:00,87,verified,120124-120724.pdf,4,2024_December1January14_120124-120724_p04.png
Kamuning,2024-12-06,14,2024-12-06 14:00,70,verified,120124-120724.pdf,4,2024_December1January14_120124-120724_p04.png
Kamuning,2024-12-06,15,2024-12-06 15:00,95,verified,120124-120724.pdf,4,2024_December1January14_120124-120724_p04.png
Kamuning,2024-12-06,16,2024-12-06 16:00,183,verified,120124-120724.pdf,4,2024_December1January14_120124-120724_p04.png
Kamuning,2024-12-06,17,2024-12-06 17:00,201,verified,120124-120724.pdf,4,2024_December1January14_120124-120724_p04.png
Kamuning,2024-12-06,18,2024-12-06 18:00,178,verified,120124-120724.pdf,4,2024_December1January14_120124-120724_p04.png
Kamuning,2024-12-06,19,2024-12-06 19:00,177,verified,120124-120724.pdf,4,2024_December1January14_120124-120724_p04.png
Kamuning,2024-12-06,20,2024-12-06 20:00,83,verified,120124-120724.pdf,4,2024_December1January14_120124-120724_p04.png
Kamuning,2024-12-06,21,2024-12-06 21:00,112,verified,120124-120724.pdf,4,2024_December1January14_120124-120724_p04.png
Kamuning,2024-12-06,22,2024-12-06 22:00,129,verified,120124-120724.pdf,4,2024_December1January14_120124-120724_p04.png
Kamuning,2024-12-06,23,2024-12-06 23:00,68,verified,120124-120724.pdf,4,2024_December1January14_120124-120724_p04.png
Kamuning,2024-12-06,0,2024-12-07 00:00,26,verified,120124-120724.pdf,4,2024_December1January14_120124-120724_p04.png
Kamuning,2024-12-06,1,2024-12-07 01:00,27,verified,120124-120724.pdf,4,2024_December1January14_120124-120724_p04.png
Kamuning,2024-12-06,2,2024-12-07 02:00,19,verified,120124-120724.pdf,4,2024_December1January14_120124-120724_p04.png
Kamuning,2024-12-06,3,2024-12-07 03:00,29,verified,120124-120724.pdf,4,2024_December1January14_120124-120724_p04.png
Kamuning,2024-12-06,4,2024-12-07 04:00,109,verified,120124-120724.pdf,4,2024_December1January14_120124-120724_p04.png
Kamuning,2024-12-06,5,2024-12-07 05:00,138,verified,120124-120724.pdf,4,2024_December1January14_120124-120724_p04.png
Kamuning,2024-12-07,6,2024-12-07 06:00,86,verified,120124-120724.pdf,4,2024_December1January14_120124-120724_p04.png
Kamuning,2024-12-07,7,2024-12-07 07:00,74,verified,120124-120724.pdf,4,2024_December1January14_120124-120724_p04.png
Kamuning,2024-12-07,8,2024-12-07 08:00,80,verified,120124-120724.pdf,4,2024_December1January14_120124-120724_p04.png
Kamuning,2024-12-07,9,2024-12-07 09:00,73,verified,120124-120724.pdf,4,2024_December1January14_120124-120724_p04.png
Kamuning,2024-12-07,10,2024-12-07 10:00,63,verified,120124-120724.pdf,4,2024_December1January14_120124-120724_p04.png
Kamuning,2024-12-07,11,2024-12-07 11:00,59,verified,120124-120724.pdf,4,2024_December1January14_120124-120724_p04.png
Kamuning,2024-12-07,12,2024-12-07 12:00,44,verified,120124-120724.pdf,4,2024_December1January14_120124-120724_p04.png
Kamuning,2024-12-07,13,2024-12-07 13:00,42,verified,120124-120724.pdf,4,2024_December1January14_120124-120724_p04.png
Kamuning,2024-12-07,14,2024-12-07 14:00,76,verified,120124-120724.pdf,4,2024_December1January14_120124-120724_p04.png
Kamuning,2024-12-07,15,2024-12-07 15:00,101,verified,120124-120724.pdf,4,2024_December1January14_120124-120724_p04.png
Kamuning,2024-12-07,16,2024-12-07 16:00,121,verified,120124-120724.pdf,4,2024_December1January14_120124-120724_p04.png
Kamuning,2024-12-07,17,2024-12-07 17:00,70,verified,120124-120724.pdf,4,2024_December1January14_120124-120724_p04.png
Kamuning,2024-12-07,18,2024-12-07 18:00,51,verified,120124-120724.pdf,4,2024_December1January14_120124-120724_p04.png
Kamuning,2024-12-07,19,2024-12-07 19:00,62,verified,120124-120724.pdf,4,2024_December1January14_120124-120724_p04.png
Kamuning,2024-12-07,20,2024-12-07 20:00,55,verified,120124-120724.pdf,4,2024_December1January14_120124-120724_p04.png
Kamuning,2024-12-07,21,2024-12-07 21:00,73,verified,120124-120724.pdf,4,2024_December1January14_120124-120724_p04.png
Kamuning,2024-12-07,22,2024-12-07 22:00,123,verified,120124-120724.pdf,4,2024_December1January14_120124-120724_p04.png
Kamuning,2024-12-07,23,2024-12-07 23:00,84,verified,120124-120724.pdf,4,2024_December1January14_120124-120724_p04.png
Kamuning,2024-12-07,0,2024-12-08 00:00,47,verified,120124-120724.pdf,4,2024_December1January14_120124-120724_p04.png
Kamuning,2024-12-07,1,2024-12-08 01:00,24,verified,120124-120724.pdf,4,2024_December1January14_120124-120724_p04.png
Kamuning,2024-12-07,2,2024-12-08 02:00,44,verified,120124-120724.pdf,4,2024_December1January14_120124-120724_p04.png
Kamuning,2024-12-07,3,2024-12-08 03:00,26,verified,120124-120724.pdf,4,2024_December1January14_120124-120724_p04.png
Kamuning,2024-12-07,4,2024-12-08 04:00,30,verified,120124-120724.pdf,4,2024_December1January14_120124-120724_p04.png
Kamuning,2024-12-07,5,2024-12-08 05:00,43,verified,120124-120724.pdf,4,2024_December1January14_120124-120724_p04.png
Kamuning,2024-12-08,6,2024-12-08 06:00,36,verified,120824-121424.pdf,1,2024_December1January14_120824-121424_p01.png
Kamuning,2024-12-08,7,2024-12-08 07:00,41,verified,120824-121424.pdf,1,2024_December1January14_120824-121424_p01.png
Kamuning,2024-12-08,8,2024-12-08 08:00,52,verified,120824-121424.pdf,1,2024_December1January14_120824-121424_p01.png
Kamuning,2024-12-08,9,2024-12-08 09:00,43,verified,120824-121424.pdf,1,2024_December1January14_120824-121424_p01.png
Kamuning,2024-12-08,10,2024-12-08 10:00,47,verified,120824-121424.pdf,1,2024_December1January14_120824-121424_p01.png
Kamuning,2024-12-08,11,2024-12-08 11:00,51,verified,120824-121424.pdf,1,2024_December1January14_120824-121424_p01.png
Kamuning,2024-12-08,12,2024-12-08 12:00,42,verified,120824-121424.pdf,1,2024_December1January14_120824-121424_p01.png
Kamuning,2024-12-08,13,2024-12-08 13:00,43,verified,120824-121424.pdf,1,2024_December1January14_120824-121424_p01.png
Kamuning,2024-12-08,14,2024-12-08 14:00,56,verified,120824-121424.pdf,1,2024_December1January14_120824-121424_p01.png
Kamuning,2024-12-08,15,2024-12-08 15:00,65,verified,120824-121424.pdf,1,2024_December1January14_120824-121424_p01.png
Kamuning,2024-12-08,16,2024-12-08 16:00,52,verified,120824-121424.pdf,1,2024_December1January14_120824-121424_p01.png
Kamuning,2024-12-08,17,2024-12-08 17:00,59,verified,120824-121424.pdf,1,2024_December1January14_120824-121424_p01.png
Kamuning,2024-12-08,18,2024-12-08 18:00,68,verified,120824-121424.pdf,1,2024_December1January14_120824-121424_p01.png
Kamuning,2024-12-08,19,2024-12-08 19:00,57,verified,120824-121424.pdf,1,2024_December1January14_120824-121424_p01.png
Kamuning,2024-12-08,20,2024-12-08 20:00,42,verified,120824-121424.pdf,1,2024_December1January14_120824-121424_p01.png
Kamuning,2024-12-08,21,2024-12-08 21:00,72,verified,120824-121424.pdf,1,2024_December1January14_120824-121424_p01.png
Kamuning,2024-12-08,22,2024-12-08 22:00,125,verified,120824-121424.pdf,1,2024_December1January14_120824-121424_p01.png
Kamuning,2024-12-08,23,2024-12-08 23:00,36,verified,120824-121424.pdf,1,2024_December1January14_120824-121424_p01.png
Kamuning,2024-12-08,0,2024-12-09 00:00,23,verified,120824-121424.pdf,1,2024_December1January14_120824-121424_p01.png
Kamuning,2024-12-08,1,2024-12-09 01:00,13,verified,120824-121424.pdf,1,2024_December1January14_120824-121424_p01.png
Kamuning,2024-12-08,2,2024-12-09 02:00,16,verified,120824-121424.pdf,1,2024_December1January14_120824-121424_p01.png
Kamuning,2024-12-08,3,2024-12-09 03:00,29,verified,120824-121424.pdf,1,2024_December1January14_120824-121424_p01.png
Kamuning,2024-12-08,4,2024-12-09 04:00,116,verified,120824-121424.pdf,1,2024_December1January14_120824-121424_p01.png
Kamuning,2024-12-08,5,2024-12-09 05:00,68,verified,120824-121424.pdf,1,2024_December1January14_120824-121424_p01.png
Kamuning,2024-12-09,6,2024-12-09 06:00,189,mismatch,120824-121424.pdf,2,2024_December1January14_120824-121424_p02.png
Kamuning,2024-12-09,7,2024-12-09 07:00,217,mismatch,120824-121424.pdf,2,2024_December1January14_120824-121424_p02.png
Kamuning,2024-12-09,8,2024-12-09 08:00,114,mismatch,120824-121424.pdf,2,2024_December1January14_120824-121424_p02.png
Kamuning,2024-12-09,9,2024-12-09 09:00,96,mismatch,120824-121424.pdf,2,2024_December1January14_120824-121424_p02.png
Kamuning,2024-12-09,10,2024-12-09 10:00,106,mismatch,120824-121424.pdf,2,2024_December1January14_120824-121424_p02.png
Kamuning,2024-12-09,11,2024-12-09 11:00,62,mismatch,120824-121424.pdf,2,2024_December1January14_120824-121424_p02.png
Kamuning,2024-12-09,12,2024-12-09 12:00,84,mismatch,120824-121424.pdf,2,2024_December1January14_120824-121424_p02.png
Kamuning,2024-12-09,13,2024-12-09 13:00,58,mismatch,120824-121424.pdf,2,2024_December1January14_120824-121424_p02.png
Kamuning,2024-12-09,14,2024-12-09 14:00,110,mismatch,120824-121424.pdf,2,2024_December1January14_120824-121424_p02.png
Kamuning,2024-12-09,15,2024-12-09 15:00,77,mismatch,120824-121424.pdf,2,2024_December1January14_120824-121424_p02.png
Kamuning,2024-12-09,16,2024-12-09 16:00,202,mismatch,120824-121424.pdf,2,2024_December1January14_120824-121424_p02.png
Kamuning,2024-12-09,17,2024-12-09 17:00,232,mismatch,120824-121424.pdf,2,2024_December1January14_120824-121424_p02.png
Kamuning,2024-12-09,18,2024-12-09 18:00,123,mismatch,120824-121424.pdf,2,2024_December1January14_120824-121424_p02.png
Kamuning,2024-12-09,19,2024-12-09 19:00,114,mismatch,120824-121424.pdf,2,2024_December1January14_120824-121424_p02.png
Kamuning,2024-12-09,20,2024-12-09 20:00,98,mismatch,120824-121424.pdf,2,2024_December1January14_120824-121424_p02.png
Kamuning,2024-12-09,21,2024-12-09 21:00,77,mismatch,120824-121424.pdf,2,2024_December1January14_120824-121424_p02.png
Kamuning,2024-12-09,22,2024-12-09 22:00,137,mismatch,120824-121424.pdf,2,2024_December1January14_120824-121424_p02.png
Kamuning,2024-12-09,23,2024-12-09 23:00,44,mismatch,120824-121424.pdf,2,2024_December1January14_120824-121424_p02.png
Kamuning,2024-12-09,0,2024-12-10 00:00,26,mismatch,120824-121424.pdf,2,2024_December1January14_120824-121424_p02.png
Kamuning,2024-12-09,1,2024-12-10 01:00,15,mismatch,120824-121424.pdf,2,2024_December1January14_120824-121424_p02.png
Kamuning,2024-12-09,2,2024-12-10 02:00,12,mismatch,120824-121424.pdf,2,2024_December1January14_120824-121424_p02.png
Kamuning,2024-12-09,3,2024-12-10 03:00,21,mismatch,120824-121424.pdf,2,2024_December1January14_120824-121424_p02.png
Kamuning,2024-12-09,4,2024-12-10 04:00,58,mismatch,120824-121424.pdf,2,2024_December1January14_120824-121424_p02.png
Kamuning,2024-12-09,5,2024-12-10 05:00,126,mismatch,120824-121424.pdf,2,2024_December1January14_120824-121424_p02.png
Kamuning,2024-12-10,6,2024-12-10 06:00,126,verified,120824-121424.pdf,2,2024_December1January14_120824-121424_p02.png
Kamuning,2024-12-10,7,2024-12-10 07:00,147,verified,120824-121424.pdf,2,2024_December1January14_120824-121424_p02.png
Kamuning,2024-12-10,8,2024-12-10 08:00,133,verified,120824-121424.pdf,2,2024_December1January14_120824-121424_p02.png
Kamuning,2024-12-10,9,2024-12-10 09:00,106,verified,120824-121424.pdf,2,2024_December1January14_120824-121424_p02.png
Kamuning,2024-12-10,10,2024-12-10 10:00,80,verified,120824-121424.pdf,2,2024_December1January14_120824-121424_p02.png
Kamuning,2024-12-10,11,2024-12-10 11:00,62,verified,120824-121424.pdf,2,2024_December1January14_120824-121424_p02.png
Kamuning,2024-12-10,12,2024-12-10 12:00,80,verified,120824-121424.pdf,2,2024_December1January14_120824-121424_p02.png
Kamuning,2024-12-10,13,2024-12-10 13:00,74,verified,120824-121424.pdf,2,2024_December1January14_120824-121424_p02.png
Kamuning,2024-12-10,14,2024-12-10 14:00,81,verified,120824-121424.pdf,2,2024_December1January14_120824-121424_p02.png
Kamuning,2024-12-10,15,2024-12-10 15:00,86,verified,120824-121424.pdf,2,2024_December1January14_120824-121424_p02.png
Kamuning,2024-12-10,16,2024-12-10 16:00,159,verified,120824-121424.pdf,2,2024_December1January14_120824-121424_p02.png
Kamuning,2024-12-10,17,2024-12-10 17:00,182,verified,120824-121424.pdf,2,2024_December1January14_120824-121424_p02.png
Kamuning,2024-12-10,18,2024-12-10 18:00,181,verified,120824-121424.pdf,2,2024_December1January14_120824-121424_p02.png
Kamuning,2024-12-10,19,2024-12-10 19:00,59,verified,120824-121424.pdf,2,2024_December1January14_120824-121424_p02.png
Kamuning,2024-12-10,20,2024-12-10 20:00,78,verified,120824-121424.pdf,2,2024_December1January14_120824-121424_p02.png
Kamuning,2024-12-10,21,2024-12-10 21:00,82,verified,120824-121424.pdf,2,2024_December1January14_120824-121424_p02.png
Kamuning,2024-12-10,22,2024-12-10 22:00,104,verified,120824-121424.pdf,2,2024_December1January14_120824-121424_p02.png
Kamuning,2024-12-10,23,2024-12-10 23:00,43,verified,120824-121424.pdf,2,2024_December1January14_120824-121424_p02.png
Kamuning,2024-12-10,0,2024-12-11 00:00,33,verified,120824-121424.pdf,2,2024_December1January14_120824-121424_p02.png
Kamuning,2024-12-10,1,2024-12-11 01:00,12,verified,120824-121424.pdf,2,2024_December1January14_120824-121424_p02.png
Kamuning,2024-12-10,2,2024-12-11 02:00,16,verified,120824-121424.pdf,2,2024_December1January14_120824-121424_p02.png
Kamuning,2024-12-10,3,2024-12-11 03:00,17,verified,120824-121424.pdf,2,2024_December1January14_120824-121424_p02.png
Kamuning,2024-12-10,4,2024-12-11 04:00,47,verified,120824-121424.pdf,2,2024_December1January14_120824-121424_p02.png
Kamuning,2024-12-10,5,2024-12-11 05:00,71,verified,120824-121424.pdf,2,2024_December1January14_120824-121424_p02.png
Kamuning,2024-12-11,6,2024-12-11 06:00,139,verified,120824-121424.pdf,3,2024_December1January14_120824-121424_p03.png
Kamuning,2024-12-11,7,2024-12-11 07:00,152,verified,120824-121424.pdf,3,2024_December1January14_120824-121424_p03.png
Kamuning,2024-12-11,8,2024-12-11 08:00,103,verified,120824-121424.pdf,3,2024_December1January14_120824-121424_p03.png
Kamuning,2024-12-11,9,2024-12-11 09:00,86,verified,120824-121424.pdf,3,2024_December1January14_120824-121424_p03.png
Kamuning,2024-12-11,10,2024-12-11 10:00,79,verified,120824-121424.pdf,3,2024_December1January14_120824-121424_p03.png
Kamuning,2024-12-11,11,2024-12-11 11:00,77,verified,120824-121424.pdf,3,2024_December1January14_120824-121424_p03.png
Kamuning,2024-12-11,12,2024-12-11 12:00,108,verified,120824-121424.pdf,3,2024_December1January14_120824-121424_p03.png
Kamuning,2024-12-11,13,2024-12-11 13:00,89,verified,120824-121424.pdf,3,2024_December1January14_120824-121424_p03.png
Kamuning,2024-12-11,14,2024-12-11 14:00,64,verified,120824-121424.pdf,3,2024_December1January14_120824-121424_p03.png
Kamuning,2024-12-11,15,2024-12-11 15:00,159,verified,120824-121424.pdf,3,2024_December1January14_120824-121424_p03.png
Kamuning,2024-12-11,16,2024-12-11 16:00,120,verified,120824-121424.pdf,3,2024_December1January14_120824-121424_p03.png
Kamuning,2024-12-11,17,2024-12-11 17:00,249,verified,120824-121424.pdf,3,2024_December1January14_120824-121424_p03.png
Kamuning,2024-12-11,18,2024-12-11 18:00,141,verified,120824-121424.pdf,3,2024_December1January14_120824-121424_p03.png
Kamuning,2024-12-11,19,2024-12-11 19:00,139,verified,120824-121424.pdf,3,2024_December1January14_120824-121424_p03.png
Kamuning,2024-12-11,20,2024-12-11 20:00,99,verified,120824-121424.pdf,3,2024_December1January14_120824-121424_p03.png
Kamuning,2024-12-11,21,2024-12-11 21:00,96,verified,120824-121424.pdf,3,2024_December1January14_120824-121424_p03.png
Kamuning,2024-12-11,22,2024-12-11 22:00,108,verified,120824-121424.pdf,3,2024_December1January14_120824-121424_p03.png
Kamuning,2024-12-11,23,2024-12-11 23:00,32,verified,120824-121424.pdf,3,2024_December1January14_120824-121424_p03.png
Kamuning,2024-12-11,0,2024-12-12 00:00,23,verified,120824-121424.pdf,3,2024_December1January14_120824-121424_p03.png
Kamuning,2024-12-11,1,2024-12-12 01:00,10,verified,120824-121424.pdf,3,2024_December1January14_120824-121424_p03.png
Kamuning,2024-12-11,2,2024-12-12 02:00,13,verified,120824-121424.pdf,3,2024_December1January14_120824-121424_p03.png
Kamuning,2024-12-11,3,2024-12-12 03:00,17,verified,120824-121424.pdf,3,2024_December1January14_120824-121424_p03.png
Kamuning,2024-12-11,4,2024-12-12 04:00,49,verified,120824-121424.pdf,3,2024_December1January14_120824-121424_p03.png
Kamuning,2024-12-11,5,2024-12-12 05:00,64,verified,120824-121424.pdf,3,2024_December1January14_120824-121424_p03.png
Kamuning,2024-12-12,6,2024-12-12 06:00,104,verified,120824-121424.pdf,3,2024_December1January14_120824-121424_p03.png
Kamuning,2024-12-12,7,2024-12-12 07:00,118,verified,120824-121424.pdf,3,2024_December1January14_120824-121424_p03.png
Kamuning,2024-12-12,8,2024-12-12 08:00,88,verified,120824-121424.pdf,3,2024_December1January14_120824-121424_p03.png
Kamuning,2024-12-12,9,2024-12-12 09:00,103,verified,120824-121424.pdf,3,2024_December1January14_120824-121424_p03.png
Kamuning,2024-12-12,10,2024-12-12 10:00,91,verified,120824-121424.pdf,3,2024_December1January14_120824-121424_p03.png
Kamuning,2024-12-12,11,2024-12-12 11:00,88,verified,120824-121424.pdf,3,2024_December1January14_120824-121424_p03.png
Kamuning,2024-12-12,12,2024-12-12 12:00,79,verified,120824-121424.pdf,3,2024_December1January14_120824-121424_p03.png
Kamuning,2024-12-12,13,2024-12-12 13:00,78,verified,120824-121424.pdf,3,2024_December1January14_120824-121424_p03.png
Kamuning,2024-12-12,14,2024-12-12 14:00,90,verified,120824-121424.pdf,3,2024_December1January14_120824-121424_p03.png
Kamuning,2024-12-12,15,2024-12-12 15:00,88,verified,120824-121424.pdf,3,2024_December1January14_120824-121424_p03.png
Kamuning,2024-12-12,16,2024-12-12 16:00,266,verified,120824-121424.pdf,3,2024_December1January14_120824-121424_p03.png
Kamuning,2024-12-12,17,2024-12-12 17:00,341,verified,120824-121424.pdf,3,2024_December1January14_120824-121424_p03.png
Kamuning,2024-12-12,18,2024-12-12 18:00,132,verified,120824-121424.pdf,3,2024_December1January14_120824-121424_p03.png
Kamuning,2024-12-12,19,2024-12-12 19:00,148,verified,120824-121424.pdf,3,2024_December1January14_120824-121424_p03.png
Kamuning,2024-12-12,20,2024-12-12 20:00,201,verified,120824-121424.pdf,3,2024_December1January14_120824-121424_p03.png
Kamuning,2024-12-12,21,2024-12-12 21:00,92,verified,120824-121424.pdf,3,2024_December1January14_120824-121424_p03.png
Kamuning,2024-12-12,22,2024-12-12 22:00,119,verified,120824-121424.pdf,3,2024_December1January14_120824-121424_p03.png
Kamuning,2024-12-12,23,2024-12-12 23:00,45,verified,120824-121424.pdf,3,2024_December1January14_120824-121424_p03.png
Kamuning,2024-12-12,0,2024-12-13 00:00,21,verified,120824-121424.pdf,3,2024_December1January14_120824-121424_p03.png
Kamuning,2024-12-12,1,2024-12-13 01:00,9,verified,120824-121424.pdf,3,2024_December1January14_120824-121424_p03.png
Kamuning,2024-12-12,2,2024-12-13 02:00,18,verified,120824-121424.pdf,3,2024_December1January14_120824-121424_p03.png
Kamuning,2024-12-12,3,2024-12-13 03:00,15,verified,120824-121424.pdf,3,2024_December1January14_120824-121424_p03.png
Kamuning,2024-12-12,4,2024-12-13 04:00,64,verified,120824-121424.pdf,3,2024_December1January14_120824-121424_p03.png
Kamuning,2024-12-12,5,2024-12-13 05:00,68,verified,120824-121424.pdf,3,2024_December1January14_120824-121424_p03.png
Kamuning,2024-12-13,6,2024-12-13 06:00,109,verified,120824-121424.pdf,4,2024_December1January14_120824-121424_p04.png
Kamuning,2024-12-13,7,2024-12-13 07:00,178,verified,120824-121424.pdf,4,2024_December1January14_120824-121424_p04.png
Kamuning,2024-12-13,8,2024-12-13 08:00,110,verified,120824-121424.pdf,4,2024_December1January14_120824-121424_p04.png
Kamuning,2024-12-13,9,2024-12-13 09:00,163,verified,120824-121424.pdf,4,2024_December1January14_120824-121424_p04.png
Kamuning,2024-12-13,10,2024-12-13 10:00,64,verified,120824-121424.pdf,4,2024_December1January14_120824-121424_p04.png
Kamuning,2024-12-13,11,2024-12-13 11:00,65,verified,120824-121424.pdf,4,2024_December1January14_120824-121424_p04.png
Kamuning,2024-12-13,12,2024-12-13 12:00,51,verified,120824-121424.pdf,4,2024_December1January14_120824-121424_p04.png
Kamuning,2024-12-13,13,2024-12-13 13:00,68,verified,120824-121424.pdf,4,2024_December1January14_120824-121424_p04.png
Kamuning,2024-12-13,14,2024-12-13 14:00,88,verified,120824-121424.pdf,4,2024_December1January14_120824-121424_p04.png
Kamuning,2024-12-13,15,2024-12-13 15:00,83,verified,120824-121424.pdf,4,2024_December1January14_120824-121424_p04.png
Kamuning,2024-12-13,16,2024-12-13 16:00,135,verified,120824-121424.pdf,4,2024_December1January14_120824-121424_p04.png
Kamuning,2024-12-13,17,2024-12-13 17:00,176,verified,120824-121424.pdf,4,2024_December1January14_120824-121424_p04.png
Kamuning,2024-12-13,18,2024-12-13 18:00,158,verified,120824-121424.pdf,4,2024_December1January14_120824-121424_p04.png
Kamuning,2024-12-13,19,2024-12-13 19:00,112,verified,120824-121424.pdf,4,2024_December1January14_120824-121424_p04.png
Kamuning,2024-12-13,20,2024-12-13 20:00,81,verified,120824-121424.pdf,4,2024_December1January14_120824-121424_p04.png
Kamuning,2024-12-13,21,2024-12-13 21:00,122,verified,120824-121424.pdf,4,2024_December1January14_120824-121424_p04.png
Kamuning,2024-12-13,22,2024-12-13 22:00,196,verified,120824-121424.pdf,4,2024_December1January14_120824-121424_p04.png
Kamuning,2024-12-13,23,2024-12-13 23:00,59,verified,120824-121424.pdf,4,2024_December1January14_120824-121424_p04.png
Kamuning,2024-12-13,0,2024-12-14 00:00,62,verified,120824-121424.pdf,4,2024_December1January14_120824-121424_p04.png
Kamuning,2024-12-13,1,2024-12-14 01:00,66,verified,120824-121424.pdf,4,2024_December1January14_120824-121424_p04.png
Kamuning,2024-12-13,2,2024-12-14 02:00,15,verified,120824-121424.pdf,4,2024_December1January14_120824-121424_p04.png
Kamuning,2024-12-13,3,2024-12-14 03:00,18,verified,120824-121424.pdf,4,2024_December1January14_120824-121424_p04.png
Kamuning,2024-12-13,4,2024-12-14 04:00,52,verified,120824-121424.pdf,4,2024_December1January14_120824-121424_p04.png
Kamuning,2024-12-13,5,2024-12-14 05:00,66,verified,120824-121424.pdf,4,2024_December1January14_120824-121424_p04.png
Kamuning,2024-12-14,6,2024-12-14 06:00,108,verified,120824-121424.pdf,4,2024_December1January14_120824-121424_p04.png
Kamuning,2024-12-14,7,2024-12-14 07:00,79,verified,120824-121424.pdf,4,2024_December1January14_120824-121424_p04.png
Kamuning,2024-12-14,8,2024-12-14 08:00,70,verified,120824-121424.pdf,4,2024_December1January14_120824-121424_p04.png
Kamuning,2024-12-14,9,2024-12-14 09:00,59,verified,120824-121424.pdf,4,2024_December1January14_120824-121424_p04.png
Kamuning,2024-12-14,10,2024-12-14 10:00,86,verified,120824-121424.pdf,4,2024_December1January14_120824-121424_p04.png
Kamuning,2024-12-14,11,2024-12-14 11:00,83,verified,120824-121424.pdf,4,2024_December1January14_120824-121424_p04.png
Kamuning,2024-12-14,12,2024-12-14 12:00,79,verified,120824-121424.pdf,4,2024_December1January14_120824-121424_p04.png
Kamuning,2024-12-14,13,2024-12-14 13:00,77,verified,120824-121424.pdf,4,2024_December1January14_120824-121424_p04.png
Kamuning,2024-12-14,14,2024-12-14 14:00,79,verified,120824-121424.pdf,4,2024_December1January14_120824-121424_p04.png
Kamuning,2024-12-14,15,2024-12-14 15:00,68,verified,120824-121424.pdf,4,2024_December1January14_120824-121424_p04.png
Kamuning,2024-12-14,16,2024-12-14 16:00,115,verified,120824-121424.pdf,4,2024_December1January14_120824-121424_p04.png
Kamuning,2024-12-14,17,2024-12-14 17:00,145,verified,120824-121424.pdf,4,2024_December1January14_120824-121424_p04.png
Kamuning,2024-12-14,18,2024-12-14 18:00,94,verified,120824-121424.pdf,4,2024_December1January14_120824-121424_p04.png
Kamuning,2024-12-14,19,2024-12-14 19:00,66,verified,120824-121424.pdf,4,2024_December1January14_120824-121424_p04.png
Kamuning,2024-12-14,20,2024-12-14 20:00,67,verified,120824-121424.pdf,4,2024_December1January14_120824-121424_p04.png
Kamuning,2024-12-14,21,2024-12-14 21:00,58,verified,120824-121424.pdf,4,2024_December1January14_120824-121424_p04.png
Kamuning,2024-12-14,22,2024-12-14 22:00,178,verified,120824-121424.pdf,4,2024_December1January14_120824-121424_p04.png
Kamuning,2024-12-14,23,2024-12-14 23:00,48,verified,120824-121424.pdf,4,2024_December1January14_120824-121424_p04.png
Kamuning,2024-12-14,0,2024-12-15 00:00,59,verified,120824-121424.pdf,4,2024_December1January14_120824-121424_p04.png
Kamuning,2024-12-14,1,2024-12-15 01:00,22,verified,120824-121424.pdf,4,2024_December1January14_120824-121424_p04.png
Kamuning,2024-12-14,2,2024-12-15 02:00,15,verified,120824-121424.pdf,4,2024_December1January14_120824-121424_p04.png
Kamuning,2024-12-14,3,2024-12-15 03:00,29,verified,120824-121424.pdf,4,2024_December1January14_120824-121424_p04.png
Kamuning,2024-12-14,4,2024-12-15 04:00,37,verified,120824-121424.pdf,4,2024_December1January14_120824-121424_p04.png
Kamuning,2024-12-14,5,2024-12-15 05:00,42,verified,120824-121424.pdf,4,2024_December1January14_120824-121424_p04.png
Kamuning,2024-12-15,6,2024-12-15 06:00,68,verified,121524-122124.pdf,1,2024_December1January14_121524-122124_p01.png
Kamuning,2024-12-15,7,2024-12-15 07:00,70,verified,121524-122124.pdf,1,2024_December1January14_121524-122124_p01.png
Kamuning,2024-12-15,8,2024-12-15 08:00,45,verified,121524-122124.pdf,1,2024_December1January14_121524-122124_p01.png
Kamuning,2024-12-15,9,2024-12-15 09:00,53,verified,121524-122124.pdf,1,2024_December1January14_121524-122124_p01.png
Kamuning,2024-12-15,10,2024-12-15 10:00,77,verified,121524-122124.pdf,1,2024_December1January14_121524-122124_p01.png
Kamuning,2024-12-15,11,2024-12-15 11:00,60,verified,121524-122124.pdf,1,2024_December1January14_121524-122124_p01.png
Kamuning,2024-12-15,12,2024-12-15 12:00,41,verified,121524-122124.pdf,1,2024_December1January14_121524-122124_p01.png
Kamuning,2024-12-15,13,2024-12-15 13:00,35,verified,121524-122124.pdf,1,2024_December1January14_121524-122124_p01.png
Kamuning,2024-12-15,14,2024-12-15 14:00,64,verified,121524-122124.pdf,1,2024_December1January14_121524-122124_p01.png
Kamuning,2024-12-15,15,2024-12-15 15:00,41,verified,121524-122124.pdf,1,2024_December1January14_121524-122124_p01.png
Kamuning,2024-12-15,16,2024-12-15 16:00,64,verified,121524-122124.pdf,1,2024_December1January14_121524-122124_p01.png
Kamuning,2024-12-15,17,2024-12-15 17:00,45,verified,121524-122124.pdf,1,2024_December1January14_121524-122124_p01.png
Kamuning,2024-12-15,18,2024-12-15 18:00,40,verified,121524-122124.pdf,1,2024_December1January14_121524-122124_p01.png
Kamuning,2024-12-15,19,2024-12-15 19:00,42,verified,121524-122124.pdf,1,2024_December1January14_121524-122124_p01.png
Kamuning,2024-12-15,20,2024-12-15 20:00,61,verified,121524-122124.pdf,1,2024_December1January14_121524-122124_p01.png
Kamuning,2024-12-15,21,2024-12-15 21:00,78,verified,121524-122124.pdf,1,2024_December1January14_121524-122124_p01.png
Kamuning,2024-12-15,22,2024-12-15 22:00,178,verified,121524-122124.pdf,1,2024_December1January14_121524-122124_p01.png
Kamuning,2024-12-15,23,2024-12-15 23:00,59,verified,121524-122124.pdf,1,2024_December1January14_121524-122124_p01.png
Kamuning,2024-12-15,0,2024-12-16 00:00,47,verified,121524-122124.pdf,1,2024_December1January14_121524-122124_p01.png
Kamuning,2024-12-15,1,2024-12-16 01:00,14,verified,121524-122124.pdf,1,2024_December1January14_121524-122124_p01.png
Kamuning,2024-12-15,2,2024-12-16 02:00,18,verified,121524-122124.pdf,1,2024_December1January14_121524-122124_p01.png
Kamuning,2024-12-15,3,2024-12-16 03:00,39,verified,121524-122124.pdf,1,2024_December1January14_121524-122124_p01.png
Kamuning,2024-12-15,4,2024-12-16 04:00,97,verified,121524-122124.pdf,1,2024_December1January14_121524-122124_p01.png
Kamuning,2024-12-15,5,2024-12-16 05:00,146,verified,121524-122124.pdf,1,2024_December1January14_121524-122124_p01.png
Kamuning,2024-12-16,6,2024-12-16 06:00,216,verified,121524-122124.pdf,2,2024_December1January14_121524-122124_p02.png
Kamuning,2024-12-16,7,2024-12-16 07:00,137,verified,121524-122124.pdf,2,2024_December1January14_121524-122124_p02.png
Kamuning,2024-12-16,8,2024-12-16 08:00,136,verified,121524-122124.pdf,2,2024_December1January14_121524-122124_p02.png
Kamuning,2024-12-16,9,2024-12-16 09:00,83,verified,121524-122124.pdf,2,2024_December1January14_121524-122124_p02.png
Kamuning,2024-12-16,10,2024-12-16 10:00,79,verified,121524-122124.pdf,2,2024_December1January14_121524-122124_p02.png
Kamuning,2024-12-16,11,2024-12-16 11:00,70,verified,121524-122124.pdf,2,2024_December1January14_121524-122124_p02.png
Kamuning,2024-12-16,12,2024-12-16 12:00,67,verified,121524-122124.pdf,2,2024_December1January14_121524-122124_p02.png
Kamuning,2024-12-16,13,2024-12-16 13:00,66,verified,121524-122124.pdf,2,2024_December1January14_121524-122124_p02.png
Kamuning,2024-12-16,14,2024-12-16 14:00,82,verified,121524-122124.pdf,2,2024_December1January14_121524-122124_p02.png
Kamuning,2024-12-16,15,2024-12-16 15:00,74,verified,121524-122124.pdf,2,2024_December1January14_121524-122124_p02.png
Kamuning,2024-12-16,16,2024-12-16 16:00,113,verified,121524-122124.pdf,2,2024_December1January14_121524-122124_p02.png
Kamuning,2024-12-16,17,2024-12-16 17:00,187,verified,121524-122124.pdf,2,2024_December1January14_121524-122124_p02.png
Kamuning,2024-12-16,18,2024-12-16 18:00,165,verified,121524-122124.pdf,2,2024_December1January14_121524-122124_p02.png
Kamuning,2024-12-16,19,2024-12-16 19:00,126,verified,121524-122124.pdf,2,2024_December1January14_121524-122124_p02.png
Kamuning,2024-12-16,20,2024-12-16 20:00,60,verified,121524-122124.pdf,2,2024_December1January14_121524-122124_p02.png
Kamuning,2024-12-16,21,2024-12-16 21:00,38,verified,121524-122124.pdf,2,2024_December1January14_121524-122124_p02.png
Kamuning,2024-12-16,22,2024-12-16 22:00,204,verified,121524-122124.pdf,2,2024_December1January14_121524-122124_p02.png
Kamuning,2024-12-16,23,2024-12-16 23:00,117,verified,121524-122124.pdf,2,2024_December1January14_121524-122124_p02.png
Kamuning,2024-12-16,0,2024-12-17 00:00,97,verified,121524-122124.pdf,2,2024_December1January14_121524-122124_p02.png
Kamuning,2024-12-16,1,2024-12-17 01:00,34,verified,121524-122124.pdf,2,2024_December1January14_121524-122124_p02.png
Kamuning,2024-12-16,2,2024-12-17 02:00,17,verified,121524-122124.pdf,2,2024_December1January14_121524-122124_p02.png
Kamuning,2024-12-16,3,2024-12-17 03:00,29,verified,121524-122124.pdf,2,2024_December1January14_121524-122124_p02.png
Kamuning,2024-12-16,4,2024-12-17 04:00,93,verified,121524-122124.pdf,2,2024_December1January14_121524-122124_p02.png
Kamuning,2024-12-16,5,2024-12-17 05:00,116,verified,121524-122124.pdf,2,2024_December1January14_121524-122124_p02.png
Kamuning,2024-12-17,6,2024-12-17 06:00,144,verified,121524-122124.pdf,2,2024_December1January14_121524-122124_p02.png
Kamuning,2024-12-17,7,2024-12-17 07:00,175,verified,121524-122124.pdf,2,2024_December1January14_121524-122124_p02.png
Kamuning,2024-12-17,8,2024-12-17 08:00,87,verified,121524-122124.pdf,2,2024_December1January14_121524-122124_p02.png
Kamuning,2024-12-17,9,2024-12-17 09:00,62,verified,121524-122124.pdf,2,2024_December1January14_121524-122124_p02.png
Kamuning,2024-12-17,10,2024-12-17 10:00,95,verified,121524-122124.pdf,2,2024_December1January14_121524-122124_p02.png
Kamuning,2024-12-17,11,2024-12-17 11:00,77,verified,121524-122124.pdf,2,2024_December1January14_121524-122124_p02.png
Kamuning,2024-12-17,12,2024-12-17 12:00,66,verified,121524-122124.pdf,2,2024_December1January14_121524-122124_p02.png
Kamuning,2024-12-17,13,2024-12-17 13:00,98,verified,121524-122124.pdf,2,2024_December1January14_121524-122124_p02.png
Kamuning,2024-12-17,14,2024-12-17 14:00,69,verified,121524-122124.pdf,2,2024_December1January14_121524-122124_p02.png
Kamuning,2024-12-17,15,2024-12-17 15:00,119,verified,121524-122124.pdf,2,2024_December1January14_121524-122124_p02.png
Kamuning,2024-12-17,16,2024-12-17 16:00,149,verified,121524-122124.pdf,2,2024_December1January14_121524-122124_p02.png
Kamuning,2024-12-17,17,2024-12-17 17:00,165,verified,121524-122124.pdf,2,2024_December1January14_121524-122124_p02.png
Kamuning,2024-12-17,18,2024-12-17 18:00,156,verified,121524-122124.pdf,2,2024_December1January14_121524-122124_p02.png
Kamuning,2024-12-17,19,2024-12-17 19:00,106,verified,121524-122124.pdf,2,2024_December1January14_121524-122124_p02.png
Kamuning,2024-12-17,20,2024-12-17 20:00,77,verified,121524-122124.pdf,2,2024_December1January14_121524-122124_p02.png
Kamuning,2024-12-17,21,2024-12-17 21:00,77,verified,121524-122124.pdf,2,2024_December1January14_121524-122124_p02.png
Kamuning,2024-12-17,22,2024-12-17 22:00,107,verified,121524-122124.pdf,2,2024_December1January14_121524-122124_p02.png
Kamuning,2024-12-17,23,2024-12-17 23:00,94,verified,121524-122124.pdf,2,2024_December1January14_121524-122124_p02.png
Kamuning,2024-12-17,0,2024-12-18 00:00,78,verified,121524-122124.pdf,2,2024_December1January14_121524-122124_p02.png
Kamuning,2024-12-17,1,2024-12-18 01:00,43,verified,121524-122124.pdf,2,2024_December1January14_121524-122124_p02.png
Kamuning,2024-12-17,2,2024-12-18 02:00,35,verified,121524-122124.pdf,2,2024_December1January14_121524-122124_p02.png
Kamuning,2024-12-17,3,2024-12-18 03:00,48,verified,121524-122124.pdf,2,2024_December1January14_121524-122124_p02.png
Kamuning,2024-12-17,4,2024-12-18 04:00,64,verified,121524-122124.pdf,2,2024_December1January14_121524-122124_p02.png
Kamuning,2024-12-17,5,2024-12-18 05:00,76,verified,121524-122124.pdf,2,2024_December1January14_121524-122124_p02.png
Kamuning,2024-12-18,6,2024-12-18 06:00,134,mismatch,121524-122124.pdf,3,2024_December1January14_121524-122124_p03.png
Kamuning,2024-12-18,7,2024-12-18 07:00,140,mismatch,121524-122124.pdf,3,2024_December1January14_121524-122124_p03.png
Kamuning,2024-12-18,8,2024-12-18 08:00,85,mismatch,121524-122124.pdf,3,2024_December1January14_121524-122124_p03.png
Kamuning,2024-12-18,9,2024-12-18 09:00,73,mismatch,121524-122124.pdf,3,2024_December1January14_121524-122124_p03.png
Kamuning,2024-12-18,10,2024-12-18 10:00,71,mismatch,121524-122124.pdf,3,2024_December1January14_121524-122124_p03.png
Kamuning,2024-12-18,11,2024-12-18 11:00,94,mismatch,121524-122124.pdf,3,2024_December1January14_121524-122124_p03.png
Kamuning,2024-12-18,12,2024-12-18 12:00,110,mismatch,121524-122124.pdf,3,2024_December1January14_121524-122124_p03.png
Kamuning,2024-12-18,13,2024-12-18 13:00,65,mismatch,121524-122124.pdf,3,2024_December1January14_121524-122124_p03.png
Kamuning,2024-12-18,14,2024-12-18 14:00,53,mismatch,121524-122124.pdf,3,2024_December1January14_121524-122124_p03.png
Kamuning,2024-12-18,15,2024-12-18 15:00,113,mismatch,121524-122124.pdf,3,2024_December1January14_121524-122124_p03.png
Kamuning,2024-12-18,16,2024-12-18 16:00,127,mismatch,121524-122124.pdf,3,2024_December1January14_121524-122124_p03.png
Kamuning,2024-12-18,17,2024-12-18 17:00,172,mismatch,121524-122124.pdf,3,2024_December1January14_121524-122124_p03.png
Kamuning,2024-12-18,18,2024-12-18 18:00,136,mismatch,121524-122124.pdf,3,2024_December1January14_121524-122124_p03.png
Kamuning,2024-12-18,19,2024-12-18 19:00,96,mismatch,121524-122124.pdf,3,2024_December1January14_121524-122124_p03.png
Kamuning,2024-12-18,20,2024-12-18 20:00,65,mismatch,121524-122124.pdf,3,2024_December1January14_121524-122124_p03.png
Kamuning,2024-12-18,21,2024-12-18 21:00,194,mismatch,121524-122124.pdf,3,2024_December1January14_121524-122124_p03.png
Kamuning,2024-12-18,22,2024-12-18 22:00,109,mismatch,121524-122124.pdf,3,2024_December1January14_121524-122124_p03.png
Kamuning,2024-12-18,23,2024-12-18 23:00,84,mismatch,121524-122124.pdf,3,2024_December1January14_121524-122124_p03.png
Kamuning,2024-12-18,0,2024-12-19 00:00,64,mismatch,121524-122124.pdf,3,2024_December1January14_121524-122124_p03.png
Kamuning,2024-12-18,1,2024-12-19 01:00,47,mismatch,121524-122124.pdf,3,2024_December1January14_121524-122124_p03.png
Kamuning,2024-12-18,2,2024-12-19 02:00,36,mismatch,121524-122124.pdf,3,2024_December1January14_121524-122124_p03.png
Kamuning,2024-12-18,3,2024-12-19 03:00,44,mismatch,121524-122124.pdf,3,2024_December1January14_121524-122124_p03.png
Kamuning,2024-12-18,4,2024-12-19 04:00,58,mismatch,121524-122124.pdf,3,2024_December1January14_121524-122124_p03.png
Kamuning,2024-12-18,5,2024-12-19 05:00,83,mismatch,121524-122124.pdf,3,2024_December1January14_121524-122124_p03.png
Kamuning,2024-12-19,6,2024-12-19 06:00,136,mismatch,121524-122124.pdf,3,2024_December1January14_121524-122124_p03.png
Kamuning,2024-12-19,7,2024-12-19 07:00,98,mismatch,121524-122124.pdf,3,2024_December1January14_121524-122124_p03.png
Kamuning,2024-12-19,8,2024-12-19 08:00,101,mismatch,121524-122124.pdf,3,2024_December1January14_121524-122124_p03.png
Kamuning,2024-12-19,9,2024-12-19 09:00,92,mismatch,121524-122124.pdf,3,2024_December1January14_121524-122124_p03.png
Kamuning,2024-12-19,10,2024-12-19 10:00,104,mismatch,121524-122124.pdf,3,2024_December1January14_121524-122124_p03.png
Kamuning,2024-12-19,11,2024-12-19 11:00,106,mismatch,121524-122124.pdf,3,2024_December1January14_121524-122124_p03.png
Kamuning,2024-12-19,12,2024-12-19 12:00,93,mismatch,121524-122124.pdf,3,2024_December1January14_121524-122124_p03.png
Kamuning,2024-12-19,13,2024-12-19 13:00,81,mismatch,121524-122124.pdf,3,2024_December1January14_121524-122124_p03.png
Kamuning,2024-12-19,14,2024-12-19 14:00,96,mismatch,121524-122124.pdf,3,2024_December1January14_121524-122124_p03.png
Kamuning,2024-12-19,15,2024-12-19 15:00,95,mismatch,121524-122124.pdf,3,2024_December1January14_121524-122124_p03.png
Kamuning,2024-12-19,16,2024-12-19 16:00,117,mismatch,121524-122124.pdf,3,2024_December1January14_121524-122124_p03.png
Kamuning,2024-12-19,17,2024-12-19 17:00,201,mismatch,121524-122124.pdf,3,2024_December1January14_121524-122124_p03.png
Kamuning,2024-12-19,18,2024-12-19 18:00,105,mismatch,121524-122124.pdf,3,2024_December1January14_121524-122124_p03.png
Kamuning,2024-12-19,19,2024-12-19 19:00,120,mismatch,121524-122124.pdf,3,2024_December1January14_121524-122124_p03.png
Kamuning,2024-12-19,20,2024-12-19 20:00,71,mismatch,121524-122124.pdf,3,2024_December1January14_121524-122124_p03.png
Kamuning,2024-12-19,21,2024-12-19 21:00,84,mismatch,121524-122124.pdf,3,2024_December1January14_121524-122124_p03.png
Kamuning,2024-12-19,22,2024-12-19 22:00,98,mismatch,121524-122124.pdf,3,2024_December1January14_121524-122124_p03.png
Kamuning,2024-12-19,23,2024-12-19 23:00,81,mismatch,121524-122124.pdf,3,2024_December1January14_121524-122124_p03.png
Kamuning,2024-12-19,0,2024-12-20 00:00,67,mismatch,121524-122124.pdf,3,2024_December1January14_121524-122124_p03.png
Kamuning,2024-12-19,1,2024-12-20 01:00,64,mismatch,121524-122124.pdf,3,2024_December1January14_121524-122124_p03.png
Kamuning,2024-12-19,2,2024-12-20 02:00,43,mismatch,121524-122124.pdf,3,2024_December1January14_121524-122124_p03.png
Kamuning,2024-12-19,3,2024-12-20 03:00,38,mismatch,121524-122124.pdf,3,2024_December1January14_121524-122124_p03.png
Kamuning,2024-12-19,4,2024-12-20 04:00,68,mismatch,121524-122124.pdf,3,2024_December1January14_121524-122124_p03.png
Kamuning,2024-12-19,5,2024-12-20 05:00,94,mismatch,121524-122124.pdf,3,2024_December1January14_121524-122124_p03.png
Kamuning,2024-12-20,6,2024-12-20 06:00,106,mismatch,121524-122124.pdf,4,2024_December1January14_121524-122124_p04.png
Kamuning,2024-12-20,7,2024-12-20 07:00,115,mismatch,121524-122124.pdf,4,2024_December1January14_121524-122124_p04.png
Kamuning,2024-12-20,8,2024-12-20 08:00,104,mismatch,121524-122124.pdf,4,2024_December1January14_121524-122124_p04.png
Kamuning,2024-12-20,9,2024-12-20 09:00,92,mismatch,121524-122124.pdf,4,2024_December1January14_121524-122124_p04.png
Kamuning,2024-12-20,10,2024-12-20 10:00,84,mismatch,121524-122124.pdf,4,2024_December1January14_121524-122124_p04.png
Kamuning,2024-12-20,11,2024-12-20 11:00,111,mismatch,121524-122124.pdf,4,2024_December1January14_121524-122124_p04.png
Kamuning,2024-12-20,12,2024-12-20 12:00,83,mismatch,121524-122124.pdf,4,2024_December1January14_121524-122124_p04.png
Kamuning,2024-12-20,13,2024-12-20 13:00,80,mismatch,121524-122124.pdf,4,2024_December1January14_121524-122124_p04.png
Kamuning,2024-12-20,14,2024-12-20 14:00,103,mismatch,121524-122124.pdf,4,2024_December1January14_121524-122124_p04.png
Kamuning,2024-12-20,15,2024-12-20 15:00,231,mismatch,121524-122124.pdf,4,2024_December1January14_121524-122124_p04.png
Kamuning,2024-12-20,16,2024-12-20 16:00,151,mismatch,121524-122124.pdf,4,2024_December1January14_121524-122124_p04.png
Kamuning,2024-12-20,17,2024-12-20 17:00,186,mismatch,121524-122124.pdf,4,2024_December1January14_121524-122124_p04.png
Kamuning,2024-12-20,18,2024-12-20 18:00,137,mismatch,121524-122124.pdf,4,2024_December1January14_121524-122124_p04.png
Kamuning,2024-12-20,19,2024-12-20 19:00,115,mismatch,121524-122124.pdf,4,2024_December1January14_121524-122124_p04.png
Kamuning,2024-12-20,20,2024-12-20 20:00,166,mismatch,121524-122124.pdf,4,2024_December1January14_121524-122124_p04.png
Kamuning,2024-12-20,21,2024-12-20 21:00,193,mismatch,121524-122124.pdf,4,2024_December1January14_121524-122124_p04.png
Kamuning,2024-12-20,22,2024-12-20 22:00,98,mismatch,121524-122124.pdf,4,2024_December1January14_121524-122124_p04.png
Kamuning,2024-12-20,23,2024-12-20 23:00,81,mismatch,121524-122124.pdf,4,2024_December1January14_121524-122124_p04.png
Kamuning,2024-12-20,0,2024-12-21 00:00,57,mismatch,121524-122124.pdf,4,2024_December1January14_121524-122124_p04.png
Kamuning,2024-12-20,1,2024-12-21 01:00,35,mismatch,121524-122124.pdf,4,2024_December1January14_121524-122124_p04.png
Kamuning,2024-12-20,2,2024-12-21 02:00,40,mismatch,121524-122124.pdf,4,2024_December1January14_121524-122124_p04.png
Kamuning,2024-12-20,3,2024-12-21 03:00,76,mismatch,121524-122124.pdf,4,2024_December1January14_121524-122124_p04.png
Kamuning,2024-12-20,4,2024-12-21 04:00,64,mismatch,121524-122124.pdf,4,2024_December1January14_121524-122124_p04.png
Kamuning,2024-12-20,5,2024-12-21 05:00,36,mismatch,121524-122124.pdf,4,2024_December1January14_121524-122124_p04.png
Kamuning,2024-12-21,6,2024-12-21 06:00,92,verified,121524-122124.pdf,4,2024_December1January14_121524-122124_p04.png
Kamuning,2024-12-21,7,2024-12-21 07:00,94,verified,121524-122124.pdf,4,2024_December1January14_121524-122124_p04.png
Kamuning,2024-12-21,8,2024-12-21 08:00,68,verified,121524-122124.pdf,4,2024_December1January14_121524-122124_p04.png
Kamuning,2024-12-21,9,2024-12-21 09:00,94,verified,121524-122124.pdf,4,2024_December1January14_121524-122124_p04.png
Kamuning,2024-12-21,10,2024-12-21 10:00,77,verified,121524-122124.pdf,4,2024_December1January14_121524-122124_p04.png
Kamuning,2024-12-21,11,2024-12-21 11:00,89,verified,121524-122124.pdf,4,2024_December1January14_121524-122124_p04.png
Kamuning,2024-12-21,12,2024-12-21 12:00,59,verified,121524-122124.pdf,4,2024_December1January14_121524-122124_p04.png
Kamuning,2024-12-21,13,2024-12-21 13:00,63,verified,121524-122124.pdf,4,2024_December1January14_121524-122124_p04.png
Kamuning,2024-12-21,14,2024-12-21 14:00,88,verified,121524-122124.pdf,4,2024_December1January14_121524-122124_p04.png
Kamuning,2024-12-21,15,2024-12-21 15:00,67,verified,121524-122124.pdf,4,2024_December1January14_121524-122124_p04.png
Kamuning,2024-12-21,16,2024-12-21 16:00,98,verified,121524-122124.pdf,4,2024_December1January14_121524-122124_p04.png
Kamuning,2024-12-21,17,2024-12-21 17:00,81,verified,121524-122124.pdf,4,2024_December1January14_121524-122124_p04.png
Kamuning,2024-12-21,18,2024-12-21 18:00,76,verified,121524-122124.pdf,4,2024_December1January14_121524-122124_p04.png
Kamuning,2024-12-21,19,2024-12-21 19:00,66,verified,121524-122124.pdf,4,2024_December1January14_121524-122124_p04.png
Kamuning,2024-12-21,20,2024-12-21 20:00,51,verified,121524-122124.pdf,4,2024_December1January14_121524-122124_p04.png
Kamuning,2024-12-21,21,2024-12-21 21:00,69,verified,121524-122124.pdf,4,2024_December1January14_121524-122124_p04.png
Kamuning,2024-12-21,22,2024-12-21 22:00,98,verified,121524-122124.pdf,4,2024_December1January14_121524-122124_p04.png
Kamuning,2024-12-21,23,2024-12-21 23:00,73,verified,121524-122124.pdf,4,2024_December1January14_121524-122124_p04.png
Kamuning,2024-12-21,0,2024-12-22 00:00,74,verified,121524-122124.pdf,4,2024_December1January14_121524-122124_p04.png
Kamuning,2024-12-21,1,2024-12-22 01:00,46,verified,121524-122124.pdf,4,2024_December1January14_121524-122124_p04.png
Kamuning,2024-12-21,2,2024-12-22 02:00,40,verified,121524-122124.pdf,4,2024_December1January14_121524-122124_p04.png
Kamuning,2024-12-21,3,2024-12-22 03:00,37,verified,121524-122124.pdf,4,2024_December1January14_121524-122124_p04.png
Kamuning,2024-12-21,4,2024-12-22 04:00,56,verified,121524-122124.pdf,4,2024_December1January14_121524-122124_p04.png
Kamuning,2024-12-21,5,2024-12-22 05:00,81,verified,121524-122124.pdf,4,2024_December1January14_121524-122124_p04.png
Kamuning,2024-12-22,6,2024-12-22 06:00,66,verified,122224-123124.pdf,1,2024_December1January14_122224-123124_p01.png
Kamuning,2024-12-22,7,2024-12-22 07:00,72,verified,122224-123124.pdf,1,2024_December1January14_122224-123124_p01.png
Kamuning,2024-12-22,8,2024-12-22 08:00,82,verified,122224-123124.pdf,1,2024_December1January14_122224-123124_p01.png
Kamuning,2024-12-22,9,2024-12-22 09:00,75,verified,122224-123124.pdf,1,2024_December1January14_122224-123124_p01.png
Kamuning,2024-12-22,10,2024-12-22 10:00,105,verified,122224-123124.pdf,1,2024_December1January14_122224-123124_p01.png
Kamuning,2024-12-22,11,2024-12-22 11:00,89,verified,122224-123124.pdf,1,2024_December1January14_122224-123124_p01.png
Kamuning,2024-12-22,12,2024-12-22 12:00,57,verified,122224-123124.pdf,1,2024_December1January14_122224-123124_p01.png
Kamuning,2024-12-22,13,2024-12-22 13:00,83,verified,122224-123124.pdf,1,2024_December1January14_122224-123124_p01.png
Kamuning,2024-12-22,14,2024-12-22 14:00,96,verified,122224-123124.pdf,1,2024_December1January14_122224-123124_p01.png
Kamuning,2024-12-22,15,2024-12-22 15:00,87,verified,122224-123124.pdf,1,2024_December1January14_122224-123124_p01.png
Kamuning,2024-12-22,16,2024-12-22 16:00,101,verified,122224-123124.pdf,1,2024_December1January14_122224-123124_p01.png
Kamuning,2024-12-22,17,2024-12-22 17:00,95,verified,122224-123124.pdf,1,2024_December1January14_122224-123124_p01.png
Kamuning,2024-12-22,18,2024-12-22 18:00,81,verified,122224-123124.pdf,1,2024_December1January14_122224-123124_p01.png
Kamuning,2024-12-22,19,2024-12-22 19:00,76,verified,122224-123124.pdf,1,2024_December1January14_122224-123124_p01.png
Kamuning,2024-12-22,20,2024-12-22 20:00,65,verified,122224-123124.pdf,1,2024_December1January14_122224-123124_p01.png
Kamuning,2024-12-22,21,2024-12-22 21:00,99,verified,122224-123124.pdf,1,2024_December1January14_122224-123124_p01.png
Kamuning,2024-12-22,22,2024-12-22 22:00,104,verified,122224-123124.pdf,1,2024_December1January14_122224-123124_p01.png
Kamuning,2024-12-22,23,2024-12-22 23:00,97,verified,122224-123124.pdf,1,2024_December1January14_122224-123124_p01.png
Kamuning,2024-12-22,0,2024-12-23 00:00,74,verified,122224-123124.pdf,1,2024_December1January14_122224-123124_p01.png
Kamuning,2024-12-22,1,2024-12-23 01:00,66,verified,122224-123124.pdf,1,2024_December1January14_122224-123124_p01.png
Kamuning,2024-12-22,2,2024-12-23 02:00,61,verified,122224-123124.pdf,1,2024_December1January14_122224-123124_p01.png
Kamuning,2024-12-22,3,2024-12-23 03:00,64,verified,122224-123124.pdf,1,2024_December1January14_122224-123124_p01.png
Kamuning,2024-12-22,4,2024-12-23 04:00,77,verified,122224-123124.pdf,1,2024_December1January14_122224-123124_p01.png
Kamuning,2024-12-22,5,2024-12-23 05:00,86,verified,122224-123124.pdf,1,2024_December1January14_122224-123124_p01.png
Kamuning,2024-12-23,6,2024-12-23 06:00,99,mismatch,122224-123124.pdf,2,2024_December1January14_122224-123124_p02.png
Kamuning,2024-12-23,7,2024-12-23 07:00,86,mismatch,122224-123124.pdf,2,2024_December1January14_122224-123124_p02.png
Kamuning,2024-12-23,8,2024-12-23 08:00,77,mismatch,122224-123124.pdf,2,2024_December1January14_122224-123124_p02.png
Kamuning,2024-12-23,9,2024-12-23 09:00,83,mismatch,122224-123124.pdf,2,2024_December1January14_122224-123124_p02.png
Kamuning,2024-12-23,10,2024-12-23 10:00,80,mismatch,122224-123124.pdf,2,2024_December1January14_122224-123124_p02.png
Kamuning,2024-12-23,11,2024-12-23 11:00,78,mismatch,122224-123124.pdf,2,2024_December1January14_122224-123124_p02.png
Kamuning,2024-12-23,12,2024-12-23 12:00,144,mismatch,122224-123124.pdf,2,2024_December1January14_122224-123124_p02.png
Kamuning,2024-12-23,13,2024-12-23 13:00,73,mismatch,122224-123124.pdf,2,2024_December1January14_122224-123124_p02.png
Kamuning,2024-12-23,14,2024-12-23 14:00,96,mismatch,122224-123124.pdf,2,2024_December1January14_122224-123124_p02.png
Kamuning,2024-12-23,15,2024-12-23 15:00,103,mismatch,122224-123124.pdf,2,2024_December1January14_122224-123124_p02.png
Kamuning,2024-12-23,16,2024-12-23 16:00,137,mismatch,122224-123124.pdf,2,2024_December1January14_122224-123124_p02.png
Kamuning,2024-12-23,17,2024-12-23 17:00,124,mismatch,122224-123124.pdf,2,2024_December1January14_122224-123124_p02.png
Kamuning,2024-12-23,18,2024-12-23 18:00,124,mismatch,122224-123124.pdf,2,2024_December1January14_122224-123124_p02.png
Kamuning,2024-12-23,19,2024-12-23 19:00,105,mismatch,122224-123124.pdf,2,2024_December1January14_122224-123124_p02.png
Kamuning,2024-12-23,20,2024-12-23 20:00,69,mismatch,122224-123124.pdf,2,2024_December1January14_122224-123124_p02.png
Kamuning,2024-12-23,21,2024-12-23 21:00,78,mismatch,122224-123124.pdf,2,2024_December1January14_122224-123124_p02.png
Kamuning,2024-12-23,22,2024-12-23 22:00,109,mismatch,122224-123124.pdf,2,2024_December1January14_122224-123124_p02.png
Kamuning,2024-12-23,23,2024-12-23 23:00,87,mismatch,122224-123124.pdf,2,2024_December1January14_122224-123124_p02.png
Kamuning,2024-12-23,0,2024-12-24 00:00,64,mismatch,122224-123124.pdf,2,2024_December1January14_122224-123124_p02.png
Kamuning,2024-12-23,1,2024-12-24 01:00,81,mismatch,122224-123124.pdf,2,2024_December1January14_122224-123124_p02.png
Kamuning,2024-12-23,2,2024-12-24 02:00,43,mismatch,122224-123124.pdf,2,2024_December1January14_122224-123124_p02.png
Kamuning,2024-12-23,3,2024-12-24 03:00,63,mismatch,122224-123124.pdf,2,2024_December1January14_122224-123124_p02.png
Kamuning,2024-12-23,4,2024-12-24 04:00,68,mismatch,122224-123124.pdf,2,2024_December1January14_122224-123124_p02.png
Kamuning,2024-12-23,5,2024-12-24 05:00,74,mismatch,122224-123124.pdf,2,2024_December1January14_122224-123124_p02.png
Kamuning,2024-12-24,6,2024-12-24 06:00,96,mismatch,122224-123124.pdf,2,2024_December1January14_122224-123124_p02.png
Kamuning,2024-12-24,7,2024-12-24 07:00,73,mismatch,122224-123124.pdf,2,2024_December1January14_122224-123124_p02.png
Kamuning,2024-12-24,8,2024-12-24 08:00,81,mismatch,122224-123124.pdf,2,2024_December1January14_122224-123124_p02.png
Kamuning,2024-12-24,9,2024-12-24 09:00,85,mismatch,122224-123124.pdf,2,2024_December1January14_122224-123124_p02.png
Kamuning,2024-12-24,10,2024-12-24 10:00,75,mismatch,122224-123124.pdf,2,2024_December1January14_122224-123124_p02.png
Kamuning,2024-12-24,11,2024-12-24 11:00,79,mismatch,122224-123124.pdf,2,2024_December1January14_122224-123124_p02.png
Kamuning,2024-12-24,12,2024-12-24 12:00,85,mismatch,122224-123124.pdf,2,2024_December1January14_122224-123124_p02.png
Kamuning,2024-12-24,13,2024-12-24 13:00,98,mismatch,122224-123124.pdf,2,2024_December1January14_122224-123124_p02.png
Kamuning,2024-12-24,14,2024-12-24 14:00,56,mismatch,122224-123124.pdf,2,2024_December1January14_122224-123124_p02.png
Kamuning,2024-12-24,15,2024-12-24 15:00,74,mismatch,122224-123124.pdf,2,2024_December1January14_122224-123124_p02.png
Kamuning,2024-12-24,16,2024-12-24 16:00,57,mismatch,122224-123124.pdf,2,2024_December1January14_122224-123124_p02.png
Kamuning,2024-12-24,17,2024-12-24 17:00,60,mismatch,122224-123124.pdf,2,2024_December1January14_122224-123124_p02.png
Kamuning,2024-12-24,18,2024-12-24 18:00,56,mismatch,122224-123124.pdf,2,2024_December1January14_122224-123124_p02.png
Kamuning,2024-12-24,19,2024-12-24 19:00,65,mismatch,122224-123124.pdf,2,2024_December1January14_122224-123124_p02.png
Kamuning,2024-12-24,20,2024-12-24 20:00,256,mismatch,122224-123124.pdf,2,2024_December1January14_122224-123124_p02.png
Kamuning,2024-12-24,21,2024-12-24 21:00,189,mismatch,122224-123124.pdf,2,2024_December1January14_122224-123124_p02.png
Kamuning,2024-12-24,22,2024-12-24 22:00,121,mismatch,122224-123124.pdf,2,2024_December1January14_122224-123124_p02.png
Kamuning,2024-12-24,23,2024-12-24 23:00,74,mismatch,122224-123124.pdf,2,2024_December1January14_122224-123124_p02.png
Kamuning,2024-12-24,0,2024-12-25 00:00,27,mismatch,122224-123124.pdf,2,2024_December1January14_122224-123124_p02.png
Kamuning,2024-12-24,1,2024-12-25 01:00,19,mismatch,122224-123124.pdf,2,2024_December1January14_122224-123124_p02.png
Kamuning,2024-12-24,2,2024-12-25 02:00,16,mismatch,122224-123124.pdf,2,2024_December1January14_122224-123124_p02.png
Kamuning,2024-12-24,3,2024-12-25 03:00,23,mismatch,122224-123124.pdf,2,2024_December1January14_122224-123124_p02.png
Kamuning,2024-12-24,4,2024-12-25 04:00,71,mismatch,122224-123124.pdf,2,2024_December1January14_122224-123124_p02.png
Kamuning,2024-12-24,5,2024-12-25 05:00,373,mismatch,122224-123124.pdf,2,2024_December1January14_122224-123124_p02.png
Kamuning,2024-12-25,6,2024-12-25 06:00,253,verified,122224-123124.pdf,3,2024_December1January14_122224-123124_p03.png
Kamuning,2024-12-25,7,2024-12-25 07:00,84,verified,122224-123124.pdf,3,2024_December1January14_122224-123124_p03.png
Kamuning,2024-12-25,8,2024-12-25 08:00,89,verified,122224-123124.pdf,3,2024_December1January14_122224-123124_p03.png
Kamuning,2024-12-25,9,2024-12-25 09:00,63,verified,122224-123124.pdf,3,2024_December1January14_122224-123124_p03.png
Kamuning,2024-12-25,10,2024-12-25 10:00,84,verified,122224-123124.pdf,3,2024_December1January14_122224-123124_p03.png
Kamuning,2024-12-25,11,2024-12-25 11:00,97,verified,122224-123124.pdf,3,2024_December1January14_122224-123124_p03.png
Kamuning,2024-12-25,12,2024-12-25 12:00,41,verified,122224-123124.pdf,3,2024_December1January14_122224-123124_p03.png
Kamuning,2024-12-25,13,2024-12-25 13:00,56,verified,122224-123124.pdf,3,2024_December1January14_122224-123124_p03.png
Kamuning,2024-12-25,14,2024-12-25 14:00,56,verified,122224-123124.pdf,3,2024_December1January14_122224-123124_p03.png
Kamuning,2024-12-25,15,2024-12-25 15:00,62,verified,122224-123124.pdf,3,2024_December1January14_122224-123124_p03.png
Kamuning,2024-12-25,16,2024-12-25 16:00,81,verified,122224-123124.pdf,3,2024_December1January14_122224-123124_p03.png
Kamuning,2024-12-25,17,2024-12-25 17:00,76,verified,122224-123124.pdf,3,2024_December1January14_122224-123124_p03.png
Kamuning,2024-12-25,18,2024-12-25 18:00,71,verified,122224-123124.pdf,3,2024_December1January14_122224-123124_p03.png
Kamuning,2024-12-25,19,2024-12-25 19:00,51,verified,122224-123124.pdf,3,2024_December1January14_122224-123124_p03.png
Kamuning,2024-12-25,20,2024-12-25 20:00,58,verified,122224-123124.pdf,3,2024_December1January14_122224-123124_p03.png
Kamuning,2024-12-25,21,2024-12-25 21:00,96,verified,122224-123124.pdf,3,2024_December1January14_122224-123124_p03.png
Kamuning,2024-12-25,22,2024-12-25 22:00,330,verified,122224-123124.pdf,3,2024_December1January14_122224-123124_p03.png
Kamuning,2024-12-25,23,2024-12-25 23:00,69,verified,122224-123124.pdf,3,2024_December1January14_122224-123124_p03.png
Kamuning,2024-12-25,0,2024-12-26 00:00,45,verified,122224-123124.pdf,3,2024_December1January14_122224-123124_p03.png
Kamuning,2024-12-25,1,2024-12-26 01:00,29,verified,122224-123124.pdf,3,2024_December1January14_122224-123124_p03.png
Kamuning,2024-12-25,2,2024-12-26 02:00,134,verified,122224-123124.pdf,3,2024_December1January14_122224-123124_p03.png
Kamuning,2024-12-25,3,2024-12-26 03:00,369,verified,122224-123124.pdf,3,2024_December1January14_122224-123124_p03.png
Kamuning,2024-12-25,4,2024-12-26 04:00,154,verified,122224-123124.pdf,3,2024_December1January14_122224-123124_p03.png
Kamuning,2024-12-25,5,2024-12-26 05:00,201,verified,122224-123124.pdf,3,2024_December1January14_122224-123124_p03.png
Kamuning,2024-12-26,6,2024-12-26 06:00,105,verified,122224-123124.pdf,3,2024_December1January14_122224-123124_p03.png
Kamuning,2024-12-26,7,2024-12-26 07:00,125,verified,122224-123124.pdf,3,2024_December1January14_122224-123124_p03.png
Kamuning,2024-12-26,8,2024-12-26 08:00,112,verified,122224-123124.pdf,3,2024_December1January14_122224-123124_p03.png
Kamuning,2024-12-26,9,2024-12-26 09:00,98,verified,122224-123124.pdf,3,2024_December1January14_122224-123124_p03.png
Kamuning,2024-12-26,10,2024-12-26 10:00,45,verified,122224-123124.pdf,3,2024_December1January14_122224-123124_p03.png
Kamuning,2024-12-26,11,2024-12-26 11:00,109,verified,122224-123124.pdf,3,2024_December1January14_122224-123124_p03.png
Kamuning,2024-12-26,12,2024-12-26 12:00,65,verified,122224-123124.pdf,3,2024_December1January14_122224-123124_p03.png
Kamuning,2024-12-26,13,2024-12-26 13:00,106,verified,122224-123124.pdf,3,2024_December1January14_122224-123124_p03.png
Kamuning,2024-12-26,14,2024-12-26 14:00,49,verified,122224-123124.pdf,3,2024_December1January14_122224-123124_p03.png
Kamuning,2024-12-26,15,2024-12-26 15:00,81,verified,122224-123124.pdf,3,2024_December1January14_122224-123124_p03.png
Kamuning,2024-12-26,16,2024-12-26 16:00,121,verified,122224-123124.pdf,3,2024_December1January14_122224-123124_p03.png
Kamuning,2024-12-26,17,2024-12-26 17:00,132,verified,122224-123124.pdf,3,2024_December1January14_122224-123124_p03.png
Kamuning,2024-12-26,18,2024-12-26 18:00,101,verified,122224-123124.pdf,3,2024_December1January14_122224-123124_p03.png
Kamuning,2024-12-26,19,2024-12-26 19:00,77,verified,122224-123124.pdf,3,2024_December1January14_122224-123124_p03.png
Kamuning,2024-12-26,20,2024-12-26 20:00,109,verified,122224-123124.pdf,3,2024_December1January14_122224-123124_p03.png
Kamuning,2024-12-26,21,2024-12-26 21:00,115,verified,122224-123124.pdf,3,2024_December1January14_122224-123124_p03.png
Kamuning,2024-12-26,22,2024-12-26 22:00,296,verified,122224-123124.pdf,3,2024_December1January14_122224-123124_p03.png
Kamuning,2024-12-26,23,2024-12-26 23:00,188,verified,122224-123124.pdf,3,2024_December1January14_122224-123124_p03.png
Kamuning,2024-12-26,0,2024-12-27 00:00,37,verified,122224-123124.pdf,3,2024_December1January14_122224-123124_p03.png
Kamuning,2024-12-26,1,2024-12-27 01:00,45,verified,122224-123124.pdf,3,2024_December1January14_122224-123124_p03.png
Kamuning,2024-12-26,2,2024-12-27 02:00,29,verified,122224-123124.pdf,3,2024_December1January14_122224-123124_p03.png
Kamuning,2024-12-26,3,2024-12-27 03:00,61,verified,122224-123124.pdf,3,2024_December1January14_122224-123124_p03.png
Kamuning,2024-12-26,4,2024-12-27 04:00,48,verified,122224-123124.pdf,3,2024_December1January14_122224-123124_p03.png
Kamuning,2024-12-26,5,2024-12-27 05:00,99,verified,122224-123124.pdf,3,2024_December1January14_122224-123124_p03.png
Kamuning,2024-12-27,6,2024-12-27 06:00,120,verified,122224-123124.pdf,4,2024_December1January14_122224-123124_p04.png
Kamuning,2024-12-27,7,2024-12-27 07:00,137,verified,122224-123124.pdf,4,2024_December1January14_122224-123124_p04.png
Kamuning,2024-12-27,8,2024-12-27 08:00,100,verified,122224-123124.pdf,4,2024_December1January14_122224-123124_p04.png
Kamuning,2024-12-27,9,2024-12-27 09:00,55,verified,122224-123124.pdf,4,2024_December1January14_122224-123124_p04.png
Kamuning,2024-12-27,10,2024-12-27 10:00,71,verified,122224-123124.pdf,4,2024_December1January14_122224-123124_p04.png
Kamuning,2024-12-27,11,2024-12-27 11:00,64,verified,122224-123124.pdf,4,2024_December1January14_122224-123124_p04.png
Kamuning,2024-12-27,12,2024-12-27 12:00,44,verified,122224-123124.pdf,4,2024_December1January14_122224-123124_p04.png
Kamuning,2024-12-27,13,2024-12-27 13:00,80,verified,122224-123124.pdf,4,2024_December1January14_122224-123124_p04.png
Kamuning,2024-12-27,14,2024-12-27 14:00,109,verified,122224-123124.pdf,4,2024_December1January14_122224-123124_p04.png
Kamuning,2024-12-27,15,2024-12-27 15:00,101,verified,122224-123124.pdf,4,2024_December1January14_122224-123124_p04.png
Kamuning,2024-12-27,16,2024-12-27 16:00,143,verified,122224-123124.pdf,4,2024_December1January14_122224-123124_p04.png
Kamuning,2024-12-27,17,2024-12-27 17:00,154,verified,122224-123124.pdf,4,2024_December1January14_122224-123124_p04.png
Kamuning,2024-12-27,18,2024-12-27 18:00,84,verified,122224-123124.pdf,4,2024_December1January14_122224-123124_p04.png
Kamuning,2024-12-27,19,2024-12-27 19:00,97,verified,122224-123124.pdf,4,2024_December1January14_122224-123124_p04.png
Kamuning,2024-12-27,20,2024-12-27 20:00,68,verified,122224-123124.pdf,4,2024_December1January14_122224-123124_p04.png
Kamuning,2024-12-27,21,2024-12-27 21:00,123,verified,122224-123124.pdf,4,2024_December1January14_122224-123124_p04.png
Kamuning,2024-12-27,22,2024-12-27 22:00,180,verified,122224-123124.pdf,4,2024_December1January14_122224-123124_p04.png
Kamuning,2024-12-27,23,2024-12-27 23:00,157,verified,122224-123124.pdf,4,2024_December1January14_122224-123124_p04.png
Kamuning,2024-12-27,0,2024-12-28 00:00,101,verified,122224-123124.pdf,4,2024_December1January14_122224-123124_p04.png
Kamuning,2024-12-27,1,2024-12-28 01:00,53,verified,122224-123124.pdf,4,2024_December1January14_122224-123124_p04.png
Kamuning,2024-12-27,2,2024-12-28 02:00,60,verified,122224-123124.pdf,4,2024_December1January14_122224-123124_p04.png
Kamuning,2024-12-27,3,2024-12-28 03:00,78,verified,122224-123124.pdf,4,2024_December1January14_122224-123124_p04.png
Kamuning,2024-12-27,4,2024-12-28 04:00,114,verified,122224-123124.pdf,4,2024_December1January14_122224-123124_p04.png
Kamuning,2024-12-27,5,2024-12-28 05:00,105,verified,122224-123124.pdf,4,2024_December1January14_122224-123124_p04.png
Kamuning,2024-12-28,6,2024-12-28 06:00,60,verified,122224-123124.pdf,4,2024_December1January14_122224-123124_p04.png
Kamuning,2024-12-28,7,2024-12-28 07:00,115,verified,122224-123124.pdf,4,2024_December1January14_122224-123124_p04.png
Kamuning,2024-12-28,8,2024-12-28 08:00,67,verified,122224-123124.pdf,4,2024_December1January14_122224-123124_p04.png
Kamuning,2024-12-28,9,2024-12-28 09:00,45,verified,122224-123124.pdf,4,2024_December1January14_122224-123124_p04.png
Kamuning,2024-12-28,10,2024-12-28 10:00,49,verified,122224-123124.pdf,4,2024_December1January14_122224-123124_p04.png
Kamuning,2024-12-28,11,2024-12-28 11:00,76,verified,122224-123124.pdf,4,2024_December1January14_122224-123124_p04.png
Kamuning,2024-12-28,12,2024-12-28 12:00,69,verified,122224-123124.pdf,4,2024_December1January14_122224-123124_p04.png
Kamuning,2024-12-28,13,2024-12-28 13:00,86,verified,122224-123124.pdf,4,2024_December1January14_122224-123124_p04.png
Kamuning,2024-12-28,14,2024-12-28 14:00,63,verified,122224-123124.pdf,4,2024_December1January14_122224-123124_p04.png
Kamuning,2024-12-28,15,2024-12-28 15:00,69,verified,122224-123124.pdf,4,2024_December1January14_122224-123124_p04.png
Kamuning,2024-12-28,16,2024-12-28 16:00,106,verified,122224-123124.pdf,4,2024_December1January14_122224-123124_p04.png
Kamuning,2024-12-28,17,2024-12-28 17:00,89,verified,122224-123124.pdf,4,2024_December1January14_122224-123124_p04.png
Kamuning,2024-12-28,18,2024-12-28 18:00,70,verified,122224-123124.pdf,4,2024_December1January14_122224-123124_p04.png
Kamuning,2024-12-28,19,2024-12-28 19:00,42,verified,122224-123124.pdf,4,2024_December1January14_122224-123124_p04.png
Kamuning,2024-12-28,20,2024-12-28 20:00,58,verified,122224-123124.pdf,4,2024_December1January14_122224-123124_p04.png
Kamuning,2024-12-28,21,2024-12-28 21:00,96,verified,122224-123124.pdf,4,2024_December1January14_122224-123124_p04.png
Kamuning,2024-12-28,22,2024-12-28 22:00,90,verified,122224-123124.pdf,4,2024_December1January14_122224-123124_p04.png
Kamuning,2024-12-28,23,2024-12-28 23:00,75,verified,122224-123124.pdf,4,2024_December1January14_122224-123124_p04.png
Kamuning,2024-12-28,0,2024-12-29 00:00,30,verified,122224-123124.pdf,4,2024_December1January14_122224-123124_p04.png
Kamuning,2024-12-28,1,2024-12-29 01:00,15,verified,122224-123124.pdf,4,2024_December1January14_122224-123124_p04.png
Kamuning,2024-12-28,2,2024-12-29 02:00,18,verified,122224-123124.pdf,4,2024_December1January14_122224-123124_p04.png
Kamuning,2024-12-28,3,2024-12-29 03:00,18,verified,122224-123124.pdf,4,2024_December1January14_122224-123124_p04.png
Kamuning,2024-12-28,4,2024-12-29 04:00,13,verified,122224-123124.pdf,4,2024_December1January14_122224-123124_p04.png
Kamuning,2024-12-28,5,2024-12-29 05:00,46,verified,122224-123124.pdf,4,2024_December1January14_122224-123124_p04.png
Kamuning,2024-12-29,6,2024-12-29 06:00,50,verified,122224-123124.pdf,5,2024_December1January14_122224-123124_p05.png
Kamuning,2024-12-29,7,2024-12-29 07:00,40,verified,122224-123124.pdf,5,2024_December1January14_122224-123124_p05.png
Kamuning,2024-12-29,8,2024-12-29 08:00,42,verified,122224-123124.pdf,5,2024_December1January14_122224-123124_p05.png
Kamuning,2024-12-29,9,2024-12-29 09:00,35,verified,122224-123124.pdf,5,2024_December1January14_122224-123124_p05.png
Kamuning,2024-12-29,10,2024-12-29 10:00,32,verified,122224-123124.pdf,5,2024_December1January14_122224-123124_p05.png
Kamuning,2024-12-29,11,2024-12-29 11:00,56,verified,122224-123124.pdf,5,2024_December1January14_122224-123124_p05.png
Kamuning,2024-12-29,12,2024-12-29 12:00,35,verified,122224-123124.pdf,5,2024_December1January14_122224-123124_p05.png
Kamuning,2024-12-29,13,2024-12-29 13:00,42,verified,122224-123124.pdf,5,2024_December1January14_122224-123124_p05.png
Kamuning,2024-12-29,14,2024-12-29 14:00,63,verified,122224-123124.pdf,5,2024_December1January14_122224-123124_p05.png
Kamuning,2024-12-29,15,2024-12-29 15:00,85,verified,122224-123124.pdf,5,2024_December1January14_122224-123124_p05.png
Kamuning,2024-12-29,16,2024-12-29 16:00,40,verified,122224-123124.pdf,5,2024_December1January14_122224-123124_p05.png
Kamuning,2024-12-29,17,2024-12-29 17:00,71,verified,122224-123124.pdf,5,2024_December1January14_122224-123124_p05.png
Kamuning,2024-12-29,18,2024-12-29 18:00,48,verified,122224-123124.pdf,5,2024_December1January14_122224-123124_p05.png
Kamuning,2024-12-29,19,2024-12-29 19:00,52,verified,122224-123124.pdf,5,2024_December1January14_122224-123124_p05.png
Kamuning,2024-12-29,20,2024-12-29 20:00,31,verified,122224-123124.pdf,5,2024_December1January14_122224-123124_p05.png
Kamuning,2024-12-29,21,2024-12-29 21:00,63,verified,122224-123124.pdf,5,2024_December1January14_122224-123124_p05.png
Kamuning,2024-12-29,22,2024-12-29 22:00,50,verified,122224-123124.pdf,5,2024_December1January14_122224-123124_p05.png
Kamuning,2024-12-29,23,2024-12-29 23:00,84,verified,122224-123124.pdf,5,2024_December1January14_122224-123124_p05.png
Kamuning,2024-12-29,0,2024-12-30 00:00,22,verified,122224-123124.pdf,5,2024_December1January14_122224-123124_p05.png
Kamuning,2024-12-29,1,2024-12-30 01:00,32,verified,122224-123124.pdf,5,2024_December1January14_122224-123124_p05.png
Kamuning,2024-12-29,2,2024-12-30 02:00,28,verified,122224-123124.pdf,5,2024_December1January14_122224-123124_p05.png
Kamuning,2024-12-29,3,2024-12-30 03:00,18,verified,122224-123124.pdf,5,2024_December1January14_122224-123124_p05.png
Kamuning,2024-12-29,4,2024-12-30 04:00,30,verified,122224-123124.pdf,5,2024_December1January14_122224-123124_p05.png
Kamuning,2024-12-29,5,2024-12-30 05:00,45,verified,122224-123124.pdf,5,2024_December1January14_122224-123124_p05.png
Kamuning,2024-12-30,6,2024-12-30 06:00,40,verified,122224-123124.pdf,5,2024_December1January14_122224-123124_p05.png
Kamuning,2024-12-30,7,2024-12-30 07:00,59,verified,122224-123124.pdf,5,2024_December1January14_122224-123124_p05.png
Kamuning,2024-12-30,8,2024-12-30 08:00,35,verified,122224-123124.pdf,5,2024_December1January14_122224-123124_p05.png
Kamuning,2024-12-30,9,2024-12-30 09:00,40,verified,122224-123124.pdf,5,2024_December1January14_122224-123124_p05.png
Kamuning,2024-12-30,10,2024-12-30 10:00,38,verified,122224-123124.pdf,5,2024_December1January14_122224-123124_p05.png
Kamuning,2024-12-30,11,2024-12-30 11:00,30,verified,122224-123124.pdf,5,2024_December1January14_122224-123124_p05.png
Kamuning,2024-12-30,12,2024-12-30 12:00,46,verified,122224-123124.pdf,5,2024_December1January14_122224-123124_p05.png
Kamuning,2024-12-30,13,2024-12-30 13:00,56,verified,122224-123124.pdf,5,2024_December1January14_122224-123124_p05.png
Kamuning,2024-12-30,14,2024-12-30 14:00,61,verified,122224-123124.pdf,5,2024_December1January14_122224-123124_p05.png
Kamuning,2024-12-30,15,2024-12-30 15:00,73,verified,122224-123124.pdf,5,2024_December1January14_122224-123124_p05.png
Kamuning,2024-12-30,16,2024-12-30 16:00,51,verified,122224-123124.pdf,5,2024_December1January14_122224-123124_p05.png
Kamuning,2024-12-30,17,2024-12-30 17:00,56,verified,122224-123124.pdf,5,2024_December1January14_122224-123124_p05.png
Kamuning,2024-12-30,18,2024-12-30 18:00,43,verified,122224-123124.pdf,5,2024_December1January14_122224-123124_p05.png
Kamuning,2024-12-30,19,2024-12-30 19:00,38,verified,122224-123124.pdf,5,2024_December1January14_122224-123124_p05.png
Kamuning,2024-12-30,20,2024-12-30 20:00,40,verified,122224-123124.pdf,5,2024_December1January14_122224-123124_p05.png
Kamuning,2024-12-30,21,2024-12-30 21:00,43,verified,122224-123124.pdf,5,2024_December1January14_122224-123124_p05.png
Kamuning,2024-12-30,22,2024-12-30 22:00,80,verified,122224-123124.pdf,5,2024_December1January14_122224-123124_p05.png
Kamuning,2024-12-30,23,2024-12-30 23:00,20,verified,122224-123124.pdf,5,2024_December1January14_122224-123124_p05.png
Kamuning,2024-12-30,0,2024-12-31 00:00,15,verified,122224-123124.pdf,5,2024_December1January14_122224-123124_p05.png
Kamuning,2024-12-30,1,2024-12-31 01:00,10,verified,122224-123124.pdf,5,2024_December1January14_122224-123124_p05.png
Kamuning,2024-12-30,2,2024-12-31 02:00,7,verified,122224-123124.pdf,5,2024_December1January14_122224-123124_p05.png
Kamuning,2024-12-30,3,2024-12-31 03:00,30,verified,122224-123124.pdf,5,2024_December1January14_122224-123124_p05.png
Kamuning,2024-12-30,4,2024-12-31 04:00,25,verified,122224-123124.pdf,5,2024_December1January14_122224-123124_p05.png
Kamuning,2024-12-30,5,2024-12-31 05:00,45,verified,122224-123124.pdf,5,2024_December1January14_122224-123124_p05.png
Kamuning,2024-12-31,6,2024-12-31 06:00,35,verified,122224-123124.pdf,6,2024_December1January14_122224-123124_p06.png
Kamuning,2024-12-31,7,2024-12-31 07:00,36,verified,122224-123124.pdf,6,2024_December1January14_122224-123124_p06.png
Kamuning,2024-12-31,8,2024-12-31 08:00,42,verified,122224-123124.pdf,6,2024_December1January14_122224-123124_p06.png
Kamuning,2024-12-31,9,2024-12-31 09:00,46,verified,122224-123124.pdf,6,2024_December1January14_122224-123124_p06.png
Kamuning,2024-12-31,10,2024-12-31 10:00,40,verified,122224-123124.pdf,6,2024_December1January14_122224-123124_p06.png
Kamuning,2024-12-31,11,2024-12-31 11:00,37,verified,122224-123124.pdf,6,2024_December1January14_122224-123124_p06.png
Kamuning,2024-12-31,12,2024-12-31 12:00,45,verified,122224-123124.pdf,6,2024_December1January14_122224-123124_p06.png
Kamuning,2024-12-31,13,2024-12-31 13:00,40,verified,122224-123124.pdf,6,2024_December1January14_122224-123124_p06.png
Kamuning,2024-12-31,14,2024-12-31 14:00,78,verified,122224-123124.pdf,6,2024_December1January14_122224-123124_p06.png
Kamuning,2024-12-31,15,2024-12-31 15:00,46,verified,122224-123124.pdf,6,2024_December1January14_122224-123124_p06.png
Kamuning,2024-12-31,16,2024-12-31 16:00,50,verified,122224-123124.pdf,6,2024_December1January14_122224-123124_p06.png
Kamuning,2024-12-31,17,2024-12-31 17:00,40,verified,122224-123124.pdf,6,2024_December1January14_122224-123124_p06.png
Kamuning,2024-12-31,18,2024-12-31 18:00,49,verified,122224-123124.pdf,6,2024_December1January14_122224-123124_p06.png
Kamuning,2024-12-31,19,2024-12-31 19:00,50,verified,122224-123124.pdf,6,2024_December1January14_122224-123124_p06.png
Kamuning,2024-12-31,20,2024-12-31 20:00,200,verified,122224-123124.pdf,6,2024_December1January14_122224-123124_p06.png
Kamuning,2024-12-31,21,2024-12-31 21:00,50,verified,122224-123124.pdf,6,2024_December1January14_122224-123124_p06.png
Kamuning,2024-12-31,22,2024-12-31 22:00,33,verified,122224-123124.pdf,6,2024_December1January14_122224-123124_p06.png
Kamuning,2024-12-31,23,2024-12-31 23:00,10,verified,122224-123124.pdf,6,2024_December1January14_122224-123124_p06.png
Kamuning,2024-12-31,0,2025-01-01 00:00,12,verified,122224-123124.pdf,6,2024_December1January14_122224-123124_p06.png
Kamuning,2024-12-31,1,2025-01-01 01:00,18,verified,122224-123124.pdf,6,2024_December1January14_122224-123124_p06.png
Kamuning,2024-12-31,2,2025-01-01 02:00,22,verified,122224-123124.pdf,6,2024_December1January14_122224-123124_p06.png
Kamuning,2024-12-31,3,2025-01-01 03:00,15,verified,122224-123124.pdf,6,2024_December1January14_122224-123124_p06.png
Kamuning,2024-12-31,4,2025-01-01 04:00,86,verified,122224-123124.pdf,6,2024_December1January14_122224-123124_p06.png
Kamuning,2024-12-31,5,2025-01-01 05:00,140,verified,122224-123124.pdf,6,2024_December1January14_122224-123124_p06.png
Kamuning,2025-01-01,6,2025-01-01 06:00,205,mismatch,010125-010725.pdf,1,2024_December1January14_010125-010725_p01.png
Kamuning,2025-01-01,7,2025-01-01 07:00,37,mismatch,010125-010725.pdf,1,2024_December1January14_010125-010725_p01.png
Kamuning,2025-01-01,8,2025-01-01 08:00,31,mismatch,010125-010725.pdf,1,2024_December1January14_010125-010725_p01.png
Kamuning,2025-01-01,9,2025-01-01 09:00,71,mismatch,010125-010725.pdf,1,2024_December1January14_010125-010725_p01.png
Kamuning,2025-01-01,10,2025-01-01 10:00,88,mismatch,010125-010725.pdf,1,2024_December1January14_010125-010725_p01.png
Kamuning,2025-01-01,11,2025-01-01 11:00,86,mismatch,010125-010725.pdf,1,2024_December1January14_010125-010725_p01.png
Kamuning,2025-01-01,12,2025-01-01 12:00,47,mismatch,010125-010725.pdf,1,2024_December1January14_010125-010725_p01.png
Kamuning,2025-01-01,13,2025-01-01 13:00,89,mismatch,010125-010725.pdf,1,2024_December1January14_010125-010725_p01.png
Kamuning,2025-01-01,14,2025-01-01 14:00,113,mismatch,010125-010725.pdf,1,2024_December1January14_010125-010725_p01.png
Kamuning,2025-01-01,15,2025-01-01 15:00,98,mismatch,010125-010725.pdf,1,2024_December1January14_010125-010725_p01.png
Kamuning,2025-01-01,16,2025-01-01 16:00,84,mismatch,010125-010725.pdf,1,2024_December1January14_010125-010725_p01.png
Kamuning,2025-01-01,17,2025-01-01 17:00,65,mismatch,010125-010725.pdf,1,2024_December1January14_010125-010725_p01.png
Kamuning,2025-01-01,18,2025-01-01 18:00,37,mismatch,010125-010725.pdf,1,2024_December1January14_010125-010725_p01.png
Kamuning,2025-01-01,19,2025-01-01 19:00,49,mismatch,010125-010725.pdf,1,2024_December1January14_010125-010725_p01.png
Kamuning,2025-01-01,20,2025-01-01 20:00,19,mismatch,010125-010725.pdf,1,2024_December1January14_010125-010725_p01.png
Kamuning,2025-01-01,21,2025-01-01 21:00,14,mismatch,010125-010725.pdf,1,2024_December1January14_010125-010725_p01.png
Kamuning,2025-01-01,22,2025-01-01 22:00,159,mismatch,010125-010725.pdf,1,2024_December1January14_010125-010725_p01.png
Kamuning,2025-01-01,23,2025-01-01 23:00,36,mismatch,010125-010725.pdf,1,2024_December1January14_010125-010725_p01.png
Kamuning,2025-01-01,0,2025-01-02 00:00,5,mismatch,010125-010725.pdf,1,2024_December1January14_010125-010725_p01.png
Kamuning,2025-01-01,1,2025-01-02 01:00,4,mismatch,010125-010725.pdf,1,2024_December1January14_010125-010725_p01.png
Kamuning,2025-01-01,2,2025-01-02 02:00,7,mismatch,010125-010725.pdf,1,2024_December1January14_010125-010725_p01.png
Kamuning,2025-01-01,3,2025-01-02 03:00,104,mismatch,010125-010725.pdf,1,2024_December1January14_010125-010725_p01.png
Kamuning,2025-01-01,4,2025-01-02 04:00,78,mismatch,010125-010725.pdf,1,2024_December1January14_010125-010725_p01.png
Kamuning,2025-01-01,5,2025-01-02 05:00,96,mismatch,010125-010725.pdf,1,2024_December1January14_010125-010725_p01.png
Kamuning,2025-01-02,6,2025-01-02 06:00,157,verified,010125-010725.pdf,2,2024_December1January14_010125-010725_p02.png
Kamuning,2025-01-02,7,2025-01-02 07:00,84,verified,010125-010725.pdf,2,2024_December1January14_010125-010725_p02.png
Kamuning,2025-01-02,8,2025-01-02 08:00,49,verified,010125-010725.pdf,2,2024_December1January14_010125-010725_p02.png
Kamuning,2025-01-02,9,2025-01-02 09:00,39,verified,010125-010725.pdf,2,2024_December1January14_010125-010725_p02.png
Kamuning,2025-01-02,10,2025-01-02 10:00,28,verified,010125-010725.pdf,2,2024_December1January14_010125-010725_p02.png
Kamuning,2025-01-02,11,2025-01-02 11:00,43,verified,010125-010725.pdf,2,2024_December1January14_010125-010725_p02.png
Kamuning,2025-01-02,12,2025-01-02 12:00,50,verified,010125-010725.pdf,2,2024_December1January14_010125-010725_p02.png
Kamuning,2025-01-02,13,2025-01-02 13:00,30,verified,010125-010725.pdf,2,2024_December1January14_010125-010725_p02.png
Kamuning,2025-01-02,14,2025-01-02 14:00,150,verified,010125-010725.pdf,2,2024_December1January14_010125-010725_p02.png
Kamuning,2025-01-02,15,2025-01-02 15:00,103,verified,010125-010725.pdf,2,2024_December1January14_010125-010725_p02.png
Kamuning,2025-01-02,16,2025-01-02 16:00,151,verified,010125-010725.pdf,2,2024_December1January14_010125-010725_p02.png
Kamuning,2025-01-02,17,2025-01-02 17:00,171,verified,010125-010725.pdf,2,2024_December1January14_010125-010725_p02.png
Kamuning,2025-01-02,18,2025-01-02 18:00,106,verified,010125-010725.pdf,2,2024_December1January14_010125-010725_p02.png
Kamuning,2025-01-02,19,2025-01-02 19:00,66,verified,010125-010725.pdf,2,2024_December1January14_010125-010725_p02.png
Kamuning,2025-01-02,20,2025-01-02 20:00,53,verified,010125-010725.pdf,2,2024_December1January14_010125-010725_p02.png
Kamuning,2025-01-02,21,2025-01-02 21:00,48,verified,010125-010725.pdf,2,2024_December1January14_010125-010725_p02.png
Kamuning,2025-01-02,22,2025-01-02 22:00,104,verified,010125-010725.pdf,2,2024_December1January14_010125-010725_p02.png
Kamuning,2025-01-02,23,2025-01-02 23:00,30,verified,010125-010725.pdf,2,2024_December1January14_010125-010725_p02.png
Kamuning,2025-01-02,0,2025-01-03 00:00,17,verified,010125-010725.pdf,2,2024_December1January14_010125-010725_p02.png
Kamuning,2025-01-02,1,2025-01-03 01:00,15,verified,010125-010725.pdf,2,2024_December1January14_010125-010725_p02.png
Kamuning,2025-01-02,2,2025-01-03 02:00,10,verified,010125-010725.pdf,2,2024_December1January14_010125-010725_p02.png
Kamuning,2025-01-02,3,2025-01-03 03:00,45,verified,010125-010725.pdf,2,2024_December1January14_010125-010725_p02.png
Kamuning,2025-01-02,4,2025-01-03 04:00,63,verified,010125-010725.pdf,2,2024_December1January14_010125-010725_p02.png
Kamuning,2025-01-02,5,2025-01-03 05:00,87,verified,010125-010725.pdf,2,2024_December1January14_010125-010725_p02.png
Kamuning,2025-01-03,6,2025-01-03 06:00,101,verified,010125-010725.pdf,2,2024_December1January14_010125-010725_p02.png
Kamuning,2025-01-03,7,2025-01-03 07:00,110,verified,010125-010725.pdf,2,2024_December1January14_010125-010725_p02.png
Kamuning,2025-01-03,8,2025-01-03 08:00,36,verified,010125-010725.pdf,2,2024_December1January14_010125-010725_p02.png
Kamuning,2025-01-03,9,2025-01-03 09:00,25,verified,010125-010725.pdf,2,2024_December1January14_010125-010725_p02.png
Kamuning,2025-01-03,10,2025-01-03 10:00,57,verified,010125-010725.pdf,2,2024_December1January14_010125-010725_p02.png
Kamuning,2025-01-03,11,2025-01-03 11:00,64,verified,010125-010725.pdf,2,2024_December1January14_010125-010725_p02.png
Kamuning,2025-01-03,12,2025-01-03 12:00,39,verified,010125-010725.pdf,2,2024_December1January14_010125-010725_p02.png
Kamuning,2025-01-03,13,2025-01-03 13:00,30,verified,010125-010725.pdf,2,2024_December1January14_010125-010725_p02.png
Kamuning,2025-01-03,14,2025-01-03 14:00,79,verified,010125-010725.pdf,2,2024_December1January14_010125-010725_p02.png
Kamuning,2025-01-03,15,2025-01-03 15:00,115,verified,010125-010725.pdf,2,2024_December1January14_010125-010725_p02.png
Kamuning,2025-01-03,16,2025-01-03 16:00,113,verified,010125-010725.pdf,2,2024_December1January14_010125-010725_p02.png
Kamuning,2025-01-03,17,2025-01-03 17:00,152,verified,010125-010725.pdf,2,2024_December1January14_010125-010725_p02.png
Kamuning,2025-01-03,18,2025-01-03 18:00,85,verified,010125-010725.pdf,2,2024_December1January14_010125-010725_p02.png
Kamuning,2025-01-03,19,2025-01-03 19:00,87,verified,010125-010725.pdf,2,2024_December1January14_010125-010725_p02.png
Kamuning,2025-01-03,20,2025-01-03 20:00,58,verified,010125-010725.pdf,2,2024_December1January14_010125-010725_p02.png
Kamuning,2025-01-03,21,2025-01-03 21:00,29,verified,010125-010725.pdf,2,2024_December1January14_010125-010725_p02.png
Kamuning,2025-01-03,22,2025-01-03 22:00,296,verified,010125-010725.pdf,2,2024_December1January14_010125-010725_p02.png
Kamuning,2025-01-03,23,2025-01-03 23:00,69,verified,010125-010725.pdf,2,2024_December1January14_010125-010725_p02.png
Kamuning,2025-01-03,0,2025-01-04 00:00,26,verified,010125-010725.pdf,2,2024_December1January14_010125-010725_p02.png
Kamuning,2025-01-03,1,2025-01-04 01:00,19,verified,010125-010725.pdf,2,2024_December1January14_010125-010725_p02.png
Kamuning,2025-01-03,2,2025-01-04 02:00,45,verified,010125-010725.pdf,2,2024_December1January14_010125-010725_p02.png
Kamuning,2025-01-03,3,2025-01-04 03:00,16,verified,010125-010725.pdf,2,2024_December1January14_010125-010725_p02.png
Kamuning,2025-01-03,4,2025-01-04 04:00,56,verified,010125-010725.pdf,2,2024_December1January14_010125-010725_p02.png
Kamuning,2025-01-03,5,2025-01-04 05:00,31,verified,010125-010725.pdf,2,2024_December1January14_010125-010725_p02.png
Kamuning,2025-01-04,6,2025-01-04 06:00,90,verified,010125-010725.pdf,3,2024_December1January14_010125-010725_p03.png
Kamuning,2025-01-04,7,2025-01-04 07:00,79,verified,010125-010725.pdf,3,2024_December1January14_010125-010725_p03.png
Kamuning,2025-01-04,8,2025-01-04 08:00,30,verified,010125-010725.pdf,3,2024_December1January14_010125-010725_p03.png
Kamuning,2025-01-04,9,2025-01-04 09:00,37,verified,010125-010725.pdf,3,2024_December1January14_010125-010725_p03.png
Kamuning,2025-01-04,10,2025-01-04 10:00,35,verified,010125-010725.pdf,3,2024_December1January14_010125-010725_p03.png
Kamuning,2025-01-04,11,2025-01-04 11:00,104,verified,010125-010725.pdf,3,2024_December1January14_010125-010725_p03.png
Kamuning,2025-01-04,12,2025-01-04 12:00,36,verified,010125-010725.pdf,3,2024_December1January14_010125-010725_p03.png
Kamuning,2025-01-04,13,2025-01-04 13:00,50,verified,010125-010725.pdf,3,2024_December1January14_010125-010725_p03.png
Kamuning,2025-01-04,14,2025-01-04 14:00,50,verified,010125-010725.pdf,3,2024_December1January14_010125-010725_p03.png
Kamuning,2025-01-04,15,2025-01-04 15:00,80,verified,010125-010725.pdf,3,2024_December1January14_010125-010725_p03.png
Kamuning,2025-01-04,16,2025-01-04 16:00,110,verified,010125-010725.pdf,3,2024_December1January14_010125-010725_p03.png
Kamuning,2025-01-04,17,2025-01-04 17:00,91,verified,010125-010725.pdf,3,2024_December1January14_010125-010725_p03.png
Kamuning,2025-01-04,18,2025-01-04 18:00,62,verified,010125-010725.pdf,3,2024_December1January14_010125-010725_p03.png
Kamuning,2025-01-04,19,2025-01-04 19:00,50,verified,010125-010725.pdf,3,2024_December1January14_010125-010725_p03.png
Kamuning,2025-01-04,20,2025-01-04 20:00,39,verified,010125-010725.pdf,3,2024_December1January14_010125-010725_p03.png
Kamuning,2025-01-04,21,2025-01-04 21:00,28,verified,010125-010725.pdf,3,2024_December1January14_010125-010725_p03.png
Kamuning,2025-01-04,22,2025-01-04 22:00,85,verified,010125-010725.pdf,3,2024_December1January14_010125-010725_p03.png
Kamuning,2025-01-04,23,2025-01-04 23:00,92,verified,010125-010725.pdf,3,2024_December1January14_010125-010725_p03.png
Kamuning,2025-01-04,0,2025-01-05 00:00,29,verified,010125-010725.pdf,3,2024_December1January14_010125-010725_p03.png
Kamuning,2025-01-04,1,2025-01-05 01:00,19,verified,010125-010725.pdf,3,2024_December1January14_010125-010725_p03.png
Kamuning,2025-01-04,2,2025-01-05 02:00,12,verified,010125-010725.pdf,3,2024_December1January14_010125-010725_p03.png
Kamuning,2025-01-04,3,2025-01-05 03:00,17,verified,010125-010725.pdf,3,2024_December1January14_010125-010725_p03.png
Kamuning,2025-01-04,4,2025-01-05 04:00,36,verified,010125-010725.pdf,3,2024_December1January14_010125-010725_p03.png
Kamuning,2025-01-04,5,2025-01-05 05:00,40,verified,010125-010725.pdf,3,2024_December1January14_010125-010725_p03.png
Kamuning,2025-01-05,6,2025-01-05 06:00,33,verified,010125-010725.pdf,3,2024_December1January14_010125-010725_p03.png
Kamuning,2025-01-05,7,2025-01-05 07:00,27,verified,010125-010725.pdf,3,2024_December1January14_010125-010725_p03.png
Kamuning,2025-01-05,8,2025-01-05 08:00,46,verified,010125-010725.pdf,3,2024_December1January14_010125-010725_p03.png
Kamuning,2025-01-05,9,2025-01-05 09:00,40,verified,010125-010725.pdf,3,2024_December1January14_010125-010725_p03.png
Kamuning,2025-01-05,10,2025-01-05 10:00,25,verified,010125-010725.pdf,3,2024_December1January14_010125-010725_p03.png
Kamuning,2025-01-05,11,2025-01-05 11:00,31,verified,010125-010725.pdf,3,2024_December1January14_010125-010725_p03.png
Kamuning,2025-01-05,12,2025-01-05 12:00,68,verified,010125-010725.pdf,3,2024_December1January14_010125-010725_p03.png
Kamuning,2025-01-05,13,2025-01-05 13:00,35,verified,010125-010725.pdf,3,2024_December1January14_010125-010725_p03.png
Kamuning,2025-01-05,14,2025-01-05 14:00,63,verified,010125-010725.pdf,3,2024_December1January14_010125-010725_p03.png
Kamuning,2025-01-05,15,2025-01-05 15:00,35,verified,010125-010725.pdf,3,2024_December1January14_010125-010725_p03.png
Kamuning,2025-01-05,16,2025-01-05 16:00,52,verified,010125-010725.pdf,3,2024_December1January14_010125-010725_p03.png
Kamuning,2025-01-05,17,2025-01-05 17:00,70,verified,010125-010725.pdf,3,2024_December1January14_010125-010725_p03.png
Kamuning,2025-01-05,18,2025-01-05 18:00,72,verified,010125-010725.pdf,3,2024_December1January14_010125-010725_p03.png
Kamuning,2025-01-05,19,2025-01-05 19:00,31,verified,010125-010725.pdf,3,2024_December1January14_010125-010725_p03.png
Kamuning,2025-01-05,20,2025-01-05 20:00,37,verified,010125-010725.pdf,3,2024_December1January14_010125-010725_p03.png
Kamuning,2025-01-05,21,2025-01-05 21:00,15,verified,010125-010725.pdf,3,2024_December1January14_010125-010725_p03.png
Kamuning,2025-01-05,22,2025-01-05 22:00,60,verified,010125-010725.pdf,3,2024_December1January14_010125-010725_p03.png
Kamuning,2025-01-05,23,2025-01-05 23:00,40,verified,010125-010725.pdf,3,2024_December1January14_010125-010725_p03.png
Kamuning,2025-01-05,0,2025-01-06 00:00,30,verified,010125-010725.pdf,3,2024_December1January14_010125-010725_p03.png
Kamuning,2025-01-05,1,2025-01-06 01:00,12,verified,010125-010725.pdf,3,2024_December1January14_010125-010725_p03.png
Kamuning,2025-01-05,2,2025-01-06 02:00,10,verified,010125-010725.pdf,3,2024_December1January14_010125-010725_p03.png
Kamuning,2025-01-05,3,2025-01-06 03:00,57,verified,010125-010725.pdf,3,2024_December1January14_010125-010725_p03.png
Kamuning,2025-01-05,4,2025-01-06 04:00,102,verified,010125-010725.pdf,3,2024_December1January14_010125-010725_p03.png
Kamuning,2025-01-05,5,2025-01-06 05:00,99,verified,010125-010725.pdf,3,2024_December1January14_010125-010725_p03.png
Kamuning,2025-01-06,6,2025-01-06 06:00,160,verified,010125-010725.pdf,4,2024_December1January14_010125-010725_p04.png
Kamuning,2025-01-06,7,2025-01-06 07:00,76,verified,010125-010725.pdf,4,2024_December1January14_010125-010725_p04.png
Kamuning,2025-01-06,8,2025-01-06 08:00,56,verified,010125-010725.pdf,4,2024_December1January14_010125-010725_p04.png
Kamuning,2025-01-06,9,2025-01-06 09:00,39,verified,010125-010725.pdf,4,2024_December1January14_010125-010725_p04.png
Kamuning,2025-01-06,10,2025-01-06 10:00,68,verified,010125-010725.pdf,4,2024_December1January14_010125-010725_p04.png
Kamuning,2025-01-06,11,2025-01-06 11:00,48,verified,010125-010725.pdf,4,2024_December1January14_010125-010725_p04.png
Kamuning,2025-01-06,12,2025-01-06 12:00,66,verified,010125-010725.pdf,4,2024_December1January14_010125-010725_p04.png
Kamuning,2025-01-06,13,2025-01-06 13:00,39,verified,010125-010725.pdf,4,2024_December1January14_010125-010725_p04.png
Kamuning,2025-01-06,14,2025-01-06 14:00,112,verified,010125-010725.pdf,4,2024_December1January14_010125-010725_p04.png
Kamuning,2025-01-06,15,2025-01-06 15:00,113,verified,010125-010725.pdf,4,2024_December1January14_010125-010725_p04.png
Kamuning,2025-01-06,16,2025-01-06 16:00,231,verified,010125-010725.pdf,4,2024_December1January14_010125-010725_p04.png
Kamuning,2025-01-06,17,2025-01-06 17:00,167,verified,010125-010725.pdf,4,2024_December1January14_010125-010725_p04.png
Kamuning,2025-01-06,18,2025-01-06 18:00,185,verified,010125-010725.pdf,4,2024_December1January14_010125-010725_p04.png
Kamuning,2025-01-06,19,2025-01-06 19:00,146,verified,010125-010725.pdf,4,2024_December1January14_010125-010725_p04.png
Kamuning,2025-01-06,20,2025-01-06 20:00,49,verified,010125-010725.pdf,4,2024_December1January14_010125-010725_p04.png
Kamuning,2025-01-06,21,2025-01-06 21:00,56,verified,010125-010725.pdf,4,2024_December1January14_010125-010725_p04.png
Kamuning,2025-01-06,22,2025-01-06 22:00,188,verified,010125-010725.pdf,4,2024_December1January14_010125-010725_p04.png
Kamuning,2025-01-06,23,2025-01-06 23:00,45,verified,010125-010725.pdf,4,2024_December1January14_010125-010725_p04.png
Kamuning,2025-01-06,0,2025-01-07 00:00,40,verified,010125-010725.pdf,4,2024_December1January14_010125-010725_p04.png
Kamuning,2025-01-06,1,2025-01-07 01:00,18,verified,010125-010725.pdf,4,2024_December1January14_010125-010725_p04.png
Kamuning,2025-01-06,2,2025-01-07 02:00,28,verified,010125-010725.pdf,4,2024_December1January14_010125-010725_p04.png
Kamuning,2025-01-06,3,2025-01-07 03:00,30,verified,010125-010725.pdf,4,2024_December1January14_010125-010725_p04.png
Kamuning,2025-01-06,4,2025-01-07 04:00,39,verified,010125-010725.pdf,4,2024_December1January14_010125-010725_p04.png
Kamuning,2025-01-06,5,2025-01-07 05:00,69,verified,010125-010725.pdf,4,2024_December1January14_010125-010725_p04.png
Kamuning,2025-01-07,6,2025-01-07 06:00,159,verified,010125-010725.pdf,4,2024_December1January14_010125-010725_p04.png
Kamuning,2025-01-07,7,2025-01-07 07:00,120,verified,010125-010725.pdf,4,2024_December1January14_010125-010725_p04.png
Kamuning,2025-01-07,8,2025-01-07 08:00,114,verified,010125-010725.pdf,4,2024_December1January14_010125-010725_p04.png
Kamuning,2025-01-07,9,2025-01-07 09:00,63,verified,010125-010725.pdf,4,2024_December1January14_010125-010725_p04.png
Kamuning,2025-01-07,10,2025-01-07 10:00,98,verified,010125-010725.pdf,4,2024_December1January14_010125-010725_p04.png
Kamuning,2025-01-07,11,2025-01-07 11:00,36,verified,010125-010725.pdf,4,2024_December1January14_010125-010725_p04.png
Kamuning,2025-01-07,12,2025-01-07 12:00,31,verified,010125-010725.pdf,4,2024_December1January14_010125-010725_p04.png
Kamuning,2025-01-07,13,2025-01-07 13:00,29,verified,010125-010725.pdf,4,2024_December1January14_010125-010725_p04.png
Kamuning,2025-01-07,14,2025-01-07 14:00,63,verified,010125-010725.pdf,4,2024_December1January14_010125-010725_p04.png
Kamuning,2025-01-07,15,2025-01-07 15:00,140,verified,010125-010725.pdf,4,2024_December1January14_010125-010725_p04.png
Kamuning,2025-01-07,16,2025-01-07 16:00,164,verified,010125-010725.pdf,4,2024_December1January14_010125-010725_p04.png
Kamuning,2025-01-07,17,2025-01-07 17:00,232,verified,010125-010725.pdf,4,2024_December1January14_010125-010725_p04.png
Kamuning,2025-01-07,18,2025-01-07 18:00,172,verified,010125-010725.pdf,4,2024_December1January14_010125-010725_p04.png
Kamuning,2025-01-07,19,2025-01-07 19:00,192,verified,010125-010725.pdf,4,2024_December1January14_010125-010725_p04.png
Kamuning,2025-01-07,20,2025-01-07 20:00,92,verified,010125-010725.pdf,4,2024_December1January14_010125-010725_p04.png
Kamuning,2025-01-07,21,2025-01-07 21:00,53,verified,010125-010725.pdf,4,2024_December1January14_010125-010725_p04.png
Kamuning,2025-01-07,22,2025-01-07 22:00,50,verified,010125-010725.pdf,4,2024_December1January14_010125-010725_p04.png
Kamuning,2025-01-07,23,2025-01-07 23:00,20,verified,010125-010725.pdf,4,2024_December1January14_010125-010725_p04.png
Kamuning,2025-01-07,0,2025-01-08 00:00,10,verified,010125-010725.pdf,4,2024_December1January14_010125-010725_p04.png
Kamuning,2025-01-07,1,2025-01-08 01:00,15,verified,010125-010725.pdf,4,2024_December1January14_010125-010725_p04.png
Kamuning,2025-01-07,2,2025-01-08 02:00,7,verified,010125-010725.pdf,4,2024_December1January14_010125-010725_p04.png
Kamuning,2025-01-07,3,2025-01-08 03:00,25,verified,010125-010725.pdf,4,2024_December1January14_010125-010725_p04.png
Kamuning,2025-01-07,4,2025-01-08 04:00,30,verified,010125-010725.pdf,4,2024_December1January14_010125-010725_p04.png
Kamuning,2025-01-07,5,2025-01-08 05:00,49,verified,010125-010725.pdf,4,2024_December1January14_010125-010725_p04.png
Kamuning,2025-01-08,6,2025-01-08 06:00,168,mismatch,010825-011425.pdf,1,2024_December1January14_010825-011425_p01.png
Kamuning,2025-01-08,7,2025-01-08 07:00,178,mismatch,010825-011425.pdf,1,2024_December1January14_010825-011425_p01.png
Kamuning,2025-01-08,8,2025-01-08 08:00,116,mismatch,010825-011425.pdf,1,2024_December1January14_010825-011425_p01.png
Kamuning,2025-01-08,9,2025-01-08 09:00,98,mismatch,010825-011425.pdf,1,2024_December1January14_010825-011425_p01.png
Kamuning,2025-01-08,10,2025-01-08 10:00,57,mismatch,010825-011425.pdf,1,2024_December1January14_010825-011425_p01.png
Kamuning,2025-01-08,11,2025-01-08 11:00,102,mismatch,010825-011425.pdf,1,2024_December1January14_010825-011425_p01.png
Kamuning,2025-01-08,12,2025-01-08 12:00,99,mismatch,010825-011425.pdf,1,2024_December1January14_010825-011425_p01.png
Kamuning,2025-01-08,13,2025-01-08 13:00,59,mismatch,010825-011425.pdf,1,2024_December1January14_010825-011425_p01.png
Kamuning,2025-01-08,14,2025-01-08 14:00,109,mismatch,010825-011425.pdf,1,2024_December1January14_010825-011425_p01.png
Kamuning,2025-01-08,15,2025-01-08 15:00,90,mismatch,010825-011425.pdf,1,2024_December1January14_010825-011425_p01.png
Kamuning,2025-01-08,16,2025-01-08 16:00,166,mismatch,010825-011425.pdf,1,2024_December1January14_010825-011425_p01.png
Kamuning,2025-01-08,17,2025-01-08 17:00,184,mismatch,010825-011425.pdf,1,2024_December1January14_010825-011425_p01.png
Kamuning,2025-01-08,18,2025-01-08 18:00,124,mismatch,010825-011425.pdf,1,2024_December1January14_010825-011425_p01.png
Kamuning,2025-01-08,19,2025-01-08 19:00,61,mismatch,010825-011425.pdf,1,2024_December1January14_010825-011425_p01.png
Kamuning,2025-01-08,20,2025-01-08 20:00,91,mismatch,010825-011425.pdf,1,2024_December1January14_010825-011425_p01.png
Kamuning,2025-01-08,21,2025-01-08 21:00,80,mismatch,010825-011425.pdf,1,2024_December1January14_010825-011425_p01.png
Kamuning,2025-01-08,22,2025-01-08 22:00,110,mismatch,010825-011425.pdf,1,2024_December1January14_010825-011425_p01.png
Kamuning,2025-01-08,23,2025-01-08 23:00,30,mismatch,010825-011425.pdf,1,2024_December1January14_010825-011425_p01.png
Kamuning,2025-01-08,0,2025-01-09 00:00,25,mismatch,010825-011425.pdf,1,2024_December1January14_010825-011425_p01.png
Kamuning,2025-01-08,1,2025-01-09 01:00,23,mismatch,010825-011425.pdf,1,2024_December1January14_010825-011425_p01.png
Kamuning,2025-01-08,2,2025-01-09 02:00,10,mismatch,010825-011425.pdf,1,2024_December1January14_010825-011425_p01.png
Kamuning,2025-01-08,3,2025-01-09 03:00,30,mismatch,010825-011425.pdf,1,2024_December1January14_010825-011425_p01.png
Kamuning,2025-01-08,4,2025-01-09 04:00,75,mismatch,010825-011425.pdf,1,2024_December1January14_010825-011425_p01.png
Kamuning,2025-01-08,5,2025-01-09 05:00,58,mismatch,010825-011425.pdf,1,2024_December1January14_010825-011425_p01.png
Kamuning,2025-01-09,6,2025-01-09 06:00,165,verified,010825-011425.pdf,2,2024_December1January14_010825-011425_p02.png
Kamuning,2025-01-09,7,2025-01-09 07:00,180,verified,010825-011425.pdf,2,2024_December1January14_010825-011425_p02.png
Kamuning,2025-01-09,8,2025-01-09 08:00,116,verified,010825-011425.pdf,2,2024_December1January14_010825-011425_p02.png
Kamuning,2025-01-09,9,2025-01-09 09:00,120,verified,010825-011425.pdf,2,2024_December1January14_010825-011425_p02.png
Kamuning,2025-01-09,10,2025-01-09 10:00,78,verified,010825-011425.pdf,2,2024_December1January14_010825-011425_p02.png
Kamuning,2025-01-09,11,2025-01-09 11:00,119,verified,010825-011425.pdf,2,2024_December1January14_010825-011425_p02.png
Kamuning,2025-01-09,12,2025-01-09 12:00,87,verified,010825-011425.pdf,2,2024_December1January14_010825-011425_p02.png
Kamuning,2025-01-09,13,2025-01-09 13:00,164,verified,010825-011425.pdf,2,2024_December1January14_010825-011425_p02.png
Kamuning,2025-01-09,14,2025-01-09 14:00,114,verified,010825-011425.pdf,2,2024_December1January14_010825-011425_p02.png
Kamuning,2025-01-09,15,2025-01-09 15:00,176,verified,010825-011425.pdf,2,2024_December1January14_010825-011425_p02.png
Kamuning,2025-01-09,16,2025-01-09 16:00,278,verified,010825-011425.pdf,2,2024_December1January14_010825-011425_p02.png
Kamuning,2025-01-09,17,2025-01-09 17:00,202,verified,010825-011425.pdf,2,2024_December1January14_010825-011425_p02.png
Kamuning,2025-01-09,18,2025-01-09 18:00,198,verified,010825-011425.pdf,2,2024_December1January14_010825-011425_p02.png
Kamuning,2025-01-09,19,2025-01-09 19:00,86,verified,010825-011425.pdf,2,2024_December1January14_010825-011425_p02.png
Kamuning,2025-01-09,20,2025-01-09 20:00,160,verified,010825-011425.pdf,2,2024_December1January14_010825-011425_p02.png
Kamuning,2025-01-09,21,2025-01-09 21:00,89,verified,010825-011425.pdf,2,2024_December1January14_010825-011425_p02.png
Kamuning,2025-01-09,22,2025-01-09 22:00,47,verified,010825-011425.pdf,2,2024_December1January14_010825-011425_p02.png
Kamuning,2025-01-09,23,2025-01-09 23:00,20,verified,010825-011425.pdf,2,2024_December1January14_010825-011425_p02.png
Kamuning,2025-01-09,0,2025-01-10 00:00,10,verified,010825-011425.pdf,2,2024_December1January14_010825-011425_p02.png
Kamuning,2025-01-09,1,2025-01-10 01:00,40,verified,010825-011425.pdf,2,2024_December1January14_010825-011425_p02.png
Kamuning,2025-01-09,2,2025-01-10 02:00,15,verified,010825-011425.pdf,2,2024_December1January14_010825-011425_p02.png
Kamuning,2025-01-09,3,2025-01-10 03:00,25,verified,010825-011425.pdf,2,2024_December1January14_010825-011425_p02.png
Kamuning,2025-01-09,4,2025-01-10 04:00,26,verified,010825-011425.pdf,2,2024_December1January14_010825-011425_p02.png
Kamuning,2025-01-09,5,2025-01-10 05:00,81,verified,010825-011425.pdf,2,2024_December1January14_010825-011425_p02.png
Kamuning,2025-01-10,6,2025-01-10 06:00,101,verified,010825-011425.pdf,2,2024_December1January14_010825-011425_p02.png
Kamuning,2025-01-10,7,2025-01-10 07:00,164,verified,010825-011425.pdf,2,2024_December1January14_010825-011425_p02.png
Kamuning,2025-01-10,8,2025-01-10 08:00,95,verified,010825-011425.pdf,2,2024_December1January14_010825-011425_p02.png
Kamuning,2025-01-10,9,2025-01-10 09:00,55,verified,010825-011425.pdf,2,2024_December1January14_010825-011425_p02.png
Kamuning,2025-01-10,10,2025-01-10 10:00,44,verified,010825-011425.pdf,2,2024_December1January14_010825-011425_p02.png
Kamuning,2025-01-10,11,2025-01-10 11:00,83,verified,010825-011425.pdf,2,2024_December1January14_010825-011425_p02.png
Kamuning,2025-01-10,12,2025-01-10 12:00,105,verified,010825-011425.pdf,2,2024_December1January14_010825-011425_p02.png
Kamuning,2025-01-10,13,2025-01-10 13:00,99,verified,010825-011425.pdf,2,2024_December1January14_010825-011425_p02.png
Kamuning,2025-01-10,14,2025-01-10 14:00,106,verified,010825-011425.pdf,2,2024_December1January14_010825-011425_p02.png
Kamuning,2025-01-10,15,2025-01-10 15:00,107,verified,010825-011425.pdf,2,2024_December1January14_010825-011425_p02.png
Kamuning,2025-01-10,16,2025-01-10 16:00,209,verified,010825-011425.pdf,2,2024_December1January14_010825-011425_p02.png
Kamuning,2025-01-10,17,2025-01-10 17:00,281,verified,010825-011425.pdf,2,2024_December1January14_010825-011425_p02.png
Kamuning,2025-01-10,18,2025-01-10 18:00,183,verified,010825-011425.pdf,2,2024_December1January14_010825-011425_p02.png
Kamuning,2025-01-10,19,2025-01-10 19:00,149,verified,010825-011425.pdf,2,2024_December1January14_010825-011425_p02.png
Kamuning,2025-01-10,20,2025-01-10 20:00,127,verified,010825-011425.pdf,2,2024_December1January14_010825-011425_p02.png
Kamuning,2025-01-10,21,2025-01-10 21:00,68,verified,010825-011425.pdf,2,2024_December1January14_010825-011425_p02.png
Kamuning,2025-01-10,22,2025-01-10 22:00,49,verified,010825-011425.pdf,2,2024_December1January14_010825-011425_p02.png
Kamuning,2025-01-10,23,2025-01-10 23:00,10,verified,010825-011425.pdf,2,2024_December1January14_010825-011425_p02.png
Kamuning,2025-01-10,0,2025-01-11 00:00,13,verified,010825-011425.pdf,2,2024_December1January14_010825-011425_p02.png
Kamuning,2025-01-10,1,2025-01-11 01:00,21,verified,010825-011425.pdf,2,2024_December1January14_010825-011425_p02.png
Kamuning,2025-01-10,2,2025-01-11 02:00,18,verified,010825-011425.pdf,2,2024_December1January14_010825-011425_p02.png
Kamuning,2025-01-10,3,2025-01-11 03:00,21,verified,010825-011425.pdf,2,2024_December1January14_010825-011425_p02.png
Kamuning,2025-01-10,4,2025-01-11 04:00,23,verified,010825-011425.pdf,2,2024_December1January14_010825-011425_p02.png
Kamuning,2025-01-10,5,2025-01-11 05:00,49,verified,010825-011425.pdf,2,2024_December1January14_010825-011425_p02.png
Kamuning,2025-01-11,6,2025-01-11 06:00,39,verified,010825-011425.pdf,3,2024_December1January14_010825-011425_p03.png
Kamuning,2025-01-11,7,2025-01-11 07:00,74,verified,010825-011425.pdf,3,2024_December1January14_010825-011425_p03.png
Kamuning,2025-01-11,8,2025-01-11 08:00,86,verified,010825-011425.pdf,3,2024_December1January14_010825-011425_p03.png
Kamuning,2025-01-11,9,2025-01-11 09:00,38,verified,010825-011425.pdf,3,2024_December1January14_010825-011425_p03.png
Kamuning,2025-01-11,10,2025-01-11 10:00,57,verified,010825-011425.pdf,3,2024_December1January14_010825-011425_p03.png
Kamuning,2025-01-11,11,2025-01-11 11:00,39,verified,010825-011425.pdf,3,2024_December1January14_010825-011425_p03.png
Kamuning,2025-01-11,12,2025-01-11 12:00,73,verified,010825-011425.pdf,3,2024_December1January14_010825-011425_p03.png
Kamuning,2025-01-11,13,2025-01-11 13:00,69,verified,010825-011425.pdf,3,2024_December1January14_010825-011425_p03.png
Kamuning,2025-01-11,14,2025-01-11 14:00,68,verified,010825-011425.pdf,3,2024_December1January14_010825-011425_p03.png
Kamuning,2025-01-11,15,2025-01-11 15:00,97,verified,010825-011425.pdf,3,2024_December1January14_010825-011425_p03.png
Kamuning,2025-01-11,16,2025-01-11 16:00,126,verified,010825-011425.pdf,3,2024_December1January14_010825-011425_p03.png
Kamuning,2025-01-11,17,2025-01-11 17:00,156,verified,010825-011425.pdf,3,2024_December1January14_010825-011425_p03.png
Kamuning,2025-01-11,18,2025-01-11 18:00,86,verified,010825-011425.pdf,3,2024_December1January14_010825-011425_p03.png
Kamuning,2025-01-11,19,2025-01-11 19:00,84,verified,010825-011425.pdf,3,2024_December1January14_010825-011425_p03.png
Kamuning,2025-01-11,20,2025-01-11 20:00,83,verified,010825-011425.pdf,3,2024_December1January14_010825-011425_p03.png
Kamuning,2025-01-11,21,2025-01-11 21:00,75,verified,010825-011425.pdf,3,2024_December1January14_010825-011425_p03.png
Kamuning,2025-01-11,22,2025-01-11 22:00,154,verified,010825-011425.pdf,3,2024_December1January14_010825-011425_p03.png
Kamuning,2025-01-11,23,2025-01-11 23:00,45,verified,010825-011425.pdf,3,2024_December1January14_010825-011425_p03.png
Kamuning,2025-01-11,0,2025-01-12 00:00,29,verified,010825-011425.pdf,3,2024_December1January14_010825-011425_p03.png
Kamuning,2025-01-11,1,2025-01-12 01:00,22,verified,010825-011425.pdf,3,2024_December1January14_010825-011425_p03.png
Kamuning,2025-01-11,2,2025-01-12 02:00,17,verified,010825-011425.pdf,3,2024_December1January14_010825-011425_p03.png
Kamuning,2025-01-11,3,2025-01-12 03:00,25,verified,010825-011425.pdf,3,2024_December1January14_010825-011425_p03.png
Kamuning,2025-01-11,4,2025-01-12 04:00,33,verified,010825-011425.pdf,3,2024_December1January14_010825-011425_p03.png
Kamuning,2025-01-11,5,2025-01-12 05:00,58,verified,010825-011425.pdf,3,2024_December1January14_010825-011425_p03.png
Kamuning,2025-01-12,6,2025-01-12 06:00,71,verified,010825-011425.pdf,3,2024_December1January14_010825-011425_p03.png
Kamuning,2025-01-12,7,2025-01-12 07:00,32,verified,010825-011425.pdf,3,2024_December1January14_010825-011425_p03.png
Kamuning,2025-01-12,8,2025-01-12 08:00,33,verified,010825-011425.pdf,3,2024_December1January14_010825-011425_p03.png
Kamuning,2025-01-12,9,2025-01-12 09:00,50,verified,010825-011425.pdf,3,2024_December1January14_010825-011425_p03.png
Kamuning,2025-01-12,10,2025-01-12 10:00,38,verified,010825-011425.pdf,3,2024_December1January14_010825-011425_p03.png
Kamuning,2025-01-12,11,2025-01-12 11:00,73,verified,010825-011425.pdf,3,2024_December1January14_010825-011425_p03.png
Kamuning,2025-01-12,12,2025-01-12 12:00,19,verified,010825-011425.pdf,3,2024_December1January14_010825-011425_p03.png
Kamuning,2025-01-12,13,2025-01-12 13:00,15,verified,010825-011425.pdf,3,2024_December1January14_010825-011425_p03.png
Kamuning,2025-01-12,14,2025-01-12 14:00,46,verified,010825-011425.pdf,3,2024_December1January14_010825-011425_p03.png
Kamuning,2025-01-12,15,2025-01-12 15:00,110,verified,010825-011425.pdf,3,2024_December1January14_010825-011425_p03.png
Kamuning,2025-01-12,16,2025-01-12 16:00,71,verified,010825-011425.pdf,3,2024_December1January14_010825-011425_p03.png
Kamuning,2025-01-12,17,2025-01-12 17:00,60,verified,010825-011425.pdf,3,2024_December1January14_010825-011425_p03.png
Kamuning,2025-01-12,18,2025-01-12 18:00,48,verified,010825-011425.pdf,3,2024_December1January14_010825-011425_p03.png
Kamuning,2025-01-12,19,2025-01-12 19:00,62,verified,010825-011425.pdf,3,2024_December1January14_010825-011425_p03.png
Kamuning,2025-01-12,20,2025-01-12 20:00,56,verified,010825-011425.pdf,3,2024_December1January14_010825-011425_p03.png
Kamuning,2025-01-12,21,2025-01-12 21:00,61,verified,010825-011425.pdf,3,2024_December1January14_010825-011425_p03.png
Kamuning,2025-01-12,22,2025-01-12 22:00,157,verified,010825-011425.pdf,3,2024_December1January14_010825-011425_p03.png
Kamuning,2025-01-12,23,2025-01-12 23:00,25,verified,010825-011425.pdf,3,2024_December1January14_010825-011425_p03.png
Kamuning,2025-01-12,0,2025-01-13 00:00,30,verified,010825-011425.pdf,3,2024_December1January14_010825-011425_p03.png
Kamuning,2025-01-12,1,2025-01-13 01:00,45,verified,010825-011425.pdf,3,2024_December1January14_010825-011425_p03.png
Kamuning,2025-01-12,2,2025-01-13 02:00,58,verified,010825-011425.pdf,3,2024_December1January14_010825-011425_p03.png
Kamuning,2025-01-12,3,2025-01-13 03:00,120,verified,010825-011425.pdf,3,2024_December1January14_010825-011425_p03.png
Kamuning,2025-01-12,4,2025-01-13 04:00,29,verified,010825-011425.pdf,3,2024_December1January14_010825-011425_p03.png
Kamuning,2025-01-12,5,2025-01-13 05:00,33,verified,010825-011425.pdf,3,2024_December1January14_010825-011425_p03.png
Kamuning,2025-01-13,6,2025-01-13 06:00,183,verified,010825-011425.pdf,4,2024_December1January14_010825-011425_p04.png
Kamuning,2025-01-13,7,2025-01-13 07:00,194,verified,010825-011425.pdf,4,2024_December1January14_010825-011425_p04.png
Kamuning,2025-01-13,8,2025-01-13 08:00,228,verified,010825-011425.pdf,4,2024_December1January14_010825-011425_p04.png
Kamuning,2025-01-13,9,2025-01-13 09:00,188,verified,010825-011425.pdf,4,2024_December1January14_010825-011425_p04.png
Kamuning,2025-01-13,10,2025-01-13 10:00,87,verified,010825-011425.pdf,4,2024_December1January14_010825-011425_p04.png
Kamuning,2025-01-13,11,2025-01-13 11:00,77,verified,010825-011425.pdf,4,2024_December1January14_010825-011425_p04.png
Kamuning,2025-01-13,12,2025-01-13 12:00,54,verified,010825-011425.pdf,4,2024_December1January14_010825-011425_p04.png
Kamuning,2025-01-13,13,2025-01-13 13:00,48,verified,010825-011425.pdf,4,2024_December1January14_010825-011425_p04.png
Kamuning,2025-01-13,14,2025-01-13 14:00,89,verified,010825-011425.pdf,4,2024_December1January14_010825-011425_p04.png
Kamuning,2025-01-13,15,2025-01-13 15:00,83,verified,010825-011425.pdf,4,2024_December1January14_010825-011425_p04.png
Kamuning,2025-01-13,16,2025-01-13 16:00,232,verified,010825-011425.pdf,4,2024_December1January14_010825-011425_p04.png
Kamuning,2025-01-13,17,2025-01-13 17:00,251,verified,010825-011425.pdf,4,2024_December1January14_010825-011425_p04.png
Kamuning,2025-01-13,18,2025-01-13 18:00,187,verified,010825-011425.pdf,4,2024_December1January14_010825-011425_p04.png
Kamuning,2025-01-13,19,2025-01-13 19:00,175,verified,010825-011425.pdf,4,2024_December1January14_010825-011425_p04.png
Kamuning,2025-01-13,20,2025-01-13 20:00,86,verified,010825-011425.pdf,4,2024_December1January14_010825-011425_p04.png
Kamuning,2025-01-13,21,2025-01-13 21:00,42,verified,010825-011425.pdf,4,2024_December1January14_010825-011425_p04.png
Kamuning,2025-01-13,22,2025-01-13 22:00,105,verified,010825-011425.pdf,4,2024_December1January14_010825-011425_p04.png
Kamuning,2025-01-13,23,2025-01-13 23:00,75,verified,010825-011425.pdf,4,2024_December1January14_010825-011425_p04.png
Kamuning,2025-01-13,0,2025-01-14 00:00,20,verified,010825-011425.pdf,4,2024_December1January14_010825-011425_p04.png
Kamuning,2025-01-13,1,2025-01-14 01:00,30,verified,010825-011425.pdf,4,2024_December1January14_010825-011425_p04.png
Kamuning,2025-01-13,2,2025-01-14 02:00,63,verified,010825-011425.pdf,4,2024_December1January14_010825-011425_p04.png
Kamuning,2025-01-13,3,2025-01-14 03:00,48,verified,010825-011425.pdf,4,2024_December1January14_010825-011425_p04.png
Kamuning,2025-01-13,4,2025-01-14 04:00,45,verified,010825-011425.pdf,4,2024_December1January14_010825-011425_p04.png
Kamuning,2025-01-13,5,2025-01-14 05:00,96,verified,010825-011425.pdf,4,2024_December1January14_010825-011425_p04.png
Kamuning,2025-01-14,6,2025-01-14 06:00,182,verified,010825-011425.pdf,4,2024_December1January14_010825-011425_p04.png
Kamuning,2025-01-14,7,2025-01-14 07:00,103,verified,010825-011425.pdf,4,2024_December1January14_010825-011425_p04.png
Kamuning,2025-01-14,8,2025-01-14 08:00,119,verified,010825-011425.pdf,4,2024_December1January14_010825-011425_p04.png
Kamuning,2025-01-14,9,2025-01-14 09:00,107,verified,010825-011425.pdf,4,2024_December1January14_010825-011425_p04.png
Kamuning,2025-01-14,10,2025-01-14 10:00,91,verified,010825-011425.pdf,4,2024_December1January14_010825-011425_p04.png
Kamuning,2025-01-14,11,2025-01-14 11:00,60,verified,010825-011425.pdf,4,2024_December1January14_010825-011425_p04.png
Kamuning,2025-01-14,12,2025-01-14 12:00,77,verified,010825-011425.pdf,4,2024_December1January14_010825-011425_p04.png
Kamuning,2025-01-14,13,2025-01-14 13:00,52,verified,010825-011425.pdf,4,2024_December1January14_010825-011425_p04.png
Kamuning,2025-01-14,14,2025-01-14 14:00,123,verified,010825-011425.pdf,4,2024_December1January14_010825-011425_p04.png
Kamuning,2025-01-14,15,2025-01-14 15:00,89,verified,010825-011425.pdf,4,2024_December1January14_010825-011425_p04.png
Kamuning,2025-01-14,16,2025-01-14 16:00,102,verified,010825-011425.pdf,4,2024_December1January14_010825-011425_p04.png
Kamuning,2025-01-14,17,2025-01-14 17:00,91,verified,010825-011425.pdf,4,2024_December1January14_010825-011425_p04.png
Kamuning,2025-01-14,18,2025-01-14 18:00,255,verified,010825-011425.pdf,4,2024_December1January14_010825-011425_p04.png
Kamuning,2025-01-14,19,2025-01-14 19:00,193,verified,010825-011425.pdf,4,2024_December1January14_010825-011425_p04.png
Kamuning,2025-01-14,20,2025-01-14 20:00,106,verified,010825-011425.pdf,4,2024_December1January14_010825-011425_p04.png
Kamuning,2025-01-14,21,2025-01-14 21:00,103,verified,010825-011425.pdf,4,2024_December1January14_010825-011425_p04.png
Kamuning,2025-01-14,22,2025-01-14 22:00,165,verified,010825-011425.pdf,4,2024_December1January14_010825-011425_p04.png
Kamuning,2025-01-14,23,2025-01-14 23:00,79,verified,010825-011425.pdf,4,2024_December1January14_010825-011425_p04.png
Kamuning,2025-01-14,0,2025-01-15 00:00,58,verified,010825-011425.pdf,4,2024_December1January14_010825-011425_p04.png
Kamuning,2025-01-14,1,2025-01-15 01:00,18,verified,010825-011425.pdf,4,2024_December1January14_010825-011425_p04.png
Kamuning,2025-01-14,2,2025-01-15 02:00,15,verified,010825-011425.pdf,4,2024_December1January14_010825-011425_p04.png
Kamuning,2025-01-14,3,2025-01-15 03:00,39,verified,010825-011425.pdf,4,2024_December1January14_010825-011425_p04.png
Kamuning,2025-01-14,4,2025-01-15 04:00,98,verified,010825-011425.pdf,4,2024_December1January14_010825-011425_p04.png
Kamuning,2025-01-14,5,2025-01-15 05:00,76,verified,010825-011425.pdf,4,2024_December1January14_010825-011425_p04.png
Kamuning,2025-01-15,6,2025-01-15 06:00,157,verified,Jan15-21.pdf,1,2025_January15February282025_Jan15-21_p01.png
Kamuning,2025-01-15,7,2025-01-15 07:00,211,verified,Jan15-21.pdf,1,2025_January15February282025_Jan15-21_p01.png
Kamuning,2025-01-15,8,2025-01-15 08:00,56,verified,Jan15-21.pdf,1,2025_January15February282025_Jan15-21_p01.png
Kamuning,2025-01-15,9,2025-01-15 09:00,87,verified,Jan15-21.pdf,1,2025_January15February282025_Jan15-21_p01.png
Kamuning,2025-01-15,10,2025-01-15 10:00,121,verified,Jan15-21.pdf,1,2025_January15February282025_Jan15-21_p01.png
Kamuning,2025-01-15,11,2025-01-15 11:00,49,verified,Jan15-21.pdf,1,2025_January15February282025_Jan15-21_p01.png
Kamuning,2025-01-15,12,2025-01-15 12:00,32,verified,Jan15-21.pdf,1,2025_January15February282025_Jan15-21_p01.png
Kamuning,2025-01-15,13,2025-01-15 13:00,49,verified,Jan15-21.pdf,1,2025_January15February282025_Jan15-21_p01.png
Kamuning,2025-01-15,14,2025-01-15 14:00,87,verified,Jan15-21.pdf,1,2025_January15February282025_Jan15-21_p01.png
Kamuning,2025-01-15,15,2025-01-15 15:00,91,verified,Jan15-21.pdf,1,2025_January15February282025_Jan15-21_p01.png
Kamuning,2025-01-15,16,2025-01-15 16:00,181,verified,Jan15-21.pdf,1,2025_January15February282025_Jan15-21_p01.png
Kamuning,2025-01-15,17,2025-01-15 17:00,217,verified,Jan15-21.pdf,1,2025_January15February282025_Jan15-21_p01.png
Kamuning,2025-01-15,18,2025-01-15 18:00,175,verified,Jan15-21.pdf,1,2025_January15February282025_Jan15-21_p01.png
Kamuning,2025-01-15,19,2025-01-15 19:00,180,verified,Jan15-21.pdf,1,2025_January15February282025_Jan15-21_p01.png
Kamuning,2025-01-15,20,2025-01-15 20:00,126,verified,Jan15-21.pdf,1,2025_January15February282025_Jan15-21_p01.png
Kamuning,2025-01-15,21,2025-01-15 21:00,86,verified,Jan15-21.pdf,1,2025_January15February282025_Jan15-21_p01.png
Kamuning,2025-01-15,22,2025-01-15 22:00,85,verified,Jan15-21.pdf,1,2025_January15February282025_Jan15-21_p01.png
Kamuning,2025-01-15,23,2025-01-15 23:00,35,verified,Jan15-21.pdf,1,2025_January15February282025_Jan15-21_p01.png
Kamuning,2025-01-15,0,2025-01-16 00:00,10,verified,Jan15-21.pdf,1,2025_January15February282025_Jan15-21_p01.png
Kamuning,2025-01-15,1,2025-01-16 01:00,13,verified,Jan15-21.pdf,1,2025_January15February282025_Jan15-21_p01.png
Kamuning,2025-01-15,2,2025-01-16 02:00,17,verified,Jan15-21.pdf,1,2025_January15February282025_Jan15-21_p01.png
Kamuning,2025-01-15,3,2025-01-16 03:00,45,verified,Jan15-21.pdf,1,2025_January15February282025_Jan15-21_p01.png
Kamuning,2025-01-15,4,2025-01-16 04:00,38,verified,Jan15-21.pdf,1,2025_January15February282025_Jan15-21_p01.png
Kamuning,2025-01-15,5,2025-01-16 05:00,27,verified,Jan15-21.pdf,1,2025_January15February282025_Jan15-21_p01.png
Kamuning,2025-01-16,6,2025-01-16 06:00,155,verified,Jan15-21.pdf,2,2025_January15February282025_Jan15-21_p02.png
Kamuning,2025-01-16,7,2025-01-16 07:00,223,verified,Jan15-21.pdf,2,2025_January15February282025_Jan15-21_p02.png
Kamuning,2025-01-16,8,2025-01-16 08:00,91,verified,Jan15-21.pdf,2,2025_January15February282025_Jan15-21_p02.png
Kamuning,2025-01-16,9,2025-01-16 09:00,75,verified,Jan15-21.pdf,2,2025_January15February282025_Jan15-21_p02.png
Kamuning,2025-01-16,10,2025-01-16 10:00,71,verified,Jan15-21.pdf,2,2025_January15February282025_Jan15-21_p02.png
Kamuning,2025-01-16,11,2025-01-16 11:00,52,verified,Jan15-21.pdf,2,2025_January15February282025_Jan15-21_p02.png
Kamuning,2025-01-16,12,2025-01-16 12:00,70,verified,Jan15-21.pdf,2,2025_January15February282025_Jan15-21_p02.png
Kamuning,2025-01-16,13,2025-01-16 13:00,45,verified,Jan15-21.pdf,2,2025_January15February282025_Jan15-21_p02.png
Kamuning,2025-01-16,14,2025-01-16 14:00,60,verified,Jan15-21.pdf,2,2025_January15February282025_Jan15-21_p02.png
Kamuning,2025-01-16,15,2025-01-16 15:00,103,verified,Jan15-21.pdf,2,2025_January15February282025_Jan15-21_p02.png
Kamuning,2025-01-16,16,2025-01-16 16:00,189,verified,Jan15-21.pdf,2,2025_January15February282025_Jan15-21_p02.png
Kamuning,2025-01-16,17,2025-01-16 17:00,361,verified,Jan15-21.pdf,2,2025_January15February282025_Jan15-21_p02.png
Kamuning,2025-01-16,18,2025-01-16 18:00,453,verified,Jan15-21.pdf,2,2025_January15February282025_Jan15-21_p02.png
Kamuning,2025-01-16,19,2025-01-16 19:00,191,verified,Jan15-21.pdf,2,2025_January15February282025_Jan15-21_p02.png
Kamuning,2025-01-16,20,2025-01-16 20:00,106,verified,Jan15-21.pdf,2,2025_January15February282025_Jan15-21_p02.png
Kamuning,2025-01-16,21,2025-01-16 21:00,150,verified,Jan15-21.pdf,2,2025_January15February282025_Jan15-21_p02.png
Kamuning,2025-01-16,22,2025-01-16 22:00,65,verified,Jan15-21.pdf,2,2025_January15February282025_Jan15-21_p02.png
Kamuning,2025-01-16,23,2025-01-16 23:00,57,verified,Jan15-21.pdf,2,2025_January15February282025_Jan15-21_p02.png
Kamuning,2025-01-16,0,2025-01-17 00:00,85,verified,Jan15-21.pdf,2,2025_January15February282025_Jan15-21_p02.png
Kamuning,2025-01-16,1,2025-01-17 01:00,97,verified,Jan15-21.pdf,2,2025_January15February282025_Jan15-21_p02.png
Kamuning,2025-01-16,2,2025-01-17 02:00,94,verified,Jan15-21.pdf,2,2025_January15February282025_Jan15-21_p02.png
Kamuning,2025-01-16,3,2025-01-17 03:00,82,verified,Jan15-21.pdf,2,2025_January15February282025_Jan15-21_p02.png
Kamuning,2025-01-16,4,2025-01-17 04:00,75,verified,Jan15-21.pdf,2,2025_January15February282025_Jan15-21_p02.png
Kamuning,2025-01-16,5,2025-01-17 05:00,81,verified,Jan15-21.pdf,2,2025_January15February282025_Jan15-21_p02.png
Kamuning,2025-01-17,6,2025-01-17 06:00,79,verified,Jan15-21.pdf,2,2025_January15February282025_Jan15-21_p02.png
Kamuning,2025-01-17,7,2025-01-17 07:00,109,verified,Jan15-21.pdf,2,2025_January15February282025_Jan15-21_p02.png
Kamuning,2025-01-17,8,2025-01-17 08:00,208,verified,Jan15-21.pdf,2,2025_January15February282025_Jan15-21_p02.png
Kamuning,2025-01-17,9,2025-01-17 09:00,345,verified,Jan15-21.pdf,2,2025_January15February282025_Jan15-21_p02.png
Kamuning,2025-01-17,10,2025-01-17 10:00,246,verified,Jan15-21.pdf,2,2025_January15February282025_Jan15-21_p02.png
Kamuning,2025-01-17,11,2025-01-17 11:00,344,verified,Jan15-21.pdf,2,2025_January15February282025_Jan15-21_p02.png
Kamuning,2025-01-17,12,2025-01-17 12:00,281,verified,Jan15-21.pdf,2,2025_January15February282025_Jan15-21_p02.png
Kamuning,2025-01-17,13,2025-01-17 13:00,187,verified,Jan15-21.pdf,2,2025_January15February282025_Jan15-21_p02.png
Kamuning,2025-01-17,14,2025-01-17 14:00,105,verified,Jan15-21.pdf,2,2025_January15February282025_Jan15-21_p02.png
Kamuning,2025-01-17,15,2025-01-17 15:00,125,verified,Jan15-21.pdf,2,2025_January15February282025_Jan15-21_p02.png
Kamuning,2025-01-17,16,2025-01-17 16:00,191,verified,Jan15-21.pdf,2,2025_January15February282025_Jan15-21_p02.png
Kamuning,2025-01-17,17,2025-01-17 17:00,212,verified,Jan15-21.pdf,2,2025_January15February282025_Jan15-21_p02.png
Kamuning,2025-01-17,18,2025-01-17 18:00,184,verified,Jan15-21.pdf,2,2025_January15February282025_Jan15-21_p02.png
Kamuning,2025-01-17,19,2025-01-17 19:00,142,verified,Jan15-21.pdf,2,2025_January15February282025_Jan15-21_p02.png
Kamuning,2025-01-17,20,2025-01-17 20:00,119,verified,Jan15-21.pdf,2,2025_January15February282025_Jan15-21_p02.png
Kamuning,2025-01-17,21,2025-01-17 21:00,91,verified,Jan15-21.pdf,2,2025_January15February282025_Jan15-21_p02.png
Kamuning,2025-01-17,22,2025-01-17 22:00,69,verified,Jan15-21.pdf,2,2025_January15February282025_Jan15-21_p02.png
Kamuning,2025-01-17,23,2025-01-17 23:00,45,verified,Jan15-21.pdf,2,2025_January15February282025_Jan15-21_p02.png
Kamuning,2025-01-17,0,2025-01-18 00:00,31,verified,Jan15-21.pdf,2,2025_January15February282025_Jan15-21_p02.png
Kamuning,2025-01-17,1,2025-01-18 01:00,27,verified,Jan15-21.pdf,2,2025_January15February282025_Jan15-21_p02.png
Kamuning,2025-01-17,2,2025-01-18 02:00,19,verified,Jan15-21.pdf,2,2025_January15February282025_Jan15-21_p02.png
Kamuning,2025-01-17,3,2025-01-18 03:00,11,verified,Jan15-21.pdf,2,2025_January15February282025_Jan15-21_p02.png
Kamuning,2025-01-17,4,2025-01-18 04:00,15,verified,Jan15-21.pdf,2,2025_January15February282025_Jan15-21_p02.png
Kamuning,2025-01-17,5,2025-01-18 05:00,34,verified,Jan15-21.pdf,2,2025_January15February282025_Jan15-21_p02.png
Kamuning,2025-01-18,6,2025-01-18 06:00,131,verified,Jan15-21.pdf,3,2025_January15February282025_Jan15-21_p03.png
Kamuning,2025-01-18,7,2025-01-18 07:00,72,verified,Jan15-21.pdf,3,2025_January15February282025_Jan15-21_p03.png
Kamuning,2025-01-18,8,2025-01-18 08:00,61,verified,Jan15-21.pdf,3,2025_January15February282025_Jan15-21_p03.png
Kamuning,2025-01-18,9,2025-01-18 09:00,63,verified,Jan15-21.pdf,3,2025_January15February282025_Jan15-21_p03.png
Kamuning,2025-01-18,10,2025-01-18 10:00,44,verified,Jan15-21.pdf,3,2025_January15February282025_Jan15-21_p03.png
Kamuning,2025-01-18,11,2025-01-18 11:00,49,verified,Jan15-21.pdf,3,2025_January15February282025_Jan15-21_p03.png
Kamuning,2025-01-18,12,2025-01-18 12:00,58,verified,Jan15-21.pdf,3,2025_January15February282025_Jan15-21_p03.png
Kamuning,2025-01-18,13,2025-01-18 13:00,46,verified,Jan15-21.pdf,3,2025_January15February282025_Jan15-21_p03.png
Kamuning,2025-01-18,14,2025-01-18 14:00,136,verified,Jan15-21.pdf,3,2025_January15February282025_Jan15-21_p03.png
Kamuning,2025-01-18,15,2025-01-18 15:00,83,verified,Jan15-21.pdf,3,2025_January15February282025_Jan15-21_p03.png
Kamuning,2025-01-18,16,2025-01-18 16:00,91,verified,Jan15-21.pdf,3,2025_January15February282025_Jan15-21_p03.png
Kamuning,2025-01-18,17,2025-01-18 17:00,130,verified,Jan15-21.pdf,3,2025_January15February282025_Jan15-21_p03.png
Kamuning,2025-01-18,18,2025-01-18 18:00,63,verified,Jan15-21.pdf,3,2025_January15February282025_Jan15-21_p03.png
Kamuning,2025-01-18,19,2025-01-18 19:00,82,verified,Jan15-21.pdf,3,2025_January15February282025_Jan15-21_p03.png
Kamuning,2025-01-18,20,2025-01-18 20:00,75,verified,Jan15-21.pdf,3,2025_January15February282025_Jan15-21_p03.png
Kamuning,2025-01-18,21,2025-01-18 21:00,67,verified,Jan15-21.pdf,3,2025_January15February282025_Jan15-21_p03.png
Kamuning,2025-01-18,22,2025-01-18 22:00,77,verified,Jan15-21.pdf,3,2025_January15February282025_Jan15-21_p03.png
Kamuning,2025-01-18,23,2025-01-18 23:00,88,verified,Jan15-21.pdf,3,2025_January15February282025_Jan15-21_p03.png
Kamuning,2025-01-18,0,2025-01-19 00:00,95,verified,Jan15-21.pdf,3,2025_January15February282025_Jan15-21_p03.png
Kamuning,2025-01-18,1,2025-01-19 01:00,73,verified,Jan15-21.pdf,3,2025_January15February282025_Jan15-21_p03.png
Kamuning,2025-01-18,2,2025-01-19 02:00,85,verified,Jan15-21.pdf,3,2025_January15February282025_Jan15-21_p03.png
Kamuning,2025-01-18,3,2025-01-19 03:00,76,verified,Jan15-21.pdf,3,2025_January15February282025_Jan15-21_p03.png
Kamuning,2025-01-18,4,2025-01-19 04:00,91,verified,Jan15-21.pdf,3,2025_January15February282025_Jan15-21_p03.png
Kamuning,2025-01-18,5,2025-01-19 05:00,108,verified,Jan15-21.pdf,3,2025_January15February282025_Jan15-21_p03.png
Kamuning,2025-01-19,6,2025-01-19 06:00,56,verified,Jan15-21.pdf,3,2025_January15February282025_Jan15-21_p03.png
Kamuning,2025-01-19,7,2025-01-19 07:00,38,verified,Jan15-21.pdf,3,2025_January15February282025_Jan15-21_p03.png
Kamuning,2025-01-19,8,2025-01-19 08:00,63,verified,Jan15-21.pdf,3,2025_January15February282025_Jan15-21_p03.png
Kamuning,2025-01-19,9,2025-01-19 09:00,49,verified,Jan15-21.pdf,3,2025_January15February282025_Jan15-21_p03.png
Kamuning,2025-01-19,10,2025-01-19 10:00,39,verified,Jan15-21.pdf,3,2025_January15February282025_Jan15-21_p03.png
Kamuning,2025-01-19,11,2025-01-19 11:00,27,verified,Jan15-21.pdf,3,2025_January15February282025_Jan15-21_p03.png
Kamuning,2025-01-19,12,2025-01-19 12:00,31,verified,Jan15-21.pdf,3,2025_January15February282025_Jan15-21_p03.png
Kamuning,2025-01-19,13,2025-01-19 13:00,36,verified,Jan15-21.pdf,3,2025_January15February282025_Jan15-21_p03.png
Kamuning,2025-01-19,14,2025-01-19 14:00,60,verified,Jan15-21.pdf,3,2025_January15February282025_Jan15-21_p03.png
Kamuning,2025-01-19,15,2025-01-19 15:00,53,verified,Jan15-21.pdf,3,2025_January15February282025_Jan15-21_p03.png
Kamuning,2025-01-19,16,2025-01-19 16:00,47,verified,Jan15-21.pdf,3,2025_January15February282025_Jan15-21_p03.png
Kamuning,2025-01-19,17,2025-01-19 17:00,83,verified,Jan15-21.pdf,3,2025_January15February282025_Jan15-21_p03.png
Kamuning,2025-01-19,18,2025-01-19 18:00,59,verified,Jan15-21.pdf,3,2025_January15February282025_Jan15-21_p03.png
Kamuning,2025-01-19,19,2025-01-19 19:00,48,verified,Jan15-21.pdf,3,2025_January15February282025_Jan15-21_p03.png
Kamuning,2025-01-19,20,2025-01-19 20:00,73,verified,Jan15-21.pdf,3,2025_January15February282025_Jan15-21_p03.png
Kamuning,2025-01-19,21,2025-01-19 21:00,86,verified,Jan15-21.pdf,3,2025_January15February282025_Jan15-21_p03.png
Kamuning,2025-01-19,22,2025-01-19 22:00,97,verified,Jan15-21.pdf,3,2025_January15February282025_Jan15-21_p03.png
Kamuning,2025-01-19,23,2025-01-19 23:00,88,verified,Jan15-21.pdf,3,2025_January15February282025_Jan15-21_p03.png
Kamuning,2025-01-19,0,2025-01-20 00:00,44,verified,Jan15-21.pdf,3,2025_January15February282025_Jan15-21_p03.png
Kamuning,2025-01-19,1,2025-01-20 01:00,37,verified,Jan15-21.pdf,3,2025_January15February282025_Jan15-21_p03.png
Kamuning,2025-01-19,2,2025-01-20 02:00,42,verified,Jan15-21.pdf,3,2025_January15February282025_Jan15-21_p03.png
Kamuning,2025-01-19,3,2025-01-20 03:00,49,verified,Jan15-21.pdf,3,2025_January15February282025_Jan15-21_p03.png
Kamuning,2025-01-19,4,2025-01-20 04:00,89,verified,Jan15-21.pdf,3,2025_January15February282025_Jan15-21_p03.png
Kamuning,2025-01-19,5,2025-01-20 05:00,110,verified,Jan15-21.pdf,3,2025_January15February282025_Jan15-21_p03.png
Kamuning,2025-01-20,6,2025-01-20 06:00,210,verified,Jan15-21.pdf,4,2025_January15February282025_Jan15-21_p04.png
Kamuning,2025-01-20,7,2025-01-20 07:00,185,verified,Jan15-21.pdf,4,2025_January15February282025_Jan15-21_p04.png
Kamuning,2025-01-20,8,2025-01-20 08:00,135,verified,Jan15-21.pdf,4,2025_January15February282025_Jan15-21_p04.png
Kamuning,2025-01-20,9,2025-01-20 09:00,57,verified,Jan15-21.pdf,4,2025_January15February282025_Jan15-21_p04.png
Kamuning,2025-01-20,10,2025-01-20 10:00,41,verified,Jan15-21.pdf,4,2025_January15February282025_Jan15-21_p04.png
Kamuning,2025-01-20,11,2025-01-20 11:00,37,verified,Jan15-21.pdf,4,2025_January15February282025_Jan15-21_p04.png
Kamuning,2025-01-20,12,2025-01-20 12:00,51,verified,Jan15-21.pdf,4,2025_January15February282025_Jan15-21_p04.png
Kamuning,2025-01-20,13,2025-01-20 13:00,62,verified,Jan15-21.pdf,4,2025_January15February282025_Jan15-21_p04.png
Kamuning,2025-01-20,14,2025-01-20 14:00,137,verified,Jan15-21.pdf,4,2025_January15February282025_Jan15-21_p04.png
Kamuning,2025-01-20,15,2025-01-20 15:00,184,verified,Jan15-21.pdf,4,2025_January15February282025_Jan15-21_p04.png
Kamuning,2025-01-20,16,2025-01-20 16:00,164,verified,Jan15-21.pdf,4,2025_January15February282025_Jan15-21_p04.png
Kamuning,2025-01-20,17,2025-01-20 17:00,275,verified,Jan15-21.pdf,4,2025_January15February282025_Jan15-21_p04.png
Kamuning,2025-01-20,18,2025-01-20 18:00,270,verified,Jan15-21.pdf,4,2025_January15February282025_Jan15-21_p04.png
Kamuning,2025-01-20,19,2025-01-20 19:00,192,verified,Jan15-21.pdf,4,2025_January15February282025_Jan15-21_p04.png
Kamuning,2025-01-20,20,2025-01-20 20:00,121,verified,Jan15-21.pdf,4,2025_January15February282025_Jan15-21_p04.png
Kamuning,2025-01-20,21,2025-01-20 21:00,91,verified,Jan15-21.pdf,4,2025_January15February282025_Jan15-21_p04.png
Kamuning,2025-01-20,22,2025-01-20 22:00,89,verified,Jan15-21.pdf,4,2025_January15February282025_Jan15-21_p04.png
Kamuning,2025-01-20,23,2025-01-20 23:00,97,verified,Jan15-21.pdf,4,2025_January15February282025_Jan15-21_p04.png
Kamuning,2025-01-20,0,2025-01-21 00:00,88,verified,Jan15-21.pdf,4,2025_January15February282025_Jan15-21_p04.png
Kamuning,2025-01-20,1,2025-01-21 01:00,95,verified,Jan15-21.pdf,4,2025_January15February282025_Jan15-21_p04.png
Kamuning,2025-01-20,2,2025-01-21 02:00,84,verified,Jan15-21.pdf,4,2025_January15February282025_Jan15-21_p04.png
Kamuning,2025-01-20,3,2025-01-21 03:00,99,verified,Jan15-21.pdf,4,2025_January15February282025_Jan15-21_p04.png
Kamuning,2025-01-20,4,2025-01-21 04:00,82,verified,Jan15-21.pdf,4,2025_January15February282025_Jan15-21_p04.png
Kamuning,2025-01-20,5,2025-01-21 05:00,105,verified,Jan15-21.pdf,4,2025_January15February282025_Jan15-21_p04.png
Kamuning,2025-01-21,6,2025-01-21 06:00,165,verified,Jan15-21.pdf,4,2025_January15February282025_Jan15-21_p04.png
Kamuning,2025-01-21,7,2025-01-21 07:00,154,verified,Jan15-21.pdf,4,2025_January15February282025_Jan15-21_p04.png
Kamuning,2025-01-21,8,2025-01-21 08:00,115,verified,Jan15-21.pdf,4,2025_January15February282025_Jan15-21_p04.png
Kamuning,2025-01-21,9,2025-01-21 09:00,67,verified,Jan15-21.pdf,4,2025_January15February282025_Jan15-21_p04.png
Kamuning,2025-01-21,10,2025-01-21 10:00,89,verified,Jan15-21.pdf,4,2025_January15February282025_Jan15-21_p04.png
Kamuning,2025-01-21,11,2025-01-21 11:00,52,verified,Jan15-21.pdf,4,2025_January15February282025_Jan15-21_p04.png
Kamuning,2025-01-21,12,2025-01-21 12:00,61,verified,Jan15-21.pdf,4,2025_January15February282025_Jan15-21_p04.png
Kamuning,2025-01-21,13,2025-01-21 13:00,27,verified,Jan15-21.pdf,4,2025_January15February282025_Jan15-21_p04.png
Kamuning,2025-01-21,14,2025-01-21 14:00,24,verified,Jan15-21.pdf,4,2025_January15February282025_Jan15-21_p04.png
Kamuning,2025-01-21,15,2025-01-21 15:00,203,verified,Jan15-21.pdf,4,2025_January15February282025_Jan15-21_p04.png
Kamuning,2025-01-21,16,2025-01-21 16:00,171,verified,Jan15-21.pdf,4,2025_January15February282025_Jan15-21_p04.png
Kamuning,2025-01-21,17,2025-01-21 17:00,302,verified,Jan15-21.pdf,4,2025_January15February282025_Jan15-21_p04.png
Kamuning,2025-01-21,18,2025-01-21 18:00,240,verified,Jan15-21.pdf,4,2025_January15February282025_Jan15-21_p04.png
Kamuning,2025-01-21,19,2025-01-21 19:00,159,verified,Jan15-21.pdf,4,2025_January15February282025_Jan15-21_p04.png
Kamuning,2025-01-21,20,2025-01-21 20:00,94,verified,Jan15-21.pdf,4,2025_January15February282025_Jan15-21_p04.png
Kamuning,2025-01-21,21,2025-01-21 21:00,61,verified,Jan15-21.pdf,4,2025_January15February282025_Jan15-21_p04.png
Kamuning,2025-01-21,22,2025-01-21 22:00,98,verified,Jan15-21.pdf,4,2025_January15February282025_Jan15-21_p04.png
Kamuning,2025-01-21,23,2025-01-21 23:00,36,verified,Jan15-21.pdf,4,2025_January15February282025_Jan15-21_p04.png
Kamuning,2025-01-21,0,2025-01-22 00:00,16,verified,Jan15-21.pdf,4,2025_January15February282025_Jan15-21_p04.png
Kamuning,2025-01-21,1,2025-01-22 01:00,19,verified,Jan15-21.pdf,4,2025_January15February282025_Jan15-21_p04.png
Kamuning,2025-01-21,2,2025-01-22 02:00,8,verified,Jan15-21.pdf,4,2025_January15February282025_Jan15-21_p04.png
Kamuning,2025-01-21,3,2025-01-22 03:00,32,verified,Jan15-21.pdf,4,2025_January15February282025_Jan15-21_p04.png
Kamuning,2025-01-21,4,2025-01-22 04:00,47,verified,Jan15-21.pdf,4,2025_January15February282025_Jan15-21_p04.png
Kamuning,2025-01-21,5,2025-01-22 05:00,33,verified,Jan15-21.pdf,4,2025_January15February282025_Jan15-21_p04.png
Kamuning,2025-01-22,6,2025-01-22 06:00,165,verified,Jan22-31.pdf,1,2025_January15February282025_Jan22-31_p01.png
Kamuning,2025-01-22,7,2025-01-22 07:00,101,verified,Jan22-31.pdf,1,2025_January15February282025_Jan22-31_p01.png
Kamuning,2025-01-22,8,2025-01-22 08:00,83,verified,Jan22-31.pdf,1,2025_January15February282025_Jan22-31_p01.png
Kamuning,2025-01-22,9,2025-01-22 09:00,110,verified,Jan22-31.pdf,1,2025_January15February282025_Jan22-31_p01.png
Kamuning,2025-01-22,10,2025-01-22 10:00,95,verified,Jan22-31.pdf,1,2025_January15February282025_Jan22-31_p01.png
Kamuning,2025-01-22,11,2025-01-22 11:00,51,verified,Jan22-31.pdf,1,2025_January15February282025_Jan22-31_p01.png
Kamuning,2025-01-22,12,2025-01-22 12:00,37,verified,Jan22-31.pdf,1,2025_January15February282025_Jan22-31_p01.png
Kamuning,2025-01-22,13,2025-01-22 13:00,51,verified,Jan22-31.pdf,1,2025_January15February282025_Jan22-31_p01.png
Kamuning,2025-01-22,14,2025-01-22 14:00,60,verified,Jan22-31.pdf,1,2025_January15February282025_Jan22-31_p01.png
Kamuning,2025-01-22,15,2025-01-22 15:00,141,verified,Jan22-31.pdf,1,2025_January15February282025_Jan22-31_p01.png
Kamuning,2025-01-22,16,2025-01-22 16:00,216,verified,Jan22-31.pdf,1,2025_January15February282025_Jan22-31_p01.png
Kamuning,2025-01-22,17,2025-01-22 17:00,263,verified,Jan22-31.pdf,1,2025_January15February282025_Jan22-31_p01.png
Kamuning,2025-01-22,18,2025-01-22 18:00,224,verified,Jan22-31.pdf,1,2025_January15February282025_Jan22-31_p01.png
Kamuning,2025-01-22,19,2025-01-22 19:00,361,verified,Jan22-31.pdf,1,2025_January15February282025_Jan22-31_p01.png
Kamuning,2025-01-22,20,2025-01-22 20:00,110,verified,Jan22-31.pdf,1,2025_January15February282025_Jan22-31_p01.png
Kamuning,2025-01-22,21,2025-01-22 21:00,102,verified,Jan22-31.pdf,1,2025_January15February282025_Jan22-31_p01.png
Kamuning,2025-01-22,22,2025-01-22 22:00,85,verified,Jan22-31.pdf,1,2025_January15February282025_Jan22-31_p01.png
Kamuning,2025-01-22,23,2025-01-22 23:00,77,verified,Jan22-31.pdf,1,2025_January15February282025_Jan22-31_p01.png
Kamuning,2025-01-22,0,2025-01-23 00:00,68,verified,Jan22-31.pdf,1,2025_January15February282025_Jan22-31_p01.png
Kamuning,2025-01-22,1,2025-01-23 01:00,71,verified,Jan22-31.pdf,1,2025_January15February282025_Jan22-31_p01.png
Kamuning,2025-01-22,2,2025-01-23 02:00,95,verified,Jan22-31.pdf,1,2025_January15February282025_Jan22-31_p01.png
Kamuning,2025-01-22,3,2025-01-23 03:00,99,verified,Jan22-31.pdf,1,2025_January15February282025_Jan22-31_p01.png
Kamuning,2025-01-22,4,2025-01-23 04:00,78,verified,Jan22-31.pdf,1,2025_January15February282025_Jan22-31_p01.png
Kamuning,2025-01-22,5,2025-01-23 05:00,99,verified,Jan22-31.pdf,1,2025_January15February282025_Jan22-31_p01.png
Kamuning,2025-01-23,6,2025-01-23 06:00,107,verified,Jan22-31.pdf,2,2025_January15February282025_Jan22-31_p02.png
Kamuning,2025-01-23,7,2025-01-23 07:00,208,verified,Jan22-31.pdf,2,2025_January15February282025_Jan22-31_p02.png
Kamuning,2025-01-23,8,2025-01-23 08:00,175,verified,Jan22-31.pdf,2,2025_January15February282025_Jan22-31_p02.png
Kamuning,2025-01-23,9,2025-01-23 09:00,186,verified,Jan22-31.pdf,2,2025_January15February282025_Jan22-31_p02.png
Kamuning,2025-01-23,10,2025-01-23 10:00,97,verified,Jan22-31.pdf,2,2025_January15February282025_Jan22-31_p02.png
Kamuning,2025-01-23,11,2025-01-23 11:00,88,verified,Jan22-31.pdf,2,2025_January15February282025_Jan22-31_p02.png
Kamuning,2025-01-23,12,2025-01-23 12:00,99,verified,Jan22-31.pdf,2,2025_January15February282025_Jan22-31_p02.png
Kamuning,2025-01-23,13,2025-01-23 13:00,105,verified,Jan22-31.pdf,2,2025_January15February282025_Jan22-31_p02.png
Kamuning,2025-01-23,14,2025-01-23 14:00,96,verified,Jan22-31.pdf,2,2025_January15February282025_Jan22-31_p02.png
Kamuning,2025-01-23,15,2025-01-23 15:00,110,verified,Jan22-31.pdf,2,2025_January15February282025_Jan22-31_p02.png
Kamuning,2025-01-23,16,2025-01-23 16:00,203,verified,Jan22-31.pdf,2,2025_January15February282025_Jan22-31_p02.png
Kamuning,2025-01-23,17,2025-01-23 17:00,280,verified,Jan22-31.pdf,2,2025_January15February282025_Jan22-31_p02.png
Kamuning,2025-01-23,18,2025-01-23 18:00,293,verified,Jan22-31.pdf,2,2025_January15February282025_Jan22-31_p02.png
Kamuning,2025-01-23,19,2025-01-23 19:00,59,verified,Jan22-31.pdf,2,2025_January15February282025_Jan22-31_p02.png
Kamuning,2025-01-23,20,2025-01-23 20:00,92,verified,Jan22-31.pdf,2,2025_January15February282025_Jan22-31_p02.png
Kamuning,2025-01-23,21,2025-01-23 21:00,88,verified,Jan22-31.pdf,2,2025_January15February282025_Jan22-31_p02.png
Kamuning,2025-01-23,22,2025-01-23 22:00,97,verified,Jan22-31.pdf,2,2025_January15February282025_Jan22-31_p02.png
Kamuning,2025-01-23,23,2025-01-23 23:00,95,verified,Jan22-31.pdf,2,2025_January15February282025_Jan22-31_p02.png
Kamuning,2025-01-23,0,2025-01-24 00:00,85,verified,Jan22-31.pdf,2,2025_January15February282025_Jan22-31_p02.png
Kamuning,2025-01-23,1,2025-01-24 01:00,77,verified,Jan22-31.pdf,2,2025_January15February282025_Jan22-31_p02.png
Kamuning,2025-01-23,2,2025-01-24 02:00,97,verified,Jan22-31.pdf,2,2025_January15February282025_Jan22-31_p02.png
Kamuning,2025-01-23,3,2025-01-24 03:00,95,verified,Jan22-31.pdf,2,2025_January15February282025_Jan22-31_p02.png
Kamuning,2025-01-23,4,2025-01-24 04:00,82,verified,Jan22-31.pdf,2,2025_January15February282025_Jan22-31_p02.png
Kamuning,2025-01-23,5,2025-01-24 05:00,76,verified,Jan22-31.pdf,2,2025_January15February282025_Jan22-31_p02.png
Kamuning,2025-01-24,6,2025-01-24 06:00,91,verified,Jan22-31.pdf,2,2025_January15February282025_Jan22-31_p02.png
Kamuning,2025-01-24,7,2025-01-24 07:00,115,verified,Jan22-31.pdf,2,2025_January15February282025_Jan22-31_p02.png
Kamuning,2025-01-24,8,2025-01-24 08:00,61,verified,Jan22-31.pdf,2,2025_January15February282025_Jan22-31_p02.png
Kamuning,2025-01-24,9,2025-01-24 09:00,47,verified,Jan22-31.pdf,2,2025_January15February282025_Jan22-31_p02.png
Kamuning,2025-01-24,10,2025-01-24 10:00,36,verified,Jan22-31.pdf,2,2025_January15February282025_Jan22-31_p02.png
Kamuning,2025-01-24,11,2025-01-24 11:00,40,verified,Jan22-31.pdf,2,2025_January15February282025_Jan22-31_p02.png
Kamuning,2025-01-24,12,2025-01-24 12:00,39,verified,Jan22-31.pdf,2,2025_January15February282025_Jan22-31_p02.png
Kamuning,2025-01-24,13,2025-01-24 13:00,38,verified,Jan22-31.pdf,2,2025_January15February282025_Jan22-31_p02.png
Kamuning,2025-01-24,14,2025-01-24 14:00,103,verified,Jan22-31.pdf,2,2025_January15February282025_Jan22-31_p02.png
Kamuning,2025-01-24,15,2025-01-24 15:00,255,verified,Jan22-31.pdf,2,2025_January15February282025_Jan22-31_p02.png
Kamuning,2025-01-24,16,2025-01-24 16:00,235,verified,Jan22-31.pdf,2,2025_January15February282025_Jan22-31_p02.png
Kamuning,2025-01-24,17,2025-01-24 17:00,242,verified,Jan22-31.pdf,2,2025_January15February282025_Jan22-31_p02.png
Kamuning,2025-01-24,18,2025-01-24 18:00,252,verified,Jan22-31.pdf,2,2025_January15February282025_Jan22-31_p02.png
Kamuning,2025-01-24,19,2025-01-24 19:00,133,verified,Jan22-31.pdf,2,2025_January15February282025_Jan22-31_p02.png
Kamuning,2025-01-24,20,2025-01-24 20:00,114,verified,Jan22-31.pdf,2,2025_January15February282025_Jan22-31_p02.png
Kamuning,2025-01-24,21,2025-01-24 21:00,103,verified,Jan22-31.pdf,2,2025_January15February282025_Jan22-31_p02.png
Kamuning,2025-01-24,22,2025-01-24 22:00,85,verified,Jan22-31.pdf,2,2025_January15February282025_Jan22-31_p02.png
Kamuning,2025-01-24,23,2025-01-24 23:00,88,verified,Jan22-31.pdf,2,2025_January15February282025_Jan22-31_p02.png
Kamuning,2025-01-24,0,2025-01-25 00:00,94,verified,Jan22-31.pdf,2,2025_January15February282025_Jan22-31_p02.png
Kamuning,2025-01-24,1,2025-01-25 01:00,77,verified,Jan22-31.pdf,2,2025_January15February282025_Jan22-31_p02.png
Kamuning,2025-01-24,2,2025-01-25 02:00,89,verified,Jan22-31.pdf,2,2025_January15February282025_Jan22-31_p02.png
Kamuning,2025-01-24,3,2025-01-25 03:00,105,verified,Jan22-31.pdf,2,2025_January15February282025_Jan22-31_p02.png
Kamuning,2025-01-24,4,2025-01-25 04:00,97,verified,Jan22-31.pdf,2,2025_January15February282025_Jan22-31_p02.png
Kamuning,2025-01-24,5,2025-01-25 05:00,61,verified,Jan22-31.pdf,2,2025_January15February282025_Jan22-31_p02.png
Kamuning,2025-01-25,6,2025-01-25 06:00,118,verified,Jan22-31.pdf,3,2025_January15February282025_Jan22-31_p03.png
Kamuning,2025-01-25,7,2025-01-25 07:00,68,verified,Jan22-31.pdf,3,2025_January15February282025_Jan22-31_p03.png
Kamuning,2025-01-25,8,2025-01-25 08:00,75,verified,Jan22-31.pdf,3,2025_January15February282025_Jan22-31_p03.png
Kamuning,2025-01-25,9,2025-01-25 09:00,58,verified,Jan22-31.pdf,3,2025_January15February282025_Jan22-31_p03.png
Kamuning,2025-01-25,10,2025-01-25 10:00,44,verified,Jan22-31.pdf,3,2025_January15February282025_Jan22-31_p03.png
Kamuning,2025-01-25,11,2025-01-25 11:00,65,verified,Jan22-31.pdf,3,2025_January15February282025_Jan22-31_p03.png
Kamuning,2025-01-25,12,2025-01-25 12:00,25,verified,Jan22-31.pdf,3,2025_January15February282025_Jan22-31_p03.png
Kamuning,2025-01-25,13,2025-01-25 13:00,39,verified,Jan22-31.pdf,3,2025_January15February282025_Jan22-31_p03.png
Kamuning,2025-01-25,14,2025-01-25 14:00,68,verified,Jan22-31.pdf,3,2025_January15February282025_Jan22-31_p03.png
Kamuning,2025-01-25,15,2025-01-25 15:00,84,verified,Jan22-31.pdf,3,2025_January15February282025_Jan22-31_p03.png
Kamuning,2025-01-25,16,2025-01-25 16:00,192,verified,Jan22-31.pdf,3,2025_January15February282025_Jan22-31_p03.png
Kamuning,2025-01-25,17,2025-01-25 17:00,166,verified,Jan22-31.pdf,3,2025_January15February282025_Jan22-31_p03.png
Kamuning,2025-01-25,18,2025-01-25 18:00,79,verified,Jan22-31.pdf,3,2025_January15February282025_Jan22-31_p03.png
Kamuning,2025-01-25,19,2025-01-25 19:00,96,verified,Jan22-31.pdf,3,2025_January15February282025_Jan22-31_p03.png
Kamuning,2025-01-25,20,2025-01-25 20:00,63,verified,Jan22-31.pdf,3,2025_January15February282025_Jan22-31_p03.png
Kamuning,2025-01-25,21,2025-01-25 21:00,72,verified,Jan22-31.pdf,3,2025_January15February282025_Jan22-31_p03.png
Kamuning,2025-01-25,22,2025-01-25 22:00,97,verified,Jan22-31.pdf,3,2025_January15February282025_Jan22-31_p03.png
Kamuning,2025-01-25,23,2025-01-25 23:00,75,verified,Jan22-31.pdf,3,2025_January15February282025_Jan22-31_p03.png
Kamuning,2025-01-25,0,2025-01-26 00:00,77,verified,Jan22-31.pdf,3,2025_January15February282025_Jan22-31_p03.png
Kamuning,2025-01-25,1,2025-01-26 01:00,68,verified,Jan22-31.pdf,3,2025_January15February282025_Jan22-31_p03.png
Kamuning,2025-01-25,2,2025-01-26 02:00,79,verified,Jan22-31.pdf,3,2025_January15February282025_Jan22-31_p03.png
Kamuning,2025-01-25,3,2025-01-26 03:00,74,verified,Jan22-31.pdf,3,2025_January15February282025_Jan22-31_p03.png
Kamuning,2025-01-25,4,2025-01-26 04:00,88,verified,Jan22-31.pdf,3,2025_January15February282025_Jan22-31_p03.png
Kamuning,2025-01-25,5,2025-01-26 05:00,99,verified,Jan22-31.pdf,3,2025_January15February282025_Jan22-31_p03.png
Kamuning,2025-01-26,6,2025-01-26 06:00,46,verified,Jan22-31.pdf,3,2025_January15February282025_Jan22-31_p03.png
Kamuning,2025-01-26,7,2025-01-26 07:00,42,verified,Jan22-31.pdf,3,2025_January15February282025_Jan22-31_p03.png
Kamuning,2025-01-26,8,2025-01-26 08:00,52,verified,Jan22-31.pdf,3,2025_January15February282025_Jan22-31_p03.png
Kamuning,2025-01-26,9,2025-01-26 09:00,41,verified,Jan22-31.pdf,3,2025_January15February282025_Jan22-31_p03.png
Kamuning,2025-01-26,10,2025-01-26 10:00,63,verified,Jan22-31.pdf,3,2025_January15February282025_Jan22-31_p03.png
Kamuning,2025-01-26,11,2025-01-26 11:00,48,verified,Jan22-31.pdf,3,2025_January15February282025_Jan22-31_p03.png
Kamuning,2025-01-26,12,2025-01-26 12:00,43,verified,Jan22-31.pdf,3,2025_January15February282025_Jan22-31_p03.png
Kamuning,2025-01-26,13,2025-01-26 13:00,75,verified,Jan22-31.pdf,3,2025_January15February282025_Jan22-31_p03.png
Kamuning,2025-01-26,14,2025-01-26 14:00,63,verified,Jan22-31.pdf,3,2025_January15February282025_Jan22-31_p03.png
Kamuning,2025-01-26,15,2025-01-26 15:00,58,verified,Jan22-31.pdf,3,2025_January15February282025_Jan22-31_p03.png
Kamuning,2025-01-26,16,2025-01-26 16:00,60,verified,Jan22-31.pdf,3,2025_January15February282025_Jan22-31_p03.png
Kamuning,2025-01-26,17,2025-01-26 17:00,84,verified,Jan22-31.pdf,3,2025_January15February282025_Jan22-31_p03.png
Kamuning,2025-01-26,18,2025-01-26 18:00,50,verified,Jan22-31.pdf,3,2025_January15February282025_Jan22-31_p03.png
Kamuning,2025-01-26,19,2025-01-26 19:00,64,verified,Jan22-31.pdf,3,2025_January15February282025_Jan22-31_p03.png
Kamuning,2025-01-26,20,2025-01-26 20:00,112,verified,Jan22-31.pdf,3,2025_January15February282025_Jan22-31_p03.png
Kamuning,2025-01-26,21,2025-01-26 21:00,96,verified,Jan22-31.pdf,3,2025_January15February282025_Jan22-31_p03.png
Kamuning,2025-01-26,22,2025-01-26 22:00,97,verified,Jan22-31.pdf,3,2025_January15February282025_Jan22-31_p03.png
Kamuning,2025-01-26,23,2025-01-26 23:00,95,verified,Jan22-31.pdf,3,2025_January15February282025_Jan22-31_p03.png
Kamuning,2025-01-26,0,2025-01-27 00:00,84,verified,Jan22-31.pdf,3,2025_January15February282025_Jan22-31_p03.png
Kamuning,2025-01-26,1,2025-01-27 01:00,89,verified,Jan22-31.pdf,3,2025_January15February282025_Jan22-31_p03.png
Kamuning,2025-01-26,2,2025-01-27 02:00,77,verified,Jan22-31.pdf,3,2025_January15February282025_Jan22-31_p03.png
Kamuning,2025-01-26,3,2025-01-27 03:00,82,verified,Jan22-31.pdf,3,2025_January15February282025_Jan22-31_p03.png
Kamuning,2025-01-26,4,2025-01-27 04:00,79,verified,Jan22-31.pdf,3,2025_January15February282025_Jan22-31_p03.png
Kamuning,2025-01-26,5,2025-01-27 05:00,52,verified,Jan22-31.pdf,3,2025_January15February282025_Jan22-31_p03.png
Kamuning,2025-01-27,6,2025-01-27 06:00,175,verified,Jan22-31.pdf,4,2025_January15February282025_Jan22-31_p04.png
Kamuning,2025-01-27,7,2025-01-27 07:00,239,verified,Jan22-31.pdf,4,2025_January15February282025_Jan22-31_p04.png
Kamuning,2025-01-27,8,2025-01-27 08:00,87,verified,Jan22-31.pdf,4,2025_January15February282025_Jan22-31_p04.png
Kamuning,2025-01-27,9,2025-01-27 09:00,125,verified,Jan22-31.pdf,4,2025_January15February282025_Jan22-31_p04.png
Kamuning,2025-01-27,10,2025-01-27 10:00,86,verified,Jan22-31.pdf,4,2025_January15February282025_Jan22-31_p04.png
Kamuning,2025-01-27,11,2025-01-27 11:00,41,verified,Jan22-31.pdf,4,2025_January15February282025_Jan22-31_p04.png
Kamuning,2025-01-27,12,2025-01-27 12:00,32,verified,Jan22-31.pdf,4,2025_January15February282025_Jan22-31_p04.png
Kamuning,2025-01-27,13,2025-01-27 13:00,26,verified,Jan22-31.pdf,4,2025_January15February282025_Jan22-31_p04.png
Kamuning,2025-01-27,14,2025-01-27 14:00,137,verified,Jan22-31.pdf,4,2025_January15February282025_Jan22-31_p04.png
Kamuning,2025-01-27,15,2025-01-27 15:00,152,verified,Jan22-31.pdf,4,2025_January15February282025_Jan22-31_p04.png
Kamuning,2025-01-27,16,2025-01-27 16:00,263,verified,Jan22-31.pdf,4,2025_January15February282025_Jan22-31_p04.png
Kamuning,2025-01-27,17,2025-01-27 17:00,276,verified,Jan22-31.pdf,4,2025_January15February282025_Jan22-31_p04.png
Kamuning,2025-01-27,18,2025-01-27 18:00,243,verified,Jan22-31.pdf,4,2025_January15February282025_Jan22-31_p04.png
Kamuning,2025-01-27,19,2025-01-27 19:00,182,verified,Jan22-31.pdf,4,2025_January15February282025_Jan22-31_p04.png
Kamuning,2025-01-27,20,2025-01-27 20:00,163,verified,Jan22-31.pdf,4,2025_January15February282025_Jan22-31_p04.png
Kamuning,2025-01-27,21,2025-01-27 21:00,109,verified,Jan22-31.pdf,4,2025_January15February282025_Jan22-31_p04.png
Kamuning,2025-01-27,22,2025-01-27 22:00,97,verified,Jan22-31.pdf,4,2025_January15February282025_Jan22-31_p04.png
Kamuning,2025-01-27,23,2025-01-27 23:00,95,verified,Jan22-31.pdf,4,2025_January15February282025_Jan22-31_p04.png
Kamuning,2025-01-27,0,2025-01-28 00:00,88,verified,Jan22-31.pdf,4,2025_January15February282025_Jan22-31_p04.png
Kamuning,2025-01-27,1,2025-01-28 01:00,77,verified,Jan22-31.pdf,4,2025_January15February282025_Jan22-31_p04.png
Kamuning,2025-01-27,2,2025-01-28 02:00,82,verified,Jan22-31.pdf,4,2025_January15February282025_Jan22-31_p04.png
Kamuning,2025-01-27,3,2025-01-28 03:00,95,verified,Jan22-31.pdf,4,2025_January15February282025_Jan22-31_p04.png
Kamuning,2025-01-27,4,2025-01-28 04:00,91,verified,Jan22-31.pdf,4,2025_January15February282025_Jan22-31_p04.png
Kamuning,2025-01-27,5,2025-01-28 05:00,88,verified,Jan22-31.pdf,4,2025_January15February282025_Jan22-31_p04.png
Kamuning,2025-01-28,6,2025-01-28 06:00,212,verified,Jan22-31.pdf,4,2025_January15February282025_Jan22-31_p04.png
Kamuning,2025-01-28,7,2025-01-28 07:00,116,verified,Jan22-31.pdf,4,2025_January15February282025_Jan22-31_p04.png
Kamuning,2025-01-28,8,2025-01-28 08:00,108,verified,Jan22-31.pdf,4,2025_January15February282025_Jan22-31_p04.png
Kamuning,2025-01-28,9,2025-01-28 09:00,65,verified,Jan22-31.pdf,4,2025_January15February282025_Jan22-31_p04.png
Kamuning,2025-01-28,10,2025-01-28 10:00,80,verified,Jan22-31.pdf,4,2025_January15February282025_Jan22-31_p04.png
Kamuning,2025-01-28,11,2025-01-28 11:00,83,verified,Jan22-31.pdf,4,2025_January15February282025_Jan22-31_p04.png
Kamuning,2025-01-28,12,2025-01-28 12:00,77,verified,Jan22-31.pdf,4,2025_January15February282025_Jan22-31_p04.png
Kamuning,2025-01-28,13,2025-01-28 13:00,70,verified,Jan22-31.pdf,4,2025_January15February282025_Jan22-31_p04.png
Kamuning,2025-01-28,14,2025-01-28 14:00,131,verified,Jan22-31.pdf,4,2025_January15February282025_Jan22-31_p04.png
Kamuning,2025-01-28,15,2025-01-28 15:00,160,verified,Jan22-31.pdf,4,2025_January15February282025_Jan22-31_p04.png
Kamuning,2025-01-28,16,2025-01-28 16:00,232,verified,Jan22-31.pdf,4,2025_January15February282025_Jan22-31_p04.png
Kamuning,2025-01-28,17,2025-01-28 17:00,286,verified,Jan22-31.pdf,4,2025_January15February282025_Jan22-31_p04.png
Kamuning,2025-01-28,18,2025-01-28 18:00,186,verified,Jan22-31.pdf,4,2025_January15February282025_Jan22-31_p04.png
Kamuning,2025-01-28,19,2025-01-28 19:00,183,verified,Jan22-31.pdf,4,2025_January15February282025_Jan22-31_p04.png
Kamuning,2025-01-28,20,2025-01-28 20:00,103,verified,Jan22-31.pdf,4,2025_January15February282025_Jan22-31_p04.png
Kamuning,2025-01-28,21,2025-01-28 21:00,81,verified,Jan22-31.pdf,4,2025_January15February282025_Jan22-31_p04.png
Kamuning,2025-01-28,22,2025-01-28 22:00,95,verified,Jan22-31.pdf,4,2025_January15February282025_Jan22-31_p04.png
Kamuning,2025-01-28,23,2025-01-28 23:00,85,verified,Jan22-31.pdf,4,2025_January15February282025_Jan22-31_p04.png
Kamuning,2025-01-28,0,2025-01-29 00:00,99,verified,Jan22-31.pdf,4,2025_January15February282025_Jan22-31_p04.png
Kamuning,2025-01-28,1,2025-01-29 01:00,81,verified,Jan22-31.pdf,4,2025_January15February282025_Jan22-31_p04.png
Kamuning,2025-01-28,2,2025-01-29 02:00,66,verified,Jan22-31.pdf,4,2025_January15February282025_Jan22-31_p04.png
Kamuning,2025-01-28,3,2025-01-29 03:00,86,verified,Jan22-31.pdf,4,2025_January15February282025_Jan22-31_p04.png
Kamuning,2025-01-28,4,2025-01-29 04:00,93,verified,Jan22-31.pdf,4,2025_January15February282025_Jan22-31_p04.png
Kamuning,2025-01-28,5,2025-01-29 05:00,103,verified,Jan22-31.pdf,4,2025_January15February282025_Jan22-31_p04.png
Kamuning,2025-01-29,6,2025-01-29 06:00,173,verified,Jan22-31.pdf,5,2025_January15February282025_Jan22-31_p05.png
Kamuning,2025-01-29,7,2025-01-29 07:00,112,verified,Jan22-31.pdf,5,2025_January15February282025_Jan22-31_p05.png
Kamuning,2025-01-29,8,2025-01-29 08:00,139,verified,Jan22-31.pdf,5,2025_January15February282025_Jan22-31_p05.png
Kamuning,2025-01-29,9,2025-01-29 09:00,92,verified,Jan22-31.pdf,5,2025_January15February282025_Jan22-31_p05.png
Kamuning,2025-01-29,10,2025-01-29 10:00,116,verified,Jan22-31.pdf,5,2025_January15February282025_Jan22-31_p05.png
Kamuning,2025-01-29,11,2025-01-29 11:00,129,verified,Jan22-31.pdf,5,2025_January15February282025_Jan22-31_p05.png
Kamuning,2025-01-29,12,2025-01-29 12:00,84,verified,Jan22-31.pdf,5,2025_January15February282025_Jan22-31_p05.png
Kamuning,2025-01-29,13,2025-01-29 13:00,76,verified,Jan22-31.pdf,5,2025_January15February282025_Jan22-31_p05.png
Kamuning,2025-01-29,14,2025-01-29 14:00,94,verified,Jan22-31.pdf,5,2025_January15February282025_Jan22-31_p05.png
Kamuning,2025-01-29,15,2025-01-29 15:00,70,verified,Jan22-31.pdf,5,2025_January15February282025_Jan22-31_p05.png
Kamuning,2025-01-29,16,2025-01-29 16:00,93,verified,Jan22-31.pdf,5,2025_January15February282025_Jan22-31_p05.png
Kamuning,2025-01-29,17,2025-01-29 17:00,83,verified,Jan22-31.pdf,5,2025_January15February282025_Jan22-31_p05.png
Kamuning,2025-01-29,18,2025-01-29 18:00,87,verified,Jan22-31.pdf,5,2025_January15February282025_Jan22-31_p05.png
Kamuning,2025-01-29,19,2025-01-29 19:00,124,verified,Jan22-31.pdf,5,2025_January15February282025_Jan22-31_p05.png
Kamuning,2025-01-29,20,2025-01-29 20:00,96,verified,Jan22-31.pdf,5,2025_January15February282025_Jan22-31_p05.png
Kamuning,2025-01-29,21,2025-01-29 21:00,84,verified,Jan22-31.pdf,5,2025_January15February282025_Jan22-31_p05.png
Kamuning,2025-01-29,22,2025-01-29 22:00,92,verified,Jan22-31.pdf,5,2025_January15February282025_Jan22-31_p05.png
Kamuning,2025-01-29,23,2025-01-29 23:00,81,verified,Jan22-31.pdf,5,2025_January15February282025_Jan22-31_p05.png
Kamuning,2025-01-29,0,2025-01-30 00:00,88,verified,Jan22-31.pdf,5,2025_January15February282025_Jan22-31_p05.png
Kamuning,2025-01-29,1,2025-01-30 01:00,94,verified,Jan22-31.pdf,5,2025_January15February282025_Jan22-31_p05.png
Kamuning,2025-01-29,2,2025-01-30 02:00,85,verified,Jan22-31.pdf,5,2025_January15February282025_Jan22-31_p05.png
Kamuning,2025-01-29,3,2025-01-30 03:00,97,verified,Jan22-31.pdf,5,2025_January15February282025_Jan22-31_p05.png
Kamuning,2025-01-29,4,2025-01-30 04:00,99,verified,Jan22-31.pdf,5,2025_January15February282025_Jan22-31_p05.png
Kamuning,2025-01-29,5,2025-01-30 05:00,105,verified,Jan22-31.pdf,5,2025_January15February282025_Jan22-31_p05.png
Kamuning,2025-01-30,6,2025-01-30 06:00,211,verified,Jan22-31.pdf,5,2025_January15February282025_Jan22-31_p05.png
Kamuning,2025-01-30,7,2025-01-30 07:00,134,verified,Jan22-31.pdf,5,2025_January15February282025_Jan22-31_p05.png
Kamuning,2025-01-30,8,2025-01-30 08:00,157,verified,Jan22-31.pdf,5,2025_January15February282025_Jan22-31_p05.png
Kamuning,2025-01-30,9,2025-01-30 09:00,115,verified,Jan22-31.pdf,5,2025_January15February282025_Jan22-31_p05.png
Kamuning,2025-01-30,10,2025-01-30 10:00,125,verified,Jan22-31.pdf,5,2025_January15February282025_Jan22-31_p05.png
Kamuning,2025-01-30,11,2025-01-30 11:00,81,verified,Jan22-31.pdf,5,2025_January15February282025_Jan22-31_p05.png
Kamuning,2025-01-30,12,2025-01-30 12:00,112,verified,Jan22-31.pdf,5,2025_January15February282025_Jan22-31_p05.png
Kamuning,2025-01-30,13,2025-01-30 13:00,93,verified,Jan22-31.pdf,5,2025_January15February282025_Jan22-31_p05.png
Kamuning,2025-01-30,14,2025-01-30 14:00,81,verified,Jan22-31.pdf,5,2025_January15February282025_Jan22-31_p05.png
Kamuning,2025-01-30,15,2025-01-30 15:00,65,verified,Jan22-31.pdf,5,2025_January15February282025_Jan22-31_p05.png
Kamuning,2025-01-30,16,2025-01-30 16:00,173,verified,Jan22-31.pdf,5,2025_January15February282025_Jan22-31_p05.png
Kamuning,2025-01-30,17,2025-01-30 17:00,220,verified,Jan22-31.pdf,5,2025_January15February282025_Jan22-31_p05.png
Kamuning,2025-01-30,18,2025-01-30 18:00,185,verified,Jan22-31.pdf,5,2025_January15February282025_Jan22-31_p05.png
Kamuning,2025-01-30,19,2025-01-30 19:00,212,verified,Jan22-31.pdf,5,2025_January15February282025_Jan22-31_p05.png
Kamuning,2025-01-30,20,2025-01-30 20:00,78,verified,Jan22-31.pdf,5,2025_January15February282025_Jan22-31_p05.png
Kamuning,2025-01-30,21,2025-01-30 21:00,98,verified,Jan22-31.pdf,5,2025_January15February282025_Jan22-31_p05.png
Kamuning,2025-01-30,22,2025-01-30 22:00,95,verified,Jan22-31.pdf,5,2025_January15February282025_Jan22-31_p05.png
Kamuning,2025-01-30,23,2025-01-30 23:00,81,verified,Jan22-31.pdf,5,2025_January15February282025_Jan22-31_p05.png
Kamuning,2025-01-30,0,2025-01-31 00:00,97,verified,Jan22-31.pdf,5,2025_January15February282025_Jan22-31_p05.png
Kamuning,2025-01-30,1,2025-01-31 01:00,91,verified,Jan22-31.pdf,5,2025_January15February282025_Jan22-31_p05.png
Kamuning,2025-01-30,2,2025-01-31 02:00,97,verified,Jan22-31.pdf,5,2025_January15February282025_Jan22-31_p05.png
Kamuning,2025-01-30,3,2025-01-31 03:00,91,verified,Jan22-31.pdf,5,2025_January15February282025_Jan22-31_p05.png
Kamuning,2025-01-30,4,2025-01-31 04:00,98,verified,Jan22-31.pdf,5,2025_January15February282025_Jan22-31_p05.png
Kamuning,2025-01-30,5,2025-01-31 05:00,109,verified,Jan22-31.pdf,5,2025_January15February282025_Jan22-31_p05.png
Kamuning,2025-01-31,6,2025-01-31 06:00,110,verified,Jan22-31.pdf,6,2025_January15February282025_Jan22-31_p06.png
Kamuning,2025-01-31,7,2025-01-31 07:00,208,verified,Jan22-31.pdf,6,2025_January15February282025_Jan22-31_p06.png
Kamuning,2025-01-31,8,2025-01-31 08:00,210,verified,Jan22-31.pdf,6,2025_January15February282025_Jan22-31_p06.png
Kamuning,2025-01-31,9,2025-01-31 09:00,151,verified,Jan22-31.pdf,6,2025_January15February282025_Jan22-31_p06.png
Kamuning,2025-01-31,10,2025-01-31 10:00,70,verified,Jan22-31.pdf,6,2025_January15February282025_Jan22-31_p06.png
Kamuning,2025-01-31,11,2025-01-31 11:00,87,verified,Jan22-31.pdf,6,2025_January15February282025_Jan22-31_p06.png
Kamuning,2025-01-31,12,2025-01-31 12:00,91,verified,Jan22-31.pdf,6,2025_January15February282025_Jan22-31_p06.png
Kamuning,2025-01-31,13,2025-01-31 13:00,88,verified,Jan22-31.pdf,6,2025_January15February282025_Jan22-31_p06.png
Kamuning,2025-01-31,14,2025-01-31 14:00,105,verified,Jan22-31.pdf,6,2025_January15February282025_Jan22-31_p06.png
Kamuning,2025-01-31,15,2025-01-31 15:00,115,verified,Jan22-31.pdf,6,2025_January15February282025_Jan22-31_p06.png
Kamuning,2025-01-31,16,2025-01-31 16:00,163,verified,Jan22-31.pdf,6,2025_January15February282025_Jan22-31_p06.png
Kamuning,2025-01-31,17,2025-01-31 17:00,256,verified,Jan22-31.pdf,6,2025_January15February282025_Jan22-31_p06.png
Kamuning,2025-01-31,18,2025-01-31 18:00,201,verified,Jan22-31.pdf,6,2025_January15February282025_Jan22-31_p06.png
Kamuning,2025-01-31,19,2025-01-31 19:00,140,verified,Jan22-31.pdf,6,2025_January15February282025_Jan22-31_p06.png
Kamuning,2025-01-31,20,2025-01-31 20:00,124,verified,Jan22-31.pdf,6,2025_January15February282025_Jan22-31_p06.png
Kamuning,2025-01-31,21,2025-01-31 21:00,103,verified,Jan22-31.pdf,6,2025_January15February282025_Jan22-31_p06.png
Kamuning,2025-01-31,22,2025-01-31 22:00,95,verified,Jan22-31.pdf,6,2025_January15February282025_Jan22-31_p06.png
Kamuning,2025-01-31,23,2025-01-31 23:00,89,verified,Jan22-31.pdf,6,2025_January15February282025_Jan22-31_p06.png
Kamuning,2025-01-31,0,2025-02-01 00:00,101,verified,Jan22-31.pdf,6,2025_January15February282025_Jan22-31_p06.png
Kamuning,2025-01-31,1,2025-02-01 01:00,88,verified,Jan22-31.pdf,6,2025_January15February282025_Jan22-31_p06.png
Kamuning,2025-01-31,2,2025-02-01 02:00,95,verified,Jan22-31.pdf,6,2025_January15February282025_Jan22-31_p06.png
Kamuning,2025-01-31,3,2025-02-01 03:00,99,verified,Jan22-31.pdf,6,2025_January15February282025_Jan22-31_p06.png
Kamuning,2025-01-31,4,2025-02-01 04:00,107,verified,Jan22-31.pdf,6,2025_January15February282025_Jan22-31_p06.png
Kamuning,2025-01-31,5,2025-02-01 05:00,109,verified,Jan22-31.pdf,6,2025_January15February282025_Jan22-31_p06.png
Kamuning,2025-02-01,6,2025-02-01 06:00,105,verified,020125-020725.pdf,1,2025_January15February282025_020125-020725_p01.png
Kamuning,2025-02-01,7,2025-02-01 07:00,110,verified,020125-020725.pdf,1,2025_January15February282025_020125-020725_p01.png
Kamuning,2025-02-01,8,2025-02-01 08:00,64,verified,020125-020725.pdf,1,2025_January15February282025_020125-020725_p01.png
Kamuning,2025-02-01,9,2025-02-01 09:00,58,verified,020125-020725.pdf,1,2025_January15February282025_020125-020725_p01.png
Kamuning,2025-02-01,10,2025-02-01 10:00,54,verified,020125-020725.pdf,1,2025_January15February282025_020125-020725_p01.png
Kamuning,2025-02-01,11,2025-02-01 11:00,51,verified,020125-020725.pdf,1,2025_January15February282025_020125-020725_p01.png
Kamuning,2025-02-01,12,2025-02-01 12:00,48,verified,020125-020725.pdf,1,2025_January15February282025_020125-020725_p01.png
Kamuning,2025-02-01,13,2025-02-01 13:00,88,verified,020125-020725.pdf,1,2025_January15February282025_020125-020725_p01.png
Kamuning,2025-02-01,14,2025-02-01 14:00,74,verified,020125-020725.pdf,1,2025_January15February282025_020125-020725_p01.png
Kamuning,2025-02-01,15,2025-02-01 15:00,108,verified,020125-020725.pdf,1,2025_January15February282025_020125-020725_p01.png
Kamuning,2025-02-01,16,2025-02-01 16:00,149,verified,020125-020725.pdf,1,2025_January15February282025_020125-020725_p01.png
Kamuning,2025-02-01,17,2025-02-01 17:00,147,verified,020125-020725.pdf,1,2025_January15February282025_020125-020725_p01.png
Kamuning,2025-02-01,18,2025-02-01 18:00,104,verified,020125-020725.pdf,1,2025_January15February282025_020125-020725_p01.png
Kamuning,2025-02-01,19,2025-02-01 19:00,86,verified,020125-020725.pdf,1,2025_January15February282025_020125-020725_p01.png
Kamuning,2025-02-01,20,2025-02-01 20:00,81,verified,020125-020725.pdf,1,2025_January15February282025_020125-020725_p01.png
Kamuning,2025-02-01,21,2025-02-01 21:00,56,verified,020125-020725.pdf,1,2025_January15February282025_020125-020725_p01.png
Kamuning,2025-02-01,22,2025-02-01 22:00,245,verified,020125-020725.pdf,1,2025_January15February282025_020125-020725_p01.png
Kamuning,2025-02-01,23,2025-02-01 23:00,73,verified,020125-020725.pdf,1,2025_January15February282025_020125-020725_p01.png
Kamuning,2025-02-01,0,2025-02-02 00:00,61,verified,020125-020725.pdf,1,2025_January15February282025_020125-020725_p01.png
Kamuning,2025-02-01,1,2025-02-02 01:00,52,verified,020125-020725.pdf,1,2025_January15February282025_020125-020725_p01.png
Kamuning,2025-02-01,2,2025-02-02 02:00,43,verified,020125-020725.pdf,1,2025_January15February282025_020125-020725_p01.png
Kamuning,2025-02-01,3,2025-02-02 03:00,33,verified,020125-020725.pdf,1,2025_January15February282025_020125-020725_p01.png
Kamuning,2025-02-01,4,2025-02-02 04:00,42,verified,020125-020725.pdf,1,2025_January15February282025_020125-020725_p01.png
Kamuning,2025-02-01,5,2025-02-02 05:00,61,verified,020125-020725.pdf,1,2025_January15February282025_020125-020725_p01.png
Kamuning,2025-02-02,6,2025-02-02 06:00,73,verified,020125-020725.pdf,2,2025_January15February282025_020125-020725_p02.png
Kamuning,2025-02-02,7,2025-02-02 07:00,60,verified,020125-020725.pdf,2,2025_January15February282025_020125-020725_p02.png
Kamuning,2025-02-02,8,2025-02-02 08:00,42,verified,020125-020725.pdf,2,2025_January15February282025_020125-020725_p02.png
Kamuning,2025-02-02,9,2025-02-02 09:00,50,verified,020125-020725.pdf,2,2025_January15February282025_020125-020725_p02.png
Kamuning,2025-02-02,10,2025-02-02 10:00,51,verified,020125-020725.pdf,2,2025_January15February282025_020125-020725_p02.png
Kamuning,2025-02-02,11,2025-02-02 11:00,43,verified,020125-020725.pdf,2,2025_January15February282025_020125-020725_p02.png
Kamuning,2025-02-02,12,2025-02-02 12:00,36,verified,020125-020725.pdf,2,2025_January15February282025_020125-020725_p02.png
Kamuning,2025-02-02,13,2025-02-02 13:00,32,verified,020125-020725.pdf,2,2025_January15February282025_020125-020725_p02.png
Kamuning,2025-02-02,14,2025-02-02 14:00,58,verified,020125-020725.pdf,2,2025_January15February282025_020125-020725_p02.png
Kamuning,2025-02-02,15,2025-02-02 15:00,60,verified,020125-020725.pdf,2,2025_January15February282025_020125-020725_p02.png
Kamuning,2025-02-02,16,2025-02-02 16:00,76,verified,020125-020725.pdf,2,2025_January15February282025_020125-020725_p02.png
Kamuning,2025-02-02,17,2025-02-02 17:00,78,verified,020125-020725.pdf,2,2025_January15February282025_020125-020725_p02.png
Kamuning,2025-02-02,18,2025-02-02 18:00,57,verified,020125-020725.pdf,2,2025_January15February282025_020125-020725_p02.png
Kamuning,2025-02-02,19,2025-02-02 19:00,85,verified,020125-020725.pdf,2,2025_January15February282025_020125-020725_p02.png
Kamuning,2025-02-02,20,2025-02-02 20:00,64,verified,020125-020725.pdf,2,2025_January15February282025_020125-020725_p02.png
Kamuning,2025-02-02,21,2025-02-02 21:00,66,verified,020125-020725.pdf,2,2025_January15February282025_020125-020725_p02.png
Kamuning,2025-02-02,22,2025-02-02 22:00,198,verified,020125-020725.pdf,2,2025_January15February282025_020125-020725_p02.png
Kamuning,2025-02-02,23,2025-02-02 23:00,87,verified,020125-020725.pdf,2,2025_January15February282025_020125-020725_p02.png
Kamuning,2025-02-02,0,2025-02-03 00:00,62,verified,020125-020725.pdf,2,2025_January15February282025_020125-020725_p02.png
Kamuning,2025-02-02,1,2025-02-03 01:00,57,verified,020125-020725.pdf,2,2025_January15February282025_020125-020725_p02.png
Kamuning,2025-02-02,2,2025-02-03 02:00,51,verified,020125-020725.pdf,2,2025_January15February282025_020125-020725_p02.png
Kamuning,2025-02-02,3,2025-02-03 03:00,92,verified,020125-020725.pdf,2,2025_January15February282025_020125-020725_p02.png
Kamuning,2025-02-02,4,2025-02-03 04:00,138,verified,020125-020725.pdf,2,2025_January15February282025_020125-020725_p02.png
Kamuning,2025-02-02,5,2025-02-03 05:00,172,verified,020125-020725.pdf,2,2025_January15February282025_020125-020725_p02.png
Kamuning,2025-02-03,6,2025-02-03 06:00,234,verified,020125-020725.pdf,2,2025_January15February282025_020125-020725_p02.png
Kamuning,2025-02-03,7,2025-02-03 07:00,278,verified,020125-020725.pdf,2,2025_January15February282025_020125-020725_p02.png
Kamuning,2025-02-03,8,2025-02-03 08:00,194,verified,020125-020725.pdf,2,2025_January15February282025_020125-020725_p02.png
Kamuning,2025-02-03,9,2025-02-03 09:00,159,verified,020125-020725.pdf,2,2025_January15February282025_020125-020725_p02.png
Kamuning,2025-02-03,10,2025-02-03 10:00,132,verified,020125-020725.pdf,2,2025_January15February282025_020125-020725_p02.png
Kamuning,2025-02-03,11,2025-02-03 11:00,98,verified,020125-020725.pdf,2,2025_January15February282025_020125-020725_p02.png
Kamuning,2025-02-03,12,2025-02-03 12:00,105,verified,020125-020725.pdf,2,2025_January15February282025_020125-020725_p02.png
Kamuning,2025-02-03,13,2025-02-03 13:00,88,verified,020125-020725.pdf,2,2025_January15February282025_020125-020725_p02.png
Kamuning,2025-02-03,14,2025-02-03 14:00,90,verified,020125-020725.pdf,2,2025_January15February282025_020125-020725_p02.png
Kamuning,2025-02-03,15,2025-02-03 15:00,160,verified,020125-020725.pdf,2,2025_January15February282025_020125-020725_p02.png
Kamuning,2025-02-03,16,2025-02-03 16:00,183,verified,020125-020725.pdf,2,2025_January15February282025_020125-020725_p02.png
Kamuning,2025-02-03,17,2025-02-03 17:00,298,verified,020125-020725.pdf,2,2025_January15February282025_020125-020725_p02.png
Kamuning,2025-02-03,18,2025-02-03 18:00,216,verified,020125-020725.pdf,2,2025_January15February282025_020125-020725_p02.png
Kamuning,2025-02-03,19,2025-02-03 19:00,145,verified,020125-020725.pdf,2,2025_January15February282025_020125-020725_p02.png
Kamuning,2025-02-03,20,2025-02-03 20:00,152,verified,020125-020725.pdf,2,2025_January15February282025_020125-020725_p02.png
Kamuning,2025-02-03,21,2025-02-03 21:00,127,verified,020125-020725.pdf,2,2025_January15February282025_020125-020725_p02.png
Kamuning,2025-02-03,22,2025-02-03 22:00,173,verified,020125-020725.pdf,2,2025_January15February282025_020125-020725_p02.png
Kamuning,2025-02-03,23,2025-02-03 23:00,122,verified,020125-020725.pdf,2,2025_January15February282025_020125-020725_p02.png
Kamuning,2025-02-03,0,2025-02-04 00:00,55,verified,020125-020725.pdf,2,2025_January15February282025_020125-020725_p02.png
Kamuning,2025-02-03,1,2025-02-04 01:00,43,verified,020125-020725.pdf,2,2025_January15February282025_020125-020725_p02.png
Kamuning,2025-02-03,2,2025-02-04 02:00,27,verified,020125-020725.pdf,2,2025_January15February282025_020125-020725_p02.png
Kamuning,2025-02-03,3,2025-02-04 03:00,35,verified,020125-020725.pdf,2,2025_January15February282025_020125-020725_p02.png
Kamuning,2025-02-03,4,2025-02-04 04:00,73,verified,020125-020725.pdf,2,2025_January15February282025_020125-020725_p02.png
Kamuning,2025-02-03,5,2025-02-04 05:00,106,verified,020125-020725.pdf,2,2025_January15February282025_020125-020725_p02.png
Kamuning,2025-02-04,6,2025-02-04 06:00,172,verified,020125-020725.pdf,3,2025_January15February282025_020125-020725_p03.png
Kamuning,2025-02-04,7,2025-02-04 07:00,168,verified,020125-020725.pdf,3,2025_January15February282025_020125-020725_p03.png
Kamuning,2025-02-04,8,2025-02-04 08:00,105,verified,020125-020725.pdf,3,2025_January15February282025_020125-020725_p03.png
Kamuning,2025-02-04,9,2025-02-04 09:00,88,verified,020125-020725.pdf,3,2025_January15February282025_020125-020725_p03.png
Kamuning,2025-02-04,10,2025-02-04 10:00,94,verified,020125-020725.pdf,3,2025_January15February282025_020125-020725_p03.png
Kamuning,2025-02-04,11,2025-02-04 11:00,70,verified,020125-020725.pdf,3,2025_January15February282025_020125-020725_p03.png
Kamuning,2025-02-04,12,2025-02-04 12:00,68,verified,020125-020725.pdf,3,2025_January15February282025_020125-020725_p03.png
Kamuning,2025-02-04,13,2025-02-04 13:00,54,verified,020125-020725.pdf,3,2025_January15February282025_020125-020725_p03.png
Kamuning,2025-02-04,14,2025-02-04 14:00,132,verified,020125-020725.pdf,3,2025_January15February282025_020125-020725_p03.png
Kamuning,2025-02-04,15,2025-02-04 15:00,152,verified,020125-020725.pdf,3,2025_January15February282025_020125-020725_p03.png
Kamuning,2025-02-04,16,2025-02-04 16:00,196,verified,020125-020725.pdf,3,2025_January15February282025_020125-020725_p03.png
Kamuning,2025-02-04,17,2025-02-04 17:00,302,verified,020125-020725.pdf,3,2025_January15February282025_020125-020725_p03.png
Kamuning,2025-02-04,18,2025-02-04 18:00,267,verified,020125-020725.pdf,3,2025_January15February282025_020125-020725_p03.png
Kamuning,2025-02-04,19,2025-02-04 19:00,158,verified,020125-020725.pdf,3,2025_January15February282025_020125-020725_p03.png
Kamuning,2025-02-04,20,2025-02-04 20:00,79,verified,020125-020725.pdf,3,2025_January15February282025_020125-020725_p03.png
Kamuning,2025-02-04,21,2025-02-04 21:00,103,verified,020125-020725.pdf,3,2025_January15February282025_020125-020725_p03.png
Kamuning,2025-02-04,22,2025-02-04 22:00,169,verified,020125-020725.pdf,3,2025_January15February282025_020125-020725_p03.png
Kamuning,2025-02-04,23,2025-02-04 23:00,145,verified,020125-020725.pdf,3,2025_January15February282025_020125-020725_p03.png
Kamuning,2025-02-04,0,2025-02-05 00:00,96,verified,020125-020725.pdf,3,2025_January15February282025_020125-020725_p03.png
Kamuning,2025-02-04,1,2025-02-05 01:00,54,verified,020125-020725.pdf,3,2025_January15February282025_020125-020725_p03.png
Kamuning,2025-02-04,2,2025-02-05 02:00,16,verified,020125-020725.pdf,3,2025_January15February282025_020125-020725_p03.png
Kamuning,2025-02-04,3,2025-02-05 03:00,11,verified,020125-020725.pdf,3,2025_January15February282025_020125-020725_p03.png
Kamuning,2025-02-04,4,2025-02-05 04:00,29,verified,020125-020725.pdf,3,2025_January15February282025_020125-020725_p03.png
Kamuning,2025-02-04,5,2025-02-05 05:00,88,verified,020125-020725.pdf,3,2025_January15February282025_020125-020725_p03.png
Kamuning,2025-02-05,6,2025-02-05 06:00,172,mismatch,020125-020725.pdf,3,2025_January15February282025_020125-020725_p03.png
Kamuning,2025-02-05,7,2025-02-05 07:00,157,mismatch,020125-020725.pdf,3,2025_January15February282025_020125-020725_p03.png
Kamuning,2025-02-05,8,2025-02-05 08:00,107,mismatch,020125-020725.pdf,3,2025_January15February282025_020125-020725_p03.png
Kamuning,2025-02-05,9,2025-02-05 09:00,45,mismatch,020125-020725.pdf,3,2025_January15February282025_020125-020725_p03.png
Kamuning,2025-02-05,10,2025-02-05 10:00,77,mismatch,020125-020725.pdf,3,2025_January15February282025_020125-020725_p03.png
Kamuning,2025-02-05,11,2025-02-05 11:00,43,mismatch,020125-020725.pdf,3,2025_January15February282025_020125-020725_p03.png
Kamuning,2025-02-05,12,2025-02-05 12:00,39,mismatch,020125-020725.pdf,3,2025_January15February282025_020125-020725_p03.png
Kamuning,2025-02-05,13,2025-02-05 13:00,61,mismatch,020125-020725.pdf,3,2025_January15February282025_020125-020725_p03.png
Kamuning,2025-02-05,14,2025-02-05 14:00,87,mismatch,020125-020725.pdf,3,2025_January15February282025_020125-020725_p03.png
Kamuning,2025-02-05,15,2025-02-05 15:00,142,mismatch,020125-020725.pdf,3,2025_January15February282025_020125-020725_p03.png
Kamuning,2025-02-05,16,2025-02-05 16:00,242,mismatch,020125-020725.pdf,3,2025_January15February282025_020125-020725_p03.png
Kamuning,2025-02-05,17,2025-02-05 17:00,335,mismatch,020125-020725.pdf,3,2025_January15February282025_020125-020725_p03.png
Kamuning,2025-02-05,18,2025-02-05 18:00,212,mismatch,020125-020725.pdf,3,2025_January15February282025_020125-020725_p03.png
Kamuning,2025-02-05,19,2025-02-05 19:00,179,mismatch,020125-020725.pdf,3,2025_January15February282025_020125-020725_p03.png
Kamuning,2025-02-05,20,2025-02-05 20:00,114,mismatch,020125-020725.pdf,3,2025_January15February282025_020125-020725_p03.png
Kamuning,2025-02-05,21,2025-02-05 21:00,134,mismatch,020125-020725.pdf,3,2025_January15February282025_020125-020725_p03.png
Kamuning,2025-02-05,22,2025-02-05 22:00,211,mismatch,020125-020725.pdf,3,2025_January15February282025_020125-020725_p03.png
Kamuning,2025-02-05,23,2025-02-05 23:00,119,mismatch,020125-020725.pdf,3,2025_January15February282025_020125-020725_p03.png
Kamuning,2025-02-05,0,2025-02-06 00:00,45,mismatch,020125-020725.pdf,3,2025_January15February282025_020125-020725_p03.png
Kamuning,2025-02-05,1,2025-02-06 01:00,31,mismatch,020125-020725.pdf,3,2025_January15February282025_020125-020725_p03.png
Kamuning,2025-02-05,2,2025-02-06 02:00,67,mismatch,020125-020725.pdf,3,2025_January15February282025_020125-020725_p03.png
Kamuning,2025-02-05,3,2025-02-06 03:00,55,mismatch,020125-020725.pdf,3,2025_January15February282025_020125-020725_p03.png
Kamuning,2025-02-05,4,2025-02-06 04:00,29,mismatch,020125-020725.pdf,3,2025_January15February282025_020125-020725_p03.png
Kamuning,2025-02-05,5,2025-02-06 05:00,71,mismatch,020125-020725.pdf,3,2025_January15February282025_020125-020725_p03.png
Kamuning,2025-02-06,6,2025-02-06 06:00,152,verified,020125-020725.pdf,4,2025_January15February282025_020125-020725_p04.png
Kamuning,2025-02-06,7,2025-02-06 07:00,197,verified,020125-020725.pdf,4,2025_January15February282025_020125-020725_p04.png
Kamuning,2025-02-06,8,2025-02-06 08:00,106,verified,020125-020725.pdf,4,2025_January15February282025_020125-020725_p04.png
Kamuning,2025-02-06,9,2025-02-06 09:00,93,verified,020125-020725.pdf,4,2025_January15February282025_020125-020725_p04.png
Kamuning,2025-02-06,10,2025-02-06 10:00,120,verified,020125-020725.pdf,4,2025_January15February282025_020125-020725_p04.png
Kamuning,2025-02-06,11,2025-02-06 11:00,86,verified,020125-020725.pdf,4,2025_January15February282025_020125-020725_p04.png
Kamuning,2025-02-06,12,2025-02-06 12:00,76,verified,020125-020725.pdf,4,2025_January15February282025_020125-020725_p04.png
Kamuning,2025-02-06,13,2025-02-06 13:00,81,verified,020125-020725.pdf,4,2025_January15February282025_020125-020725_p04.png
Kamuning,2025-02-06,14,2025-02-06 14:00,91,verified,020125-020725.pdf,4,2025_January15February282025_020125-020725_p04.png
Kamuning,2025-02-06,15,2025-02-06 15:00,134,verified,020125-020725.pdf,4,2025_January15February282025_020125-020725_p04.png
Kamuning,2025-02-06,16,2025-02-06 16:00,242,verified,020125-020725.pdf,4,2025_January15February282025_020125-020725_p04.png
Kamuning,2025-02-06,17,2025-02-06 17:00,326,verified,020125-020725.pdf,4,2025_January15February282025_020125-020725_p04.png
Kamuning,2025-02-06,18,2025-02-06 18:00,210,verified,020125-020725.pdf,4,2025_January15February282025_020125-020725_p04.png
Kamuning,2025-02-06,19,2025-02-06 19:00,170,verified,020125-020725.pdf,4,2025_January15February282025_020125-020725_p04.png
Kamuning,2025-02-06,20,2025-02-06 20:00,100,verified,020125-020725.pdf,4,2025_January15February282025_020125-020725_p04.png
Kamuning,2025-02-06,21,2025-02-06 21:00,90,verified,020125-020725.pdf,4,2025_January15February282025_020125-020725_p04.png
Kamuning,2025-02-06,22,2025-02-06 22:00,163,verified,020125-020725.pdf,4,2025_January15February282025_020125-020725_p04.png
Kamuning,2025-02-06,23,2025-02-06 23:00,61,verified,020125-020725.pdf,4,2025_January15February282025_020125-020725_p04.png
Kamuning,2025-02-06,0,2025-02-07 00:00,26,verified,020125-020725.pdf,4,2025_January15February282025_020125-020725_p04.png
Kamuning,2025-02-06,1,2025-02-07 01:00,16,verified,020125-020725.pdf,4,2025_January15February282025_020125-020725_p04.png
Kamuning,2025-02-06,2,2025-02-07 02:00,30,verified,020125-020725.pdf,4,2025_January15February282025_020125-020725_p04.png
Kamuning,2025-02-06,3,2025-02-07 03:00,32,verified,020125-020725.pdf,4,2025_January15February282025_020125-020725_p04.png
Kamuning,2025-02-06,4,2025-02-07 04:00,49,verified,020125-020725.pdf,4,2025_January15February282025_020125-020725_p04.png
Kamuning,2025-02-06,5,2025-02-07 05:00,86,verified,020125-020725.pdf,4,2025_January15February282025_020125-020725_p04.png
Kamuning,2025-02-07,6,2025-02-07 06:00,132,mismatch,020125-020725.pdf,4,2025_January15February282025_020125-020725_p04.png
Kamuning,2025-02-07,7,2025-02-07 07:00,128,mismatch,020125-020725.pdf,4,2025_January15February282025_020125-020725_p04.png
Kamuning,2025-02-07,8,2025-02-07 08:00,117,mismatch,020125-020725.pdf,4,2025_January15February282025_020125-020725_p04.png
Kamuning,2025-02-07,9,2025-02-07 09:00,94,mismatch,020125-020725.pdf,4,2025_January15February282025_020125-020725_p04.png
Kamuning,2025-02-07,10,2025-02-07 10:00,107,mismatch,020125-020725.pdf,4,2025_January15February282025_020125-020725_p04.png
Kamuning,2025-02-07,11,2025-02-07 11:00,74,mismatch,020125-020725.pdf,4,2025_January15February282025_020125-020725_p04.png
Kamuning,2025-02-07,12,2025-02-07 12:00,63,mismatch,020125-020725.pdf,4,2025_January15February282025_020125-020725_p04.png
Kamuning,2025-02-07,13,2025-02-07 13:00,64,mismatch,020125-020725.pdf,4,2025_January15February282025_020125-020725_p04.png
Kamuning,2025-02-07,14,2025-02-07 14:00,117,mismatch,020125-020725.pdf,4,2025_January15February282025_020125-020725_p04.png
Kamuning,2025-02-07,15,2025-02-07 15:00,56,mismatch,020125-020725.pdf,4,2025_January15February282025_020125-020725_p04.png
Kamuning,2025-02-07,16,2025-02-07 16:00,210,mismatch,020125-020725.pdf,4,2025_January15February282025_020125-020725_p04.png
Kamuning,2025-02-07,17,2025-02-07 17:00,274,mismatch,020125-020725.pdf,4,2025_January15February282025_020125-020725_p04.png
Kamuning,2025-02-07,18,2025-02-07 18:00,173,mismatch,020125-020725.pdf,4,2025_January15February282025_020125-020725_p04.png
Kamuning,2025-02-07,19,2025-02-07 19:00,142,mismatch,020125-020725.pdf,4,2025_January15February282025_020125-020725_p04.png
Kamuning,2025-02-07,20,2025-02-07 20:00,47,mismatch,020125-020725.pdf,4,2025_January15February282025_020125-020725_p04.png
Kamuning,2025-02-07,21,2025-02-07 21:00,83,mismatch,020125-020725.pdf,4,2025_January15February282025_020125-020725_p04.png
Kamuning,2025-02-07,22,2025-02-07 22:00,189,mismatch,020125-020725.pdf,4,2025_January15February282025_020125-020725_p04.png
Kamuning,2025-02-07,23,2025-02-07 23:00,55,mismatch,020125-020725.pdf,4,2025_January15February282025_020125-020725_p04.png
Kamuning,2025-02-07,0,2025-02-08 00:00,16,mismatch,020125-020725.pdf,4,2025_January15February282025_020125-020725_p04.png
Kamuning,2025-02-07,1,2025-02-08 01:00,11,mismatch,020125-020725.pdf,4,2025_January15February282025_020125-020725_p04.png
Kamuning,2025-02-07,2,2025-02-08 02:00,31,mismatch,020125-020725.pdf,4,2025_January15February282025_020125-020725_p04.png
Kamuning,2025-02-07,3,2025-02-08 03:00,29,mismatch,020125-020725.pdf,4,2025_January15February282025_020125-020725_p04.png
Kamuning,2025-02-07,4,2025-02-08 04:00,45,mismatch,020125-020725.pdf,4,2025_January15February282025_020125-020725_p04.png
Kamuning,2025-02-07,5,2025-02-08 05:00,69,mismatch,020125-020725.pdf,4,2025_January15February282025_020125-020725_p04.png
Kamuning,2025-02-15,6,2025-02-15 06:00,158,mismatch,02_15-21_2025.pdf,1,2025_January15February282025_02_15-21_2025_p01.png
Kamuning,2025-02-15,7,2025-02-15 07:00,110,mismatch,02_15-21_2025.pdf,1,2025_January15February282025_02_15-21_2025_p01.png
Kamuning,2025-02-15,8,2025-02-15 08:00,86,mismatch,02_15-21_2025.pdf,1,2025_January15February282025_02_15-21_2025_p01.png
Kamuning,2025-02-15,9,2025-02-15 09:00,91,mismatch,02_15-21_2025.pdf,1,2025_January15February282025_02_15-21_2025_p01.png
Kamuning,2025-02-15,10,2025-02-15 10:00,67,mismatch,02_15-21_2025.pdf,1,2025_January15February282025_02_15-21_2025_p01.png
Kamuning,2025-02-15,11,2025-02-15 11:00,72,mismatch,02_15-21_2025.pdf,1,2025_January15February282025_02_15-21_2025_p01.png
Kamuning,2025-02-15,12,2025-02-15 12:00,61,mismatch,02_15-21_2025.pdf,1,2025_January15February282025_02_15-21_2025_p01.png
Kamuning,2025-02-15,13,2025-02-15 13:00,56,mismatch,02_15-21_2025.pdf,1,2025_January15February282025_02_15-21_2025_p01.png
Kamuning,2025-02-15,14,2025-02-15 14:00,56,mismatch,02_15-21_2025.pdf,1,2025_January15February282025_02_15-21_2025_p01.png
Kamuning,2025-02-15,15,2025-02-15 15:00,70,mismatch,02_15-21_2025.pdf,1,2025_January15February282025_02_15-21_2025_p01.png
Kamuning,2025-02-15,16,2025-02-15 16:00,146,mismatch,02_15-21_2025.pdf,1,2025_January15February282025_02_15-21_2025_p01.png
Kamuning,2025-02-15,17,2025-02-15 17:00,112,mismatch,02_15-21_2025.pdf,1,2025_January15February282025_02_15-21_2025_p01.png
Kamuning,2025-02-15,18,2025-02-15 18:00,96,mismatch,02_15-21_2025.pdf,1,2025_January15February282025_02_15-21_2025_p01.png
Kamuning,2025-02-15,19,2025-02-15 19:00,71,mismatch,02_15-21_2025.pdf,1,2025_January15February282025_02_15-21_2025_p01.png
Kamuning,2025-02-15,20,2025-02-15 20:00,76,mismatch,02_15-21_2025.pdf,1,2025_January15February282025_02_15-21_2025_p01.png
Kamuning,2025-02-15,21,2025-02-15 21:00,86,mismatch,02_15-21_2025.pdf,1,2025_January15February282025_02_15-21_2025_p01.png
Kamuning,2025-02-15,22,2025-02-15 22:00,114,mismatch,02_15-21_2025.pdf,1,2025_January15February282025_02_15-21_2025_p01.png
Kamuning,2025-02-15,23,2025-02-15 23:00,41,mismatch,02_15-21_2025.pdf,1,2025_January15February282025_02_15-21_2025_p01.png
Kamuning,2025-02-15,0,2025-02-16 00:00,33,mismatch,02_15-21_2025.pdf,1,2025_January15February282025_02_15-21_2025_p01.png
Kamuning,2025-02-15,1,2025-02-16 01:00,11,mismatch,02_15-21_2025.pdf,1,2025_January15February282025_02_15-21_2025_p01.png
Kamuning,2025-02-15,2,2025-02-16 02:00,17,mismatch,02_15-21_2025.pdf,1,2025_January15February282025_02_15-21_2025_p01.png
Kamuning,2025-02-15,3,2025-02-16 03:00,24,mismatch,02_15-21_2025.pdf,1,2025_January15February282025_02_15-21_2025_p01.png
Kamuning,2025-02-15,4,2025-02-16 04:00,28,mismatch,02_15-21_2025.pdf,1,2025_January15February282025_02_15-21_2025_p01.png
Kamuning,2025-02-15,5,2025-02-16 05:00,32,mismatch,02_15-21_2025.pdf,1,2025_January15February282025_02_15-21_2025_p01.png
Kamuning,2025-02-16,6,2025-02-16 06:00,110,verified,02_15-21_2025.pdf,2,2025_January15February282025_02_15-21_2025_p02.png
Kamuning,2025-02-16,7,2025-02-16 07:00,151,verified,02_15-21_2025.pdf,2,2025_January15February282025_02_15-21_2025_p02.png
Kamuning,2025-02-16,8,2025-02-16 08:00,46,verified,02_15-21_2025.pdf,2,2025_January15February282025_02_15-21_2025_p02.png
Kamuning,2025-02-16,9,2025-02-16 09:00,49,verified,02_15-21_2025.pdf,2,2025_January15February282025_02_15-21_2025_p02.png
Kamuning,2025-02-16,10,2025-02-16 10:00,40,verified,02_15-21_2025.pdf,2,2025_January15February282025_02_15-21_2025_p02.png
Kamuning,2025-02-16,11,2025-02-16 11:00,41,verified,02_15-21_2025.pdf,2,2025_January15February282025_02_15-21_2025_p02.png
Kamuning,2025-02-16,12,2025-02-16 12:00,48,verified,02_15-21_2025.pdf,2,2025_January15February282025_02_15-21_2025_p02.png
Kamuning,2025-02-16,13,2025-02-16 13:00,50,verified,02_15-21_2025.pdf,2,2025_January15February282025_02_15-21_2025_p02.png
Kamuning,2025-02-16,14,2025-02-16 14:00,55,verified,02_15-21_2025.pdf,2,2025_January15February282025_02_15-21_2025_p02.png
Kamuning,2025-02-16,15,2025-02-16 15:00,57,verified,02_15-21_2025.pdf,2,2025_January15February282025_02_15-21_2025_p02.png
Kamuning,2025-02-16,16,2025-02-16 16:00,52,verified,02_15-21_2025.pdf,2,2025_January15February282025_02_15-21_2025_p02.png
Kamuning,2025-02-16,17,2025-02-16 17:00,70,verified,02_15-21_2025.pdf,2,2025_January15February282025_02_15-21_2025_p02.png
Kamuning,2025-02-16,18,2025-02-16 18:00,100,verified,02_15-21_2025.pdf,2,2025_January15February282025_02_15-21_2025_p02.png
Kamuning,2025-02-16,19,2025-02-16 19:00,110,verified,02_15-21_2025.pdf,2,2025_January15February282025_02_15-21_2025_p02.png
Kamuning,2025-02-16,20,2025-02-16 20:00,100,verified,02_15-21_2025.pdf,2,2025_January15February282025_02_15-21_2025_p02.png
Kamuning,2025-02-16,21,2025-02-16 21:00,108,verified,02_15-21_2025.pdf,2,2025_January15February282025_02_15-21_2025_p02.png
Kamuning,2025-02-16,22,2025-02-16 22:00,238,verified,02_15-21_2025.pdf,2,2025_January15February282025_02_15-21_2025_p02.png
Kamuning,2025-02-16,23,2025-02-16 23:00,63,verified,02_15-21_2025.pdf,2,2025_January15February282025_02_15-21_2025_p02.png
Kamuning,2025-02-16,0,2025-02-17 00:00,31,verified,02_15-21_2025.pdf,2,2025_January15February282025_02_15-21_2025_p02.png
Kamuning,2025-02-16,1,2025-02-17 01:00,51,verified,02_15-21_2025.pdf,2,2025_January15February282025_02_15-21_2025_p02.png
Kamuning,2025-02-16,2,2025-02-17 02:00,45,verified,02_15-21_2025.pdf,2,2025_January15February282025_02_15-21_2025_p02.png
Kamuning,2025-02-16,3,2025-02-17 03:00,69,verified,02_15-21_2025.pdf,2,2025_January15February282025_02_15-21_2025_p02.png
Kamuning,2025-02-16,4,2025-02-17 04:00,91,verified,02_15-21_2025.pdf,2,2025_January15February282025_02_15-21_2025_p02.png
Kamuning,2025-02-16,5,2025-02-17 05:00,55,verified,02_15-21_2025.pdf,2,2025_January15February282025_02_15-21_2025_p02.png
Kamuning,2025-02-17,6,2025-02-17 06:00,289,verified,02_15-21_2025.pdf,2,2025_January15February282025_02_15-21_2025_p02.png
Kamuning,2025-02-17,7,2025-02-17 07:00,259,verified,02_15-21_2025.pdf,2,2025_January15February282025_02_15-21_2025_p02.png
Kamuning,2025-02-17,8,2025-02-17 08:00,121,verified,02_15-21_2025.pdf,2,2025_January15February282025_02_15-21_2025_p02.png
Kamuning,2025-02-17,9,2025-02-17 09:00,92,verified,02_15-21_2025.pdf,2,2025_January15February282025_02_15-21_2025_p02.png
Kamuning,2025-02-17,10,2025-02-17 10:00,105,verified,02_15-21_2025.pdf,2,2025_January15February282025_02_15-21_2025_p02.png
Kamuning,2025-02-17,11,2025-02-17 11:00,82,verified,02_15-21_2025.pdf,2,2025_January15February282025_02_15-21_2025_p02.png
Kamuning,2025-02-17,12,2025-02-17 12:00,84,verified,02_15-21_2025.pdf,2,2025_January15February282025_02_15-21_2025_p02.png
Kamuning,2025-02-17,13,2025-02-17 13:00,52,verified,02_15-21_2025.pdf,2,2025_January15February282025_02_15-21_2025_p02.png
Kamuning,2025-02-17,14,2025-02-17 14:00,90,verified,02_15-21_2025.pdf,2,2025_January15February282025_02_15-21_2025_p02.png
Kamuning,2025-02-17,15,2025-02-17 15:00,129,verified,02_15-21_2025.pdf,2,2025_January15February282025_02_15-21_2025_p02.png
Kamuning,2025-02-17,16,2025-02-17 16:00,191,verified,02_15-21_2025.pdf,2,2025_January15February282025_02_15-21_2025_p02.png
Kamuning,2025-02-17,17,2025-02-17 17:00,243,verified,02_15-21_2025.pdf,2,2025_January15February282025_02_15-21_2025_p02.png
Kamuning,2025-02-17,18,2025-02-17 18:00,263,verified,02_15-21_2025.pdf,2,2025_January15February282025_02_15-21_2025_p02.png
Kamuning,2025-02-17,19,2025-02-17 19:00,120,verified,02_15-21_2025.pdf,2,2025_January15February282025_02_15-21_2025_p02.png
Kamuning,2025-02-17,20,2025-02-17 20:00,169,verified,02_15-21_2025.pdf,2,2025_January15February282025_02_15-21_2025_p02.png
Kamuning,2025-02-17,21,2025-02-17 21:00,98,verified,02_15-21_2025.pdf,2,2025_January15February282025_02_15-21_2025_p02.png
Kamuning,2025-02-17,22,2025-02-17 22:00,69,verified,02_15-21_2025.pdf,2,2025_January15February282025_02_15-21_2025_p02.png
Kamuning,2025-02-17,23,2025-02-17 23:00,51,verified,02_15-21_2025.pdf,2,2025_January15February282025_02_15-21_2025_p02.png
Kamuning,2025-02-17,0,2025-02-18 00:00,24,verified,02_15-21_2025.pdf,2,2025_January15February282025_02_15-21_2025_p02.png
Kamuning,2025-02-17,1,2025-02-18 01:00,11,verified,02_15-21_2025.pdf,2,2025_January15February282025_02_15-21_2025_p02.png
Kamuning,2025-02-17,2,2025-02-18 02:00,45,verified,02_15-21_2025.pdf,2,2025_January15February282025_02_15-21_2025_p02.png
Kamuning,2025-02-17,3,2025-02-18 03:00,38,verified,02_15-21_2025.pdf,2,2025_January15February282025_02_15-21_2025_p02.png
Kamuning,2025-02-17,4,2025-02-18 04:00,82,verified,02_15-21_2025.pdf,2,2025_January15February282025_02_15-21_2025_p02.png
Kamuning,2025-02-17,5,2025-02-18 05:00,71,verified,02_15-21_2025.pdf,2,2025_January15February282025_02_15-21_2025_p02.png
Kamuning,2025-02-18,6,2025-02-18 06:00,178,verified,02_15-21_2025.pdf,3,2025_January15February282025_02_15-21_2025_p03.png
Kamuning,2025-02-18,7,2025-02-18 07:00,160,verified,02_15-21_2025.pdf,3,2025_January15February282025_02_15-21_2025_p03.png
Kamuning,2025-02-18,8,2025-02-18 08:00,132,verified,02_15-21_2025.pdf,3,2025_January15February282025_02_15-21_2025_p03.png
Kamuning,2025-02-18,9,2025-02-18 09:00,89,verified,02_15-21_2025.pdf,3,2025_January15February282025_02_15-21_2025_p03.png
Kamuning,2025-02-18,10,2025-02-18 10:00,346,verified,02_15-21_2025.pdf,3,2025_January15February282025_02_15-21_2025_p03.png
Kamuning,2025-02-18,11,2025-02-18 11:00,132,verified,02_15-21_2025.pdf,3,2025_January15February282025_02_15-21_2025_p03.png
Kamuning,2025-02-18,12,2025-02-18 12:00,105,verified,02_15-21_2025.pdf,3,2025_January15February282025_02_15-21_2025_p03.png
Kamuning,2025-02-18,13,2025-02-18 13:00,98,verified,02_15-21_2025.pdf,3,2025_January15February282025_02_15-21_2025_p03.png
Kamuning,2025-02-18,14,2025-02-18 14:00,130,verified,02_15-21_2025.pdf,3,2025_January15February282025_02_15-21_2025_p03.png
Kamuning,2025-02-18,15,2025-02-18 15:00,165,verified,02_15-21_2025.pdf,3,2025_January15February282025_02_15-21_2025_p03.png
Kamuning,2025-02-18,16,2025-02-18 16:00,156,verified,02_15-21_2025.pdf,3,2025_January15February282025_02_15-21_2025_p03.png
Kamuning,2025-02-18,17,2025-02-18 17:00,297,verified,02_15-21_2025.pdf,3,2025_January15February282025_02_15-21_2025_p03.png
Kamuning,2025-02-18,18,2025-02-18 18:00,310,verified,02_15-21_2025.pdf,3,2025_January15February282025_02_15-21_2025_p03.png
Kamuning,2025-02-18,19,2025-02-18 19:00,110,verified,02_15-21_2025.pdf,3,2025_January15February282025_02_15-21_2025_p03.png
Kamuning,2025-02-18,20,2025-02-18 20:00,104,verified,02_15-21_2025.pdf,3,2025_January15February282025_02_15-21_2025_p03.png
Kamuning,2025-02-18,21,2025-02-18 21:00,128,verified,02_15-21_2025.pdf,3,2025_January15February282025_02_15-21_2025_p03.png
Kamuning,2025-02-18,22,2025-02-18 22:00,163,verified,02_15-21_2025.pdf,3,2025_January15February282025_02_15-21_2025_p03.png
Kamuning,2025-02-18,23,2025-02-18 23:00,79,verified,02_15-21_2025.pdf,3,2025_January15February282025_02_15-21_2025_p03.png
Kamuning,2025-02-18,0,2025-02-19 00:00,51,verified,02_15-21_2025.pdf,3,2025_January15February282025_02_15-21_2025_p03.png
Kamuning,2025-02-18,1,2025-02-19 01:00,47,verified,02_15-21_2025.pdf,3,2025_January15February282025_02_15-21_2025_p03.png
Kamuning,2025-02-18,2,2025-02-19 02:00,20,verified,02_15-21_2025.pdf,3,2025_January15February282025_02_15-21_2025_p03.png
Kamuning,2025-02-18,3,2025-02-19 03:00,38,verified,02_15-21_2025.pdf,3,2025_January15February282025_02_15-21_2025_p03.png
Kamuning,2025-02-18,4,2025-02-19 04:00,99,verified,02_15-21_2025.pdf,3,2025_January15February282025_02_15-21_2025_p03.png
Kamuning,2025-02-18,5,2025-02-19 05:00,129,verified,02_15-21_2025.pdf,3,2025_January15February282025_02_15-21_2025_p03.png
Kamuning,2025-02-19,6,2025-02-19 06:00,223,verified,02_15-21_2025.pdf,3,2025_January15February282025_02_15-21_2025_p03.png
Kamuning,2025-02-19,7,2025-02-19 07:00,234,verified,02_15-21_2025.pdf,3,2025_January15February282025_02_15-21_2025_p03.png
Kamuning,2025-02-19,8,2025-02-19 08:00,161,verified,02_15-21_2025.pdf,3,2025_January15February282025_02_15-21_2025_p03.png
Kamuning,2025-02-19,9,2025-02-19 09:00,121,verified,02_15-21_2025.pdf,3,2025_January15February282025_02_15-21_2025_p03.png
Kamuning,2025-02-19,10,2025-02-19 10:00,81,verified,02_15-21_2025.pdf,3,2025_January15February282025_02_15-21_2025_p03.png
Kamuning,2025-02-19,11,2025-02-19 11:00,123,verified,02_15-21_2025.pdf,3,2025_January15February282025_02_15-21_2025_p03.png
Kamuning,2025-02-19,12,2025-02-19 12:00,71,verified,02_15-21_2025.pdf,3,2025_January15February282025_02_15-21_2025_p03.png
Kamuning,2025-02-19,13,2025-02-19 13:00,77,verified,02_15-21_2025.pdf,3,2025_January15February282025_02_15-21_2025_p03.png
Kamuning,2025-02-19,14,2025-02-19 14:00,81,verified,02_15-21_2025.pdf,3,2025_January15February282025_02_15-21_2025_p03.png
Kamuning,2025-02-19,15,2025-02-19 15:00,110,verified,02_15-21_2025.pdf,3,2025_January15February282025_02_15-21_2025_p03.png
Kamuning,2025-02-19,16,2025-02-19 16:00,196,verified,02_15-21_2025.pdf,3,2025_January15February282025_02_15-21_2025_p03.png
Kamuning,2025-02-19,17,2025-02-19 17:00,371,verified,02_15-21_2025.pdf,3,2025_January15February282025_02_15-21_2025_p03.png
Kamuning,2025-02-19,18,2025-02-19 18:00,346,verified,02_15-21_2025.pdf,3,2025_January15February282025_02_15-21_2025_p03.png
Kamuning,2025-02-19,19,2025-02-19 19:00,193,verified,02_15-21_2025.pdf,3,2025_January15February282025_02_15-21_2025_p03.png
Kamuning,2025-02-19,20,2025-02-19 20:00,93,verified,02_15-21_2025.pdf,3,2025_January15February282025_02_15-21_2025_p03.png
Kamuning,2025-02-19,21,2025-02-19 21:00,104,verified,02_15-21_2025.pdf,3,2025_January15February282025_02_15-21_2025_p03.png
Kamuning,2025-02-19,22,2025-02-19 22:00,185,verified,02_15-21_2025.pdf,3,2025_January15February282025_02_15-21_2025_p03.png
Kamuning,2025-02-19,23,2025-02-19 23:00,75,verified,02_15-21_2025.pdf,3,2025_January15February282025_02_15-21_2025_p03.png
Kamuning,2025-02-19,0,2025-02-20 00:00,38,verified,02_15-21_2025.pdf,3,2025_January15February282025_02_15-21_2025_p03.png
Kamuning,2025-02-19,1,2025-02-20 01:00,25,verified,02_15-21_2025.pdf,3,2025_January15February282025_02_15-21_2025_p03.png
Kamuning,2025-02-19,2,2025-02-20 02:00,27,verified,02_15-21_2025.pdf,3,2025_January15February282025_02_15-21_2025_p03.png
Kamuning,2025-02-19,3,2025-02-20 03:00,68,verified,02_15-21_2025.pdf,3,2025_January15February282025_02_15-21_2025_p03.png
Kamuning,2025-02-19,4,2025-02-20 04:00,171,verified,02_15-21_2025.pdf,3,2025_January15February282025_02_15-21_2025_p03.png
Kamuning,2025-02-19,5,2025-02-20 05:00,212,verified,02_15-21_2025.pdf,3,2025_January15February282025_02_15-21_2025_p03.png
Kamuning,2025-02-20,6,2025-02-20 06:00,247,mismatch,02_15-21_2025.pdf,4,2025_January15February282025_02_15-21_2025_p04.png
Kamuning,2025-02-20,7,2025-02-20 07:00,267,mismatch,02_15-21_2025.pdf,4,2025_January15February282025_02_15-21_2025_p04.png
Kamuning,2025-02-20,8,2025-02-20 08:00,111,mismatch,02_15-21_2025.pdf,4,2025_January15February282025_02_15-21_2025_p04.png
Kamuning,2025-02-20,9,2025-02-20 09:00,118,mismatch,02_15-21_2025.pdf,4,2025_January15February282025_02_15-21_2025_p04.png
Kamuning,2025-02-20,10,2025-02-20 10:00,106,mismatch,02_15-21_2025.pdf,4,2025_January15February282025_02_15-21_2025_p04.png
Kamuning,2025-02-20,11,2025-02-20 11:00,74,mismatch,02_15-21_2025.pdf,4,2025_January15February282025_02_15-21_2025_p04.png
Kamuning,2025-02-20,12,2025-02-20 12:00,86,mismatch,02_15-21_2025.pdf,4,2025_January15February282025_02_15-21_2025_p04.png
Kamuning,2025-02-20,13,2025-02-20 13:00,101,mismatch,02_15-21_2025.pdf,4,2025_January15February282025_02_15-21_2025_p04.png
Kamuning,2025-02-20,14,2025-02-20 14:00,119,mismatch,02_15-21_2025.pdf,4,2025_January15February282025_02_15-21_2025_p04.png
Kamuning,2025-02-20,15,2025-02-20 15:00,182,mismatch,02_15-21_2025.pdf,4,2025_January15February282025_02_15-21_2025_p04.png
Kamuning,2025-02-20,16,2025-02-20 16:00,235,mismatch,02_15-21_2025.pdf,4,2025_January15February282025_02_15-21_2025_p04.png
Kamuning,2025-02-20,17,2025-02-20 17:00,345,mismatch,02_15-21_2025.pdf,4,2025_January15February282025_02_15-21_2025_p04.png
Kamuning,2025-02-20,18,2025-02-20 18:00,281,mismatch,02_15-21_2025.pdf,4,2025_January15February282025_02_15-21_2025_p04.png
Kamuning,2025-02-20,19,2025-02-20 19:00,223,mismatch,02_15-21_2025.pdf,4,2025_January15February282025_02_15-21_2025_p04.png
Kamuning,2025-02-20,20,2025-02-20 20:00,123,mismatch,02_15-21_2025.pdf,4,2025_January15February282025_02_15-21_2025_p04.png
Kamuning,2025-02-20,21,2025-02-20 21:00,82,mismatch,02_15-21_2025.pdf,4,2025_January15February282025_02_15-21_2025_p04.png
Kamuning,2025-02-20,22,2025-02-20 22:00,179,mismatch,02_15-21_2025.pdf,4,2025_January15February282025_02_15-21_2025_p04.png
Kamuning,2025-02-20,23,2025-02-20 23:00,83,mismatch,02_15-21_2025.pdf,4,2025_January15February282025_02_15-21_2025_p04.png
Kamuning,2025-02-20,0,2025-02-21 00:00,41,mismatch,02_15-21_2025.pdf,4,2025_January15February282025_02_15-21_2025_p04.png
Kamuning,2025-02-20,1,2025-02-21 01:00,28,mismatch,02_15-21_2025.pdf,4,2025_January15February282025_02_15-21_2025_p04.png
Kamuning,2025-02-20,2,2025-02-21 02:00,23,mismatch,02_15-21_2025.pdf,4,2025_January15February282025_02_15-21_2025_p04.png
Kamuning,2025-02-20,3,2025-02-21 03:00,57,mismatch,02_15-21_2025.pdf,4,2025_January15February282025_02_15-21_2025_p04.png
Kamuning,2025-02-20,4,2025-02-21 04:00,81,mismatch,02_15-21_2025.pdf,4,2025_January15February282025_02_15-21_2025_p04.png
Kamuning,2025-02-20,5,2025-02-21 05:00,134,mismatch,02_15-21_2025.pdf,4,2025_January15February282025_02_15-21_2025_p04.png
Kamuning,2025-02-21,6,2025-02-21 06:00,189,mismatch,02_15-21_2025.pdf,4,2025_January15February282025_02_15-21_2025_p04.png
Kamuning,2025-02-21,7,2025-02-21 07:00,273,mismatch,02_15-21_2025.pdf,4,2025_January15February282025_02_15-21_2025_p04.png
Kamuning,2025-02-21,8,2025-02-21 08:00,141,mismatch,02_15-21_2025.pdf,4,2025_January15February282025_02_15-21_2025_p04.png
Kamuning,2025-02-21,9,2025-02-21 09:00,131,mismatch,02_15-21_2025.pdf,4,2025_January15February282025_02_15-21_2025_p04.png
Kamuning,2025-02-21,10,2025-02-21 10:00,71,mismatch,02_15-21_2025.pdf,4,2025_January15February282025_02_15-21_2025_p04.png
Kamuning,2025-02-21,11,2025-02-21 11:00,98,mismatch,02_15-21_2025.pdf,4,2025_January15February282025_02_15-21_2025_p04.png
Kamuning,2025-02-21,12,2025-02-21 12:00,101,mismatch,02_15-21_2025.pdf,4,2025_January15February282025_02_15-21_2025_p04.png
Kamuning,2025-02-21,13,2025-02-21 13:00,87,mismatch,02_15-21_2025.pdf,4,2025_January15February282025_02_15-21_2025_p04.png
Kamuning,2025-02-21,14,2025-02-21 14:00,181,mismatch,02_15-21_2025.pdf,4,2025_January15February282025_02_15-21_2025_p04.png
Kamuning,2025-02-21,15,2025-02-21 15:00,157,mismatch,02_15-21_2025.pdf,4,2025_January15February282025_02_15-21_2025_p04.png
Kamuning,2025-02-21,16,2025-02-21 16:00,238,mismatch,02_15-21_2025.pdf,4,2025_January15February282025_02_15-21_2025_p04.png
Kamuning,2025-02-21,17,2025-02-21 17:00,284,mismatch,02_15-21_2025.pdf,4,2025_January15February282025_02_15-21_2025_p04.png
Kamuning,2025-02-21,18,2025-02-21 18:00,192,mismatch,02_15-21_2025.pdf,4,2025_January15February282025_02_15-21_2025_p04.png
Kamuning,2025-02-21,19,2025-02-21 19:00,243,mismatch,02_15-21_2025.pdf,4,2025_January15February282025_02_15-21_2025_p04.png
Kamuning,2025-02-21,20,2025-02-21 20:00,89,mismatch,02_15-21_2025.pdf,4,2025_January15February282025_02_15-21_2025_p04.png
Kamuning,2025-02-21,21,2025-02-21 21:00,93,mismatch,02_15-21_2025.pdf,4,2025_January15February282025_02_15-21_2025_p04.png
Kamuning,2025-02-21,22,2025-02-21 22:00,179,mismatch,02_15-21_2025.pdf,4,2025_January15February282025_02_15-21_2025_p04.png
Kamuning,2025-02-21,23,2025-02-21 23:00,104,mismatch,02_15-21_2025.pdf,4,2025_January15February282025_02_15-21_2025_p04.png
Kamuning,2025-02-21,0,2025-02-22 00:00,86,mismatch,02_15-21_2025.pdf,4,2025_January15February282025_02_15-21_2025_p04.png
Kamuning,2025-02-21,1,2025-02-22 01:00,128,mismatch,02_15-21_2025.pdf,4,2025_January15February282025_02_15-21_2025_p04.png
Kamuning,2025-02-21,2,2025-02-22 02:00,192,mismatch,02_15-21_2025.pdf,4,2025_January15February282025_02_15-21_2025_p04.png
Kamuning,2025-02-21,3,2025-02-22 03:00,209,mismatch,02_15-21_2025.pdf,4,2025_January15February282025_02_15-21_2025_p04.png
Kamuning,2025-02-21,4,2025-02-22 04:00,180,mismatch,02_15-21_2025.pdf,4,2025_January15February282025_02_15-21_2025_p04.png
Kamuning,2025-02-21,5,2025-02-22 05:00,103,mismatch,02_15-21_2025.pdf,4,2025_January15February282025_02_15-21_2025_p04.png
Kamuning,2025-02-22,6,2025-02-22 06:00,126,verified,02_22-28_2025.pdf,1,2025_January15February282025_02_22-28_2025_p01.png
Kamuning,2025-02-22,7,2025-02-22 07:00,141,verified,02_22-28_2025.pdf,1,2025_January15February282025_02_22-28_2025_p01.png
Kamuning,2025-02-22,8,2025-02-22 08:00,132,verified,02_22-28_2025.pdf,1,2025_January15February282025_02_22-28_2025_p01.png
Kamuning,2025-02-22,9,2025-02-22 09:00,81,verified,02_22-28_2025.pdf,1,2025_January15February282025_02_22-28_2025_p01.png
Kamuning,2025-02-22,10,2025-02-22 10:00,56,verified,02_22-28_2025.pdf,1,2025_January15February282025_02_22-28_2025_p01.png
Kamuning,2025-02-22,11,2025-02-22 11:00,112,verified,02_22-28_2025.pdf,1,2025_January15February282025_02_22-28_2025_p01.png
Kamuning,2025-02-22,12,2025-02-22 12:00,94,verified,02_22-28_2025.pdf,1,2025_January15February282025_02_22-28_2025_p01.png
Kamuning,2025-02-22,13,2025-02-22 13:00,82,verified,02_22-28_2025.pdf,1,2025_January15February282025_02_22-28_2025_p01.png
Kamuning,2025-02-22,14,2025-02-22 14:00,70,verified,02_22-28_2025.pdf,1,2025_January15February282025_02_22-28_2025_p01.png
Kamuning,2025-02-22,15,2025-02-22 15:00,120,verified,02_22-28_2025.pdf,1,2025_January15February282025_02_22-28_2025_p01.png
Kamuning,2025-02-22,16,2025-02-22 16:00,136,verified,02_22-28_2025.pdf,1,2025_January15February282025_02_22-28_2025_p01.png
Kamuning,2025-02-22,17,2025-02-22 17:00,229,verified,02_22-28_2025.pdf,1,2025_January15February282025_02_22-28_2025_p01.png
Kamuning,2025-02-22,18,2025-02-22 18:00,143,verified,02_22-28_2025.pdf,1,2025_January15February282025_02_22-28_2025_p01.png
Kamuning,2025-02-22,19,2025-02-22 19:00,100,verified,02_22-28_2025.pdf,1,2025_January15February282025_02_22-28_2025_p01.png
Kamuning,2025-02-22,20,2025-02-22 20:00,48,verified,02_22-28_2025.pdf,1,2025_January15February282025_02_22-28_2025_p01.png
Kamuning,2025-02-22,21,2025-02-22 21:00,124,verified,02_22-28_2025.pdf,1,2025_January15February282025_02_22-28_2025_p01.png
Kamuning,2025-02-22,22,2025-02-22 22:00,211,verified,02_22-28_2025.pdf,1,2025_January15February282025_02_22-28_2025_p01.png
Kamuning,2025-02-22,23,2025-02-22 23:00,66,verified,02_22-28_2025.pdf,1,2025_January15February282025_02_22-28_2025_p01.png
Kamuning,2025-02-22,0,2025-02-23 00:00,34,verified,02_22-28_2025.pdf,1,2025_January15February282025_02_22-28_2025_p01.png
Kamuning,2025-02-22,1,2025-02-23 01:00,15,verified,02_22-28_2025.pdf,1,2025_January15February282025_02_22-28_2025_p01.png
Kamuning,2025-02-22,2,2025-02-23 02:00,15,verified,02_22-28_2025.pdf,1,2025_January15February282025_02_22-28_2025_p01.png
Kamuning,2025-02-22,3,2025-02-23 03:00,26,verified,02_22-28_2025.pdf,1,2025_January15February282025_02_22-28_2025_p01.png
Kamuning,2025-02-22,4,2025-02-23 04:00,45,verified,02_22-28_2025.pdf,1,2025_January15February282025_02_22-28_2025_p01.png
Kamuning,2025-02-22,5,2025-02-23 05:00,39,verified,02_22-28_2025.pdf,1,2025_January15February282025_02_22-28_2025_p01.png
Kamuning,2025-02-23,6,2025-02-23 06:00,136,mismatch,02_22-28_2025.pdf,2,2025_January15February282025_02_22-28_2025_p02.png
Kamuning,2025-02-23,7,2025-02-23 07:00,71,mismatch,02_22-28_2025.pdf,2,2025_January15February282025_02_22-28_2025_p02.png
Kamuning,2025-02-23,8,2025-02-23 08:00,78,mismatch,02_22-28_2025.pdf,2,2025_January15February282025_02_22-28_2025_p02.png
Kamuning,2025-02-23,9,2025-02-23 09:00,54,mismatch,02_22-28_2025.pdf,2,2025_January15February282025_02_22-28_2025_p02.png
Kamuning,2025-02-23,10,2025-02-23 10:00,58,mismatch,02_22-28_2025.pdf,2,2025_January15February282025_02_22-28_2025_p02.png
Kamuning,2025-02-23,11,2025-02-23 11:00,126,mismatch,02_22-28_2025.pdf,2,2025_January15February282025_02_22-28_2025_p02.png
Kamuning,2025-02-23,12,2025-02-23 12:00,68,mismatch,02_22-28_2025.pdf,2,2025_January15February282025_02_22-28_2025_p02.png
Kamuning,2025-02-23,13,2025-02-23 13:00,146,mismatch,02_22-28_2025.pdf,2,2025_January15February282025_02_22-28_2025_p02.png
Kamuning,2025-02-23,14,2025-02-23 14:00,56,mismatch,02_22-28_2025.pdf,2,2025_January15February282025_02_22-28_2025_p02.png
Kamuning,2025-02-23,15,2025-02-23 15:00,53,mismatch,02_22-28_2025.pdf,2,2025_January15February282025_02_22-28_2025_p02.png
Kamuning,2025-02-23,16,2025-02-23 16:00,68,mismatch,02_22-28_2025.pdf,2,2025_January15February282025_02_22-28_2025_p02.png
Kamuning,2025-02-23,17,2025-02-23 17:00,48,mismatch,02_22-28_2025.pdf,2,2025_January15February282025_02_22-28_2025_p02.png
Kamuning,2025-02-23,18,2025-02-23 18:00,110,mismatch,02_22-28_2025.pdf,2,2025_January15February282025_02_22-28_2025_p02.png
Kamuning,2025-02-23,19,2025-02-23 19:00,69,mismatch,02_22-28_2025.pdf,2,2025_January15February282025_02_22-28_2025_p02.png
Kamuning,2025-02-23,20,2025-02-23 20:00,56,mismatch,02_22-28_2025.pdf,2,2025_January15February282025_02_22-28_2025_p02.png
Kamuning,2025-02-23,21,2025-02-23 21:00,91,mismatch,02_22-28_2025.pdf,2,2025_January15February282025_02_22-28_2025_p02.png
Kamuning,2025-02-23,22,2025-02-23 22:00,189,mismatch,02_22-28_2025.pdf,2,2025_January15February282025_02_22-28_2025_p02.png
Kamuning,2025-02-23,23,2025-02-23 23:00,26,mismatch,02_22-28_2025.pdf,2,2025_January15February282025_02_22-28_2025_p02.png
Kamuning,2025-02-23,0,2025-02-24 00:00,41,mismatch,02_22-28_2025.pdf,2,2025_January15February282025_02_22-28_2025_p02.png
Kamuning,2025-02-23,1,2025-02-24 01:00,29,mismatch,02_22-28_2025.pdf,2,2025_January15February282025_02_22-28_2025_p02.png
Kamuning,2025-02-23,2,2025-02-24 02:00,19,mismatch,02_22-28_2025.pdf,2,2025_January15February282025_02_22-28_2025_p02.png
Kamuning,2025-02-23,3,2025-02-24 03:00,63,mismatch,02_22-28_2025.pdf,2,2025_January15February282025_02_22-28_2025_p02.png
Kamuning,2025-02-23,4,2025-02-24 04:00,78,mismatch,02_22-28_2025.pdf,2,2025_January15February282025_02_22-28_2025_p02.png
Kamuning,2025-02-23,5,2025-02-24 05:00,91,mismatch,02_22-28_2025.pdf,2,2025_January15February282025_02_22-28_2025_p02.png
Kamuning,2025-02-24,6,2025-02-24 06:00,408,verified,02_22-28_2025.pdf,2,2025_January15February282025_02_22-28_2025_p02.png
Kamuning,2025-02-24,7,2025-02-24 07:00,526,verified,02_22-28_2025.pdf,2,2025_January15February282025_02_22-28_2025_p02.png
Kamuning,2025-02-24,8,2025-02-24 08:00,163,verified,02_22-28_2025.pdf,2,2025_January15February282025_02_22-28_2025_p02.png
Kamuning,2025-02-24,9,2025-02-24 09:00,134,verified,02_22-28_2025.pdf,2,2025_January15February282025_02_22-28_2025_p02.png
Kamuning,2025-02-24,10,2025-02-24 10:00,129,verified,02_22-28_2025.pdf,2,2025_January15February282025_02_22-28_2025_p02.png
Kamuning,2025-02-24,11,2025-02-24 11:00,124,verified,02_22-28_2025.pdf,2,2025_January15February282025_02_22-28_2025_p02.png
Kamuning,2025-02-24,12,2025-02-24 12:00,83,verified,02_22-28_2025.pdf,2,2025_January15February282025_02_22-28_2025_p02.png
Kamuning,2025-02-24,13,2025-02-24 13:00,93,verified,02_22-28_2025.pdf,2,2025_January15February282025_02_22-28_2025_p02.png
Kamuning,2025-02-24,14,2025-02-24 14:00,126,verified,02_22-28_2025.pdf,2,2025_January15February282025_02_22-28_2025_p02.png
Kamuning,2025-02-24,15,2025-02-24 15:00,150,verified,02_22-28_2025.pdf,2,2025_January15February282025_02_22-28_2025_p02.png
Kamuning,2025-02-24,16,2025-02-24 16:00,253,verified,02_22-28_2025.pdf,2,2025_January15February282025_02_22-28_2025_p02.png
Kamuning,2025-02-24,17,2025-02-24 17:00,261,verified,02_22-28_2025.pdf,2,2025_January15February282025_02_22-28_2025_p02.png
Kamuning,2025-02-24,18,2025-02-24 18:00,316,verified,02_22-28_2025.pdf,2,2025_January15February282025_02_22-28_2025_p02.png
Kamuning,2025-02-24,19,2025-02-24 19:00,164,verified,02_22-28_2025.pdf,2,2025_January15February282025_02_22-28_2025_p02.png
Kamuning,2025-02-24,20,2025-02-24 20:00,76,verified,02_22-28_2025.pdf,2,2025_January15February282025_02_22-28_2025_p02.png
Kamuning,2025-02-24,21,2025-02-24 21:00,83,verified,02_22-28_2025.pdf,2,2025_January15February282025_02_22-28_2025_p02.png
Kamuning,2025-02-24,22,2025-02-24 22:00,245,verified,02_22-28_2025.pdf,2,2025_January15February282025_02_22-28_2025_p02.png
Kamuning,2025-02-24,23,2025-02-24 23:00,52,verified,02_22-28_2025.pdf,2,2025_January15February282025_02_22-28_2025_p02.png
Kamuning,2025-02-24,0,2025-02-25 00:00,41,verified,02_22-28_2025.pdf,2,2025_January15February282025_02_22-28_2025_p02.png
Kamuning,2025-02-24,1,2025-02-25 01:00,17,verified,02_22-28_2025.pdf,2,2025_January15February282025_02_22-28_2025_p02.png
Kamuning,2025-02-24,2,2025-02-25 02:00,30,verified,02_22-28_2025.pdf,2,2025_January15February282025_02_22-28_2025_p02.png
Kamuning,2025-02-24,3,2025-02-25 03:00,29,verified,02_22-28_2025.pdf,2,2025_January15February282025_02_22-28_2025_p02.png
Kamuning,2025-02-24,4,2025-02-25 04:00,18,verified,02_22-28_2025.pdf,2,2025_January15February282025_02_22-28_2025_p02.png
Kamuning,2025-02-24,5,2025-02-25 05:00,56,verified,02_22-28_2025.pdf,2,2025_January15February282025_02_22-28_2025_p02.png
Kamuning,2025-02-25,6,2025-02-25 06:00,211,verified,02_22-28_2025.pdf,3,2025_January15February282025_02_22-28_2025_p03.png
Kamuning,2025-02-25,7,2025-02-25 07:00,281,verified,02_22-28_2025.pdf,3,2025_January15February282025_02_22-28_2025_p03.png
Kamuning,2025-02-25,8,2025-02-25 08:00,137,verified,02_22-28_2025.pdf,3,2025_January15February282025_02_22-28_2025_p03.png
Kamuning,2025-02-25,9,2025-02-25 09:00,84,verified,02_22-28_2025.pdf,3,2025_January15February282025_02_22-28_2025_p03.png
Kamuning,2025-02-25,10,2025-02-25 10:00,69,verified,02_22-28_2025.pdf,3,2025_January15February282025_02_22-28_2025_p03.png
Kamuning,2025-02-25,11,2025-02-25 11:00,111,verified,02_22-28_2025.pdf,3,2025_January15February282025_02_22-28_2025_p03.png
Kamuning,2025-02-25,12,2025-02-25 12:00,88,verified,02_22-28_2025.pdf,3,2025_January15February282025_02_22-28_2025_p03.png
Kamuning,2025-02-25,13,2025-02-25 13:00,107,verified,02_22-28_2025.pdf,3,2025_January15February282025_02_22-28_2025_p03.png
Kamuning,2025-02-25,14,2025-02-25 14:00,141,verified,02_22-28_2025.pdf,3,2025_January15February282025_02_22-28_2025_p03.png
Kamuning,2025-02-25,15,2025-02-25 15:00,263,verified,02_22-28_2025.pdf,3,2025_January15February282025_02_22-28_2025_p03.png
Kamuning,2025-02-25,16,2025-02-25 16:00,335,verified,02_22-28_2025.pdf,3,2025_January15February282025_02_22-28_2025_p03.png
Kamuning,2025-02-25,17,2025-02-25 17:00,581,verified,02_22-28_2025.pdf,3,2025_January15February282025_02_22-28_2025_p03.png
Kamuning,2025-02-25,18,2025-02-25 18:00,296,verified,02_22-28_2025.pdf,3,2025_January15February282025_02_22-28_2025_p03.png
Kamuning,2025-02-25,19,2025-02-25 19:00,241,verified,02_22-28_2025.pdf,3,2025_January15February282025_02_22-28_2025_p03.png
Kamuning,2025-02-25,20,2025-02-25 20:00,113,verified,02_22-28_2025.pdf,3,2025_January15February282025_02_22-28_2025_p03.png
Kamuning,2025-02-25,21,2025-02-25 21:00,96,verified,02_22-28_2025.pdf,3,2025_January15February282025_02_22-28_2025_p03.png
Kamuning,2025-02-25,22,2025-02-25 22:00,269,verified,02_22-28_2025.pdf,3,2025_January15February282025_02_22-28_2025_p03.png
Kamuning,2025-02-25,23,2025-02-25 23:00,68,verified,02_22-28_2025.pdf,3,2025_January15February282025_02_22-28_2025_p03.png
Kamuning,2025-02-25,0,2025-02-26 00:00,50,verified,02_22-28_2025.pdf,3,2025_January15February282025_02_22-28_2025_p03.png
Kamuning,2025-02-25,1,2025-02-26 01:00,31,verified,02_22-28_2025.pdf,3,2025_January15February282025_02_22-28_2025_p03.png
Kamuning,2025-02-25,2,2025-02-26 02:00,14,verified,02_22-28_2025.pdf,3,2025_January15February282025_02_22-28_2025_p03.png
Kamuning,2025-02-25,3,2025-02-26 03:00,39,verified,02_22-28_2025.pdf,3,2025_January15February282025_02_22-28_2025_p03.png
Kamuning,2025-02-25,4,2025-02-26 04:00,22,verified,02_22-28_2025.pdf,3,2025_January15February282025_02_22-28_2025_p03.png
Kamuning,2025-02-25,5,2025-02-26 05:00,126,verified,02_22-28_2025.pdf,3,2025_January15February282025_02_22-28_2025_p03.png
Kamuning,2025-02-26,6,2025-02-26 06:00,189,mismatch,02_22-28_2025.pdf,3,2025_January15February282025_02_22-28_2025_p03.png
Kamuning,2025-02-26,7,2025-02-26 07:00,214,mismatch,02_22-28_2025.pdf,3,2025_January15February282025_02_22-28_2025_p03.png
Kamuning,2025-02-26,8,2025-02-26 08:00,84,mismatch,02_22-28_2025.pdf,3,2025_January15February282025_02_22-28_2025_p03.png
Kamuning,2025-02-26,9,2025-02-26 09:00,103,mismatch,02_22-28_2025.pdf,3,2025_January15February282025_02_22-28_2025_p03.png
Kamuning,2025-02-26,10,2025-02-26 10:00,96,mismatch,02_22-28_2025.pdf,3,2025_January15February282025_02_22-28_2025_p03.png
Kamuning,2025-02-26,11,2025-02-26 11:00,83,mismatch,02_22-28_2025.pdf,3,2025_January15February282025_02_22-28_2025_p03.png
Kamuning,2025-02-26,12,2025-02-26 12:00,109,mismatch,02_22-28_2025.pdf,3,2025_January15February282025_02_22-28_2025_p03.png
Kamuning,2025-02-26,13,2025-02-26 13:00,126,mismatch,02_22-28_2025.pdf,3,2025_January15February282025_02_22-28_2025_p03.png
Kamuning,2025-02-26,14,2025-02-26 14:00,108,mismatch,02_22-28_2025.pdf,3,2025_January15February282025_02_22-28_2025_p03.png
Kamuning,2025-02-26,15,2025-02-26 15:00,153,mismatch,02_22-28_2025.pdf,3,2025_January15February282025_02_22-28_2025_p03.png
Kamuning,2025-02-26,16,2025-02-26 16:00,221,mismatch,02_22-28_2025.pdf,3,2025_January15February282025_02_22-28_2025_p03.png
Kamuning,2025-02-26,17,2025-02-26 17:00,300,mismatch,02_22-28_2025.pdf,3,2025_January15February282025_02_22-28_2025_p03.png
Kamuning,2025-02-26,18,2025-02-26 18:00,191,mismatch,02_22-28_2025.pdf,3,2025_January15February282025_02_22-28_2025_p03.png
Kamuning,2025-02-26,19,2025-02-26 19:00,200,mismatch,02_22-28_2025.pdf,3,2025_January15February282025_02_22-28_2025_p03.png
Kamuning,2025-02-26,20,2025-02-26 20:00,97,mismatch,02_22-28_2025.pdf,3,2025_January15February282025_02_22-28_2025_p03.png
Kamuning,2025-02-26,21,2025-02-26 21:00,106,mismatch,02_22-28_2025.pdf,3,2025_January15February282025_02_22-28_2025_p03.png
Kamuning,2025-02-26,22,2025-02-26 22:00,182,mismatch,02_22-28_2025.pdf,3,2025_January15February282025_02_22-28_2025_p03.png
Kamuning,2025-02-26,23,2025-02-26 23:00,121,mismatch,02_22-28_2025.pdf,3,2025_January15February282025_02_22-28_2025_p03.png
Kamuning,2025-02-26,0,2025-02-27 00:00,45,mismatch,02_22-28_2025.pdf,3,2025_January15February282025_02_22-28_2025_p03.png
Kamuning,2025-02-26,1,2025-02-27 01:00,21,mismatch,02_22-28_2025.pdf,3,2025_January15February282025_02_22-28_2025_p03.png
Kamuning,2025-02-26,2,2025-02-27 02:00,18,mismatch,02_22-28_2025.pdf,3,2025_January15February282025_02_22-28_2025_p03.png
Kamuning,2025-02-26,3,2025-02-27 03:00,34,mismatch,02_22-28_2025.pdf,3,2025_January15February282025_02_22-28_2025_p03.png
Kamuning,2025-02-26,4,2025-02-27 04:00,145,mismatch,02_22-28_2025.pdf,3,2025_January15February282025_02_22-28_2025_p03.png
Kamuning,2025-02-26,5,2025-02-27 05:00,171,mismatch,02_22-28_2025.pdf,3,2025_January15February282025_02_22-28_2025_p03.png
Kamuning,2025-02-27,6,2025-02-27 06:00,182,verified,02_22-28_2025.pdf,4,2025_January15February282025_02_22-28_2025_p04.png
Kamuning,2025-02-27,7,2025-02-27 07:00,237,verified,02_22-28_2025.pdf,4,2025_January15February282025_02_22-28_2025_p04.png
Kamuning,2025-02-27,8,2025-02-27 08:00,124,verified,02_22-28_2025.pdf,4,2025_January15February282025_02_22-28_2025_p04.png
Kamuning,2025-02-27,9,2025-02-27 09:00,88,verified,02_22-28_2025.pdf,4,2025_January15February282025_02_22-28_2025_p04.png
Kamuning,2025-02-27,10,2025-02-27 10:00,89,verified,02_22-28_2025.pdf,4,2025_January15February282025_02_22-28_2025_p04.png
Kamuning,2025-02-27,11,2025-02-27 11:00,104,verified,02_22-28_2025.pdf,4,2025_January15February282025_02_22-28_2025_p04.png
Kamuning,2025-02-27,12,2025-02-27 12:00,109,verified,02_22-28_2025.pdf,4,2025_January15February282025_02_22-28_2025_p04.png
Kamuning,2025-02-27,13,2025-02-27 13:00,86,verified,02_22-28_2025.pdf,4,2025_January15February282025_02_22-28_2025_p04.png
Kamuning,2025-02-27,14,2025-02-27 14:00,92,verified,02_22-28_2025.pdf,4,2025_January15February282025_02_22-28_2025_p04.png
Kamuning,2025-02-27,15,2025-02-27 15:00,133,verified,02_22-28_2025.pdf,4,2025_January15February282025_02_22-28_2025_p04.png
Kamuning,2025-02-27,16,2025-02-27 16:00,191,verified,02_22-28_2025.pdf,4,2025_January15February282025_02_22-28_2025_p04.png
Kamuning,2025-02-27,17,2025-02-27 17:00,323,verified,02_22-28_2025.pdf,4,2025_January15February282025_02_22-28_2025_p04.png
Kamuning,2025-02-27,18,2025-02-27 18:00,205,verified,02_22-28_2025.pdf,4,2025_January15February282025_02_22-28_2025_p04.png
Kamuning,2025-02-27,19,2025-02-27 19:00,186,verified,02_22-28_2025.pdf,4,2025_January15February282025_02_22-28_2025_p04.png
Kamuning,2025-02-27,20,2025-02-27 20:00,100,verified,02_22-28_2025.pdf,4,2025_January15February282025_02_22-28_2025_p04.png
Kamuning,2025-02-27,21,2025-02-27 21:00,221,verified,02_22-28_2025.pdf,4,2025_January15February282025_02_22-28_2025_p04.png
Kamuning,2025-02-27,22,2025-02-27 22:00,233,verified,02_22-28_2025.pdf,4,2025_January15February282025_02_22-28_2025_p04.png
Kamuning,2025-02-27,23,2025-02-27 23:00,109,verified,02_22-28_2025.pdf,4,2025_January15February282025_02_22-28_2025_p04.png
Kamuning,2025-02-27,0,2025-02-28 00:00,17,verified,02_22-28_2025.pdf,4,2025_January15February282025_02_22-28_2025_p04.png
Kamuning,2025-02-27,1,2025-02-28 01:00,11,verified,02_22-28_2025.pdf,4,2025_January15February282025_02_22-28_2025_p04.png
Kamuning,2025-02-27,2,2025-02-28 02:00,24,verified,02_22-28_2025.pdf,4,2025_January15February282025_02_22-28_2025_p04.png
Kamuning,2025-02-27,3,2025-02-28 03:00,19,verified,02_22-28_2025.pdf,4,2025_January15February282025_02_22-28_2025_p04.png
Kamuning,2025-02-27,4,2025-02-28 04:00,20,verified,02_22-28_2025.pdf,4,2025_January15February282025_02_22-28_2025_p04.png
Kamuning,2025-02-27,5,2025-02-28 05:00,35,verified,02_22-28_2025.pdf,4,2025_January15February282025_02_22-28_2025_p04.png
Kamuning,2025-02-28,6,2025-02-28 06:00,175,verified,02_22-28_2025.pdf,4,2025_January15February282025_02_22-28_2025_p04.png
Kamuning,2025-02-28,7,2025-02-28 07:00,222,verified,02_22-28_2025.pdf,4,2025_January15February282025_02_22-28_2025_p04.png
Kamuning,2025-02-28,8,2025-02-28 08:00,126,verified,02_22-28_2025.pdf,4,2025_January15February282025_02_22-28_2025_p04.png
Kamuning,2025-02-28,9,2025-02-28 09:00,73,verified,02_22-28_2025.pdf,4,2025_January15February282025_02_22-28_2025_p04.png
Kamuning,2025-02-28,10,2025-02-28 10:00,81,verified,02_22-28_2025.pdf,4,2025_January15February282025_02_22-28_2025_p04.png
Kamuning,2025-02-28,11,2025-02-28 11:00,92,verified,02_22-28_2025.pdf,4,2025_January15February282025_02_22-28_2025_p04.png
Kamuning,2025-02-28,12,2025-02-28 12:00,109,verified,02_22-28_2025.pdf,4,2025_January15February282025_02_22-28_2025_p04.png
Kamuning,2025-02-28,13,2025-02-28 13:00,89,verified,02_22-28_2025.pdf,4,2025_January15February282025_02_22-28_2025_p04.png
Kamuning,2025-02-28,14,2025-02-28 14:00,91,verified,02_22-28_2025.pdf,4,2025_January15February282025_02_22-28_2025_p04.png
Kamuning,2025-02-28,15,2025-02-28 15:00,126,verified,02_22-28_2025.pdf,4,2025_January15February282025_02_22-28_2025_p04.png
Kamuning,2025-02-28,16,2025-02-28 16:00,238,verified,02_22-28_2025.pdf,4,2025_January15February282025_02_22-28_2025_p04.png
Kamuning,2025-02-28,17,2025-02-28 17:00,398,verified,02_22-28_2025.pdf,4,2025_January15February282025_02_22-28_2025_p04.png
Kamuning,2025-02-28,18,2025-02-28 18:00,181,verified,02_22-28_2025.pdf,4,2025_January15February282025_02_22-28_2025_p04.png
Kamuning,2025-02-28,19,2025-02-28 19:00,165,verified,02_22-28_2025.pdf,4,2025_January15February282025_02_22-28_2025_p04.png
Kamuning,2025-02-28,20,2025-02-28 20:00,103,verified,02_22-28_2025.pdf,4,2025_January15February282025_02_22-28_2025_p04.png
Kamuning,2025-02-28,21,2025-02-28 21:00,188,verified,02_22-28_2025.pdf,4,2025_January15February282025_02_22-28_2025_p04.png
Kamuning,2025-02-28,22,2025-02-28 22:00,223,verified,02_22-28_2025.pdf,4,2025_January15February282025_02_22-28_2025_p04.png
Kamuning,2025-02-28,23,2025-02-28 23:00,112,verified,02_22-28_2025.pdf,4,2025_January15February282025_02_22-28_2025_p04.png
Kamuning,2025-02-28,0,2025-03-01 00:00,15,verified,02_22-28_2025.pdf,4,2025_January15February282025_02_22-28_2025_p04.png
Kamuning,2025-02-28,1,2025-03-01 01:00,28,verified,02_22-28_2025.pdf,4,2025_January15February282025_02_22-28_2025_p04.png
Kamuning,2025-02-28,2,2025-03-01 02:00,19,verified,02_22-28_2025.pdf,4,2025_January15February282025_02_22-28_2025_p04.png
Kamuning,2025-02-28,3,2025-03-01 03:00,33,verified,02_22-28_2025.pdf,4,2025_January15February282025_02_22-28_2025_p04.png
Kamuning,2025-02-28,4,2025-03-01 04:00,11,verified,02_22-28_2025.pdf,4,2025_January15February282025_02_22-28_2025_p04.png
Kamuning,2025-02-28,5,2025-03-01 05:00,71,verified,02_22-28_2025.pdf,4,2025_January15February282025_02_22-28_2025_p04.png
Kamuning,2025-04-01,6,2025-04-01 06:00,168,mismatch,04_01-07_2025.pdf,1,2025_April01April142025_04_01-07_2025_p01.png
Kamuning,2025-04-01,7,2025-04-01 07:00,131,mismatch,04_01-07_2025.pdf,1,2025_April01April142025_04_01-07_2025_p01.png
Kamuning,2025-04-01,8,2025-04-01 08:00,101,mismatch,04_01-07_2025.pdf,1,2025_April01April142025_04_01-07_2025_p01.png
Kamuning,2025-04-01,9,2025-04-01 09:00,94,mismatch,04_01-07_2025.pdf,1,2025_April01April142025_04_01-07_2025_p01.png
Kamuning,2025-04-01,10,2025-04-01 10:00,112,mismatch,04_01-07_2025.pdf,1,2025_April01April142025_04_01-07_2025_p01.png
Kamuning,2025-04-01,11,2025-04-01 11:00,111,mismatch,04_01-07_2025.pdf,1,2025_April01April142025_04_01-07_2025_p01.png
Kamuning,2025-04-01,12,2025-04-01 12:00,58,mismatch,04_01-07_2025.pdf,1,2025_April01April142025_04_01-07_2025_p01.png
Kamuning,2025-04-01,13,2025-04-01 13:00,86,mismatch,04_01-07_2025.pdf,1,2025_April01April142025_04_01-07_2025_p01.png
Kamuning,2025-04-01,14,2025-04-01 14:00,81,mismatch,04_01-07_2025.pdf,1,2025_April01April142025_04_01-07_2025_p01.png
Kamuning,2025-04-01,15,2025-04-01 15:00,86,mismatch,04_01-07_2025.pdf,1,2025_April01April142025_04_01-07_2025_p01.png
Kamuning,2025-04-01,16,2025-04-01 16:00,135,mismatch,04_01-07_2025.pdf,1,2025_April01April142025_04_01-07_2025_p01.png
Kamuning,2025-04-01,17,2025-04-01 17:00,126,mismatch,04_01-07_2025.pdf,1,2025_April01April142025_04_01-07_2025_p01.png
Kamuning,2025-04-01,18,2025-04-01 18:00,101,mismatch,04_01-07_2025.pdf,1,2025_April01April142025_04_01-07_2025_p01.png
Kamuning,2025-04-01,19,2025-04-01 19:00,125,mismatch,04_01-07_2025.pdf,1,2025_April01April142025_04_01-07_2025_p01.png
Kamuning,2025-04-01,20,2025-04-01 20:00,86,mismatch,04_01-07_2025.pdf,1,2025_April01April142025_04_01-07_2025_p01.png
Kamuning,2025-04-01,21,2025-04-01 21:00,103,mismatch,04_01-07_2025.pdf,1,2025_April01April142025_04_01-07_2025_p01.png
Kamuning,2025-04-01,22,2025-04-01 22:00,196,mismatch,04_01-07_2025.pdf,1,2025_April01April142025_04_01-07_2025_p01.png
Kamuning,2025-04-01,23,2025-04-01 23:00,78,mismatch,04_01-07_2025.pdf,1,2025_April01April142025_04_01-07_2025_p01.png
Kamuning,2025-04-01,0,2025-04-02 00:00,66,mismatch,04_01-07_2025.pdf,1,2025_April01April142025_04_01-07_2025_p01.png
Kamuning,2025-04-01,1,2025-04-02 01:00,38,mismatch,04_01-07_2025.pdf,1,2025_April01April142025_04_01-07_2025_p01.png
Kamuning,2025-04-01,2,2025-04-02 02:00,45,mismatch,04_01-07_2025.pdf,1,2025_April01April142025_04_01-07_2025_p01.png
Kamuning,2025-04-01,3,2025-04-02 03:00,69,mismatch,04_01-07_2025.pdf,1,2025_April01April142025_04_01-07_2025_p01.png
Kamuning,2025-04-01,4,2025-04-02 04:00,157,mismatch,04_01-07_2025.pdf,1,2025_April01April142025_04_01-07_2025_p01.png
Kamuning,2025-04-01,5,2025-04-02 05:00,222,mismatch,04_01-07_2025.pdf,1,2025_April01April142025_04_01-07_2025_p01.png
Kamuning,2025-04-02,6,2025-04-02 06:00,371,mismatch,04_01-07_2025.pdf,2,2025_April01April142025_04_01-07_2025_p02.png
Kamuning,2025-04-02,7,2025-04-02 07:00,312,mismatch,04_01-07_2025.pdf,2,2025_April01April142025_04_01-07_2025_p02.png
Kamuning,2025-04-02,8,2025-04-02 08:00,174,mismatch,04_01-07_2025.pdf,2,2025_April01April142025_04_01-07_2025_p02.png
Kamuning,2025-04-02,9,2025-04-02 09:00,108,mismatch,04_01-07_2025.pdf,2,2025_April01April142025_04_01-07_2025_p02.png
Kamuning,2025-04-02,10,2025-04-02 10:00,183,mismatch,04_01-07_2025.pdf,2,2025_April01April142025_04_01-07_2025_p02.png
Kamuning,2025-04-02,11,2025-04-02 11:00,168,mismatch,04_01-07_2025.pdf,2,2025_April01April142025_04_01-07_2025_p02.png
Kamuning,2025-04-02,12,2025-04-02 12:00,99,mismatch,04_01-07_2025.pdf,2,2025_April01April142025_04_01-07_2025_p02.png
Kamuning,2025-04-02,13,2025-04-02 13:00,158,mismatch,04_01-07_2025.pdf,2,2025_April01April142025_04_01-07_2025_p02.png
Kamuning,2025-04-02,14,2025-04-02 14:00,82,mismatch,04_01-07_2025.pdf,2,2025_April01April142025_04_01-07_2025_p02.png
Kamuning,2025-04-02,15,2025-04-02 15:00,99,mismatch,04_01-07_2025.pdf,2,2025_April01April142025_04_01-07_2025_p02.png
Kamuning,2025-04-02,16,2025-04-02 16:00,299,mismatch,04_01-07_2025.pdf,2,2025_April01April142025_04_01-07_2025_p02.png
Kamuning,2025-04-02,17,2025-04-02 17:00,457,mismatch,04_01-07_2025.pdf,2,2025_April01April142025_04_01-07_2025_p02.png
Kamuning,2025-04-02,18,2025-04-02 18:00,375,mismatch,04_01-07_2025.pdf,2,2025_April01April142025_04_01-07_2025_p02.png
Kamuning,2025-04-02,19,2025-04-02 19:00,411,mismatch,04_01-07_2025.pdf,2,2025_April01April142025_04_01-07_2025_p02.png
Kamuning,2025-04-02,20,2025-04-02 20:00,167,mismatch,04_01-07_2025.pdf,2,2025_April01April142025_04_01-07_2025_p02.png
Kamuning,2025-04-02,21,2025-04-02 21:00,111,mismatch,04_01-07_2025.pdf,2,2025_April01April142025_04_01-07_2025_p02.png
Kamuning,2025-04-02,22,2025-04-02 22:00,103,mismatch,04_01-07_2025.pdf,2,2025_April01April142025_04_01-07_2025_p02.png
Kamuning,2025-04-02,23,2025-04-02 23:00,92,mismatch,04_01-07_2025.pdf,2,2025_April01April142025_04_01-07_2025_p02.png
Kamuning,2025-04-02,0,2025-04-03 00:00,65,mismatch,04_01-07_2025.pdf,2,2025_April01April142025_04_01-07_2025_p02.png
Kamuning,2025-04-02,1,2025-04-03 01:00,58,mismatch,04_01-07_2025.pdf,2,2025_April01April142025_04_01-07_2025_p02.png
Kamuning,2025-04-02,2,2025-04-03 02:00,71,mismatch,04_01-07_2025.pdf,2,2025_April01April142025_04_01-07_2025_p02.png
Kamuning,2025-04-02,3,2025-04-03 03:00,29,mismatch,04_01-07_2025.pdf,2,2025_April01April142025_04_01-07_2025_p02.png
Kamuning,2025-04-02,4,2025-04-03 04:00,86,mismatch,04_01-07_2025.pdf,2,2025_April01April142025_04_01-07_2025_p02.png
Kamuning,2025-04-02,5,2025-04-03 05:00,169,mismatch,04_01-07_2025.pdf,2,2025_April01April142025_04_01-07_2025_p02.png
Kamuning,2025-04-03,6,2025-04-03 06:00,323,verified,04_01-07_2025.pdf,2,2025_April01April142025_04_01-07_2025_p02.png
Kamuning,2025-04-03,7,2025-04-03 07:00,376,verified,04_01-07_2025.pdf,2,2025_April01April142025_04_01-07_2025_p02.png
Kamuning,2025-04-03,8,2025-04-03 08:00,226,verified,04_01-07_2025.pdf,2,2025_April01April142025_04_01-07_2025_p02.png
Kamuning,2025-04-03,9,2025-04-03 09:00,152,verified,04_01-07_2025.pdf,2,2025_April01April142025_04_01-07_2025_p02.png
Kamuning,2025-04-03,10,2025-04-03 10:00,139,verified,04_01-07_2025.pdf,2,2025_April01April142025_04_01-07_2025_p02.png
Kamuning,2025-04-03,11,2025-04-03 11:00,120,verified,04_01-07_2025.pdf,2,2025_April01April142025_04_01-07_2025_p02.png
Kamuning,2025-04-03,12,2025-04-03 12:00,115,verified,04_01-07_2025.pdf,2,2025_April01April142025_04_01-07_2025_p02.png
Kamuning,2025-04-03,13,2025-04-03 13:00,101,verified,04_01-07_2025.pdf,2,2025_April01April142025_04_01-07_2025_p02.png
Kamuning,2025-04-03,14,2025-04-03 14:00,93,verified,04_01-07_2025.pdf,2,2025_April01April142025_04_01-07_2025_p02.png
Kamuning,2025-04-03,15,2025-04-03 15:00,115,verified,04_01-07_2025.pdf,2,2025_April01April142025_04_01-07_2025_p02.png
Kamuning,2025-04-03,16,2025-04-03 16:00,298,verified,04_01-07_2025.pdf,2,2025_April01April142025_04_01-07_2025_p02.png
Kamuning,2025-04-03,17,2025-04-03 17:00,408,verified,04_01-07_2025.pdf,2,2025_April01April142025_04_01-07_2025_p02.png
Kamuning,2025-04-03,18,2025-04-03 18:00,268,verified,04_01-07_2025.pdf,2,2025_April01April142025_04_01-07_2025_p02.png
Kamuning,2025-04-03,19,2025-04-03 19:00,233,verified,04_01-07_2025.pdf,2,2025_April01April142025_04_01-07_2025_p02.png
Kamuning,2025-04-03,20,2025-04-03 20:00,211,verified,04_01-07_2025.pdf,2,2025_April01April142025_04_01-07_2025_p02.png
Kamuning,2025-04-03,21,2025-04-03 21:00,288,verified,04_01-07_2025.pdf,2,2025_April01April142025_04_01-07_2025_p02.png
Kamuning,2025-04-03,22,2025-04-03 22:00,98,verified,04_01-07_2025.pdf,2,2025_April01April142025_04_01-07_2025_p02.png
Kamuning,2025-04-03,23,2025-04-03 23:00,79,verified,04_01-07_2025.pdf,2,2025_April01April142025_04_01-07_2025_p02.png
Kamuning,2025-04-03,0,2025-04-04 00:00,27,verified,04_01-07_2025.pdf,2,2025_April01April142025_04_01-07_2025_p02.png
Kamuning,2025-04-03,1,2025-04-04 01:00,33,verified,04_01-07_2025.pdf,2,2025_April01April142025_04_01-07_2025_p02.png
Kamuning,2025-04-03,2,2025-04-04 02:00,45,verified,04_01-07_2025.pdf,2,2025_April01April142025_04_01-07_2025_p02.png
Kamuning,2025-04-03,3,2025-04-04 03:00,37,verified,04_01-07_2025.pdf,2,2025_April01April142025_04_01-07_2025_p02.png
Kamuning,2025-04-03,4,2025-04-04 04:00,169,verified,04_01-07_2025.pdf,2,2025_April01April142025_04_01-07_2025_p02.png
Kamuning,2025-04-03,5,2025-04-04 05:00,199,verified,04_01-07_2025.pdf,2,2025_April01April142025_04_01-07_2025_p02.png
Kamuning,2025-04-04,6,2025-04-04 06:00,346,mismatch,04_01-07_2025.pdf,3,2025_April01April142025_04_01-07_2025_p03.png
Kamuning,2025-04-04,7,2025-04-04 07:00,303,mismatch,04_01-07_2025.pdf,3,2025_April01April142025_04_01-07_2025_p03.png
Kamuning,2025-04-04,8,2025-04-04 08:00,117,mismatch,04_01-07_2025.pdf,3,2025_April01April142025_04_01-07_2025_p03.png
Kamuning,2025-04-04,9,2025-04-04 09:00,126,mismatch,04_01-07_2025.pdf,3,2025_April01April142025_04_01-07_2025_p03.png
Kamuning,2025-04-04,10,2025-04-04 10:00,105,mismatch,04_01-07_2025.pdf,3,2025_April01April142025_04_01-07_2025_p03.png
Kamuning,2025-04-04,11,2025-04-04 11:00,121,mismatch,04_01-07_2025.pdf,3,2025_April01April142025_04_01-07_2025_p03.png
Kamuning,2025-04-04,12,2025-04-04 12:00,76,mismatch,04_01-07_2025.pdf,3,2025_April01April142025_04_01-07_2025_p03.png
Kamuning,2025-04-04,13,2025-04-04 13:00,81,mismatch,04_01-07_2025.pdf,3,2025_April01April142025_04_01-07_2025_p03.png
Kamuning,2025-04-04,14,2025-04-04 14:00,135,mismatch,04_01-07_2025.pdf,3,2025_April01April142025_04_01-07_2025_p03.png
Kamuning,2025-04-04,15,2025-04-04 15:00,158,mismatch,04_01-07_2025.pdf,3,2025_April01April142025_04_01-07_2025_p03.png
Kamuning,2025-04-04,16,2025-04-04 16:00,306,mismatch,04_01-07_2025.pdf,3,2025_April01April142025_04_01-07_2025_p03.png
Kamuning,2025-04-04,17,2025-04-04 17:00,300,mismatch,04_01-07_2025.pdf,3,2025_April01April142025_04_01-07_2025_p03.png
Kamuning,2025-04-04,18,2025-04-04 18:00,261,mismatch,04_01-07_2025.pdf,3,2025_April01April142025_04_01-07_2025_p03.png
Kamuning,2025-04-04,19,2025-04-04 19:00,215,mismatch,04_01-07_2025.pdf,3,2025_April01April142025_04_01-07_2025_p03.png
Kamuning,2025-04-04,20,2025-04-04 20:00,181,mismatch,04_01-07_2025.pdf,3,2025_April01April142025_04_01-07_2025_p03.png
Kamuning,2025-04-04,21,2025-04-04 21:00,192,mismatch,04_01-07_2025.pdf,3,2025_April01April142025_04_01-07_2025_p03.png
Kamuning,2025-04-04,22,2025-04-04 22:00,94,mismatch,04_01-07_2025.pdf,3,2025_April01April142025_04_01-07_2025_p03.png
Kamuning,2025-04-04,23,2025-04-04 23:00,77,mismatch,04_01-07_2025.pdf,3,2025_April01April142025_04_01-07_2025_p03.png
Kamuning,2025-04-04,0,2025-04-05 00:00,72,mismatch,04_01-07_2025.pdf,3,2025_April01April142025_04_01-07_2025_p03.png
Kamuning,2025-04-04,1,2025-04-05 01:00,49,mismatch,04_01-07_2025.pdf,3,2025_April01April142025_04_01-07_2025_p03.png
Kamuning,2025-04-04,2,2025-04-05 02:00,41,mismatch,04_01-07_2025.pdf,3,2025_April01April142025_04_01-07_2025_p03.png
Kamuning,2025-04-04,3,2025-04-05 03:00,47,mismatch,04_01-07_2025.pdf,3,2025_April01April142025_04_01-07_2025_p03.png
Kamuning,2025-04-04,4,2025-04-05 04:00,111,mismatch,04_01-07_2025.pdf,3,2025_April01April142025_04_01-07_2025_p03.png
Kamuning,2025-04-04,5,2025-04-05 05:00,98,mismatch,04_01-07_2025.pdf,3,2025_April01April142025_04_01-07_2025_p03.png
Kamuning,2025-04-05,6,2025-04-05 06:00,184,verified,04_01-07_2025.pdf,3,2025_April01April142025_04_01-07_2025_p03.png
Kamuning,2025-04-05,7,2025-04-05 07:00,212,verified,04_01-07_2025.pdf,3,2025_April01April142025_04_01-07_2025_p03.png
Kamuning,2025-04-05,8,2025-04-05 08:00,144,verified,04_01-07_2025.pdf,3,2025_April01April142025_04_01-07_2025_p03.png
Kamuning,2025-04-05,9,2025-04-05 09:00,119,verified,04_01-07_2025.pdf,3,2025_April01April142025_04_01-07_2025_p03.png
Kamuning,2025-04-05,10,2025-04-05 10:00,89,verified,04_01-07_2025.pdf,3,2025_April01April142025_04_01-07_2025_p03.png
Kamuning,2025-04-05,11,2025-04-05 11:00,104,verified,04_01-07_2025.pdf,3,2025_April01April142025_04_01-07_2025_p03.png
Kamuning,2025-04-05,12,2025-04-05 12:00,133,verified,04_01-07_2025.pdf,3,2025_April01April142025_04_01-07_2025_p03.png
Kamuning,2025-04-05,13,2025-04-05 13:00,109,verified,04_01-07_2025.pdf,3,2025_April01April142025_04_01-07_2025_p03.png
Kamuning,2025-04-05,14,2025-04-05 14:00,132,verified,04_01-07_2025.pdf,3,2025_April01April142025_04_01-07_2025_p03.png
Kamuning,2025-04-05,15,2025-04-05 15:00,101,verified,04_01-07_2025.pdf,3,2025_April01April142025_04_01-07_2025_p03.png
Kamuning,2025-04-05,16,2025-04-05 16:00,89,verified,04_01-07_2025.pdf,3,2025_April01April142025_04_01-07_2025_p03.png
Kamuning,2025-04-05,17,2025-04-05 17:00,209,verified,04_01-07_2025.pdf,3,2025_April01April142025_04_01-07_2025_p03.png
Kamuning,2025-04-05,18,2025-04-05 18:00,101,verified,04_01-07_2025.pdf,3,2025_April01April142025_04_01-07_2025_p03.png
Kamuning,2025-04-05,19,2025-04-05 19:00,108,verified,04_01-07_2025.pdf,3,2025_April01April142025_04_01-07_2025_p03.png
Kamuning,2025-04-05,20,2025-04-05 20:00,86,verified,04_01-07_2025.pdf,3,2025_April01April142025_04_01-07_2025_p03.png
Kamuning,2025-04-05,21,2025-04-05 21:00,71,verified,04_01-07_2025.pdf,3,2025_April01April142025_04_01-07_2025_p03.png
Kamuning,2025-04-05,22,2025-04-05 22:00,124,verified,04_01-07_2025.pdf,3,2025_April01April142025_04_01-07_2025_p03.png
Kamuning,2025-04-05,23,2025-04-05 23:00,39,verified,04_01-07_2025.pdf,3,2025_April01April142025_04_01-07_2025_p03.png
Kamuning,2025-04-05,0,2025-04-06 00:00,11,verified,04_01-07_2025.pdf,3,2025_April01April142025_04_01-07_2025_p03.png
Kamuning,2025-04-05,1,2025-04-06 01:00,27,verified,04_01-07_2025.pdf,3,2025_April01April142025_04_01-07_2025_p03.png
Kamuning,2025-04-05,2,2025-04-06 02:00,23,verified,04_01-07_2025.pdf,3,2025_April01April142025_04_01-07_2025_p03.png
Kamuning,2025-04-05,3,2025-04-06 03:00,45,verified,04_01-07_2025.pdf,3,2025_April01April142025_04_01-07_2025_p03.png
Kamuning,2025-04-05,4,2025-04-06 04:00,33,verified,04_01-07_2025.pdf,3,2025_April01April142025_04_01-07_2025_p03.png
Kamuning,2025-04-05,5,2025-04-06 05:00,69,verified,04_01-07_2025.pdf,3,2025_April01April142025_04_01-07_2025_p03.png
Kamuning,2025-04-06,6,2025-04-06 06:00,128,verified,04_01-07_2025.pdf,4,2025_April01April142025_04_01-07_2025_p04.png
Kamuning,2025-04-06,7,2025-04-06 07:00,134,verified,04_01-07_2025.pdf,4,2025_April01April142025_04_01-07_2025_p04.png
Kamuning,2025-04-06,8,2025-04-06 08:00,101,verified,04_01-07_2025.pdf,4,2025_April01April142025_04_01-07_2025_p04.png
Kamuning,2025-04-06,9,2025-04-06 09:00,84,verified,04_01-07_2025.pdf,4,2025_April01April142025_04_01-07_2025_p04.png
Kamuning,2025-04-06,10,2025-04-06 10:00,111,verified,04_01-07_2025.pdf,4,2025_April01April142025_04_01-07_2025_p04.png
Kamuning,2025-04-06,11,2025-04-06 11:00,51,verified,04_01-07_2025.pdf,4,2025_April01April142025_04_01-07_2025_p04.png
Kamuning,2025-04-06,12,2025-04-06 12:00,58,verified,04_01-07_2025.pdf,4,2025_April01April142025_04_01-07_2025_p04.png
Kamuning,2025-04-06,13,2025-04-06 13:00,50,verified,04_01-07_2025.pdf,4,2025_April01April142025_04_01-07_2025_p04.png
Kamuning,2025-04-06,14,2025-04-06 14:00,56,verified,04_01-07_2025.pdf,4,2025_April01April142025_04_01-07_2025_p04.png
Kamuning,2025-04-06,15,2025-04-06 15:00,79,verified,04_01-07_2025.pdf,4,2025_April01April142025_04_01-07_2025_p04.png
Kamuning,2025-04-06,16,2025-04-06 16:00,83,verified,04_01-07_2025.pdf,4,2025_April01April142025_04_01-07_2025_p04.png
Kamuning,2025-04-06,17,2025-04-06 17:00,106,verified,04_01-07_2025.pdf,4,2025_April01April142025_04_01-07_2025_p04.png
Kamuning,2025-04-06,18,2025-04-06 18:00,103,verified,04_01-07_2025.pdf,4,2025_April01April142025_04_01-07_2025_p04.png
Kamuning,2025-04-06,19,2025-04-06 19:00,126,verified,04_01-07_2025.pdf,4,2025_April01April142025_04_01-07_2025_p04.png
Kamuning,2025-04-06,20,2025-04-06 20:00,87,verified,04_01-07_2025.pdf,4,2025_April01April142025_04_01-07_2025_p04.png
Kamuning,2025-04-06,21,2025-04-06 21:00,116,verified,04_01-07_2025.pdf,4,2025_April01April142025_04_01-07_2025_p04.png
Kamuning,2025-04-06,22,2025-04-06 22:00,197,verified,04_01-07_2025.pdf,4,2025_April01April142025_04_01-07_2025_p04.png
Kamuning,2025-04-06,23,2025-04-06 23:00,81,verified,04_01-07_2025.pdf,4,2025_April01April142025_04_01-07_2025_p04.png
Kamuning,2025-04-06,0,2025-04-07 00:00,97,verified,04_01-07_2025.pdf,4,2025_April01April142025_04_01-07_2025_p04.png
Kamuning,2025-04-06,1,2025-04-07 01:00,45,verified,04_01-07_2025.pdf,4,2025_April01April142025_04_01-07_2025_p04.png
Kamuning,2025-04-06,2,2025-04-07 02:00,270,verified,04_01-07_2025.pdf,4,2025_April01April142025_04_01-07_2025_p04.png
Kamuning,2025-04-06,3,2025-04-07 03:00,488,verified,04_01-07_2025.pdf,4,2025_April01April142025_04_01-07_2025_p04.png
Kamuning,2025-04-06,4,2025-04-07 04:00,423,verified,04_01-07_2025.pdf,4,2025_April01April142025_04_01-07_2025_p04.png
Kamuning,2025-04-06,5,2025-04-07 05:00,381,verified,04_01-07_2025.pdf,4,2025_April01April142025_04_01-07_2025_p04.png
Kamuning,2025-04-07,6,2025-04-07 06:00,442,mismatch,04_01-07_2025.pdf,4,2025_April01April142025_04_01-07_2025_p04.png
Kamuning,2025-04-07,7,2025-04-07 07:00,315,mismatch,04_01-07_2025.pdf,4,2025_April01April142025_04_01-07_2025_p04.png
Kamuning,2025-04-07,8,2025-04-07 08:00,216,mismatch,04_01-07_2025.pdf,4,2025_April01April142025_04_01-07_2025_p04.png
Kamuning,2025-04-07,9,2025-04-07 09:00,116,mismatch,04_01-07_2025.pdf,4,2025_April01April142025_04_01-07_2025_p04.png
Kamuning,2025-04-07,10,2025-04-07 10:00,153,mismatch,04_01-07_2025.pdf,4,2025_April01April142025_04_01-07_2025_p04.png
Kamuning,2025-04-07,11,2025-04-07 11:00,182,mismatch,04_01-07_2025.pdf,4,2025_April01April142025_04_01-07_2025_p04.png
Kamuning,2025-04-07,12,2025-04-07 12:00,140,mismatch,04_01-07_2025.pdf,4,2025_April01April142025_04_01-07_2025_p04.png
Kamuning,2025-04-07,13,2025-04-07 13:00,111,mismatch,04_01-07_2025.pdf,4,2025_April01April142025_04_01-07_2025_p04.png
Kamuning,2025-04-07,14,2025-04-07 14:00,137,mismatch,04_01-07_2025.pdf,4,2025_April01April142025_04_01-07_2025_p04.png
Kamuning,2025-04-07,15,2025-04-07 15:00,209,mismatch,04_01-07_2025.pdf,4,2025_April01April142025_04_01-07_2025_p04.png
Kamuning,2025-04-07,16,2025-04-07 16:00,286,mismatch,04_01-07_2025.pdf,4,2025_April01April142025_04_01-07_2025_p04.png
Kamuning,2025-04-07,17,2025-04-07 17:00,251,mismatch,04_01-07_2025.pdf,4,2025_April01April142025_04_01-07_2025_p04.png
Kamuning,2025-04-07,18,2025-04-07 18:00,221,mismatch,04_01-07_2025.pdf,4,2025_April01April142025_04_01-07_2025_p04.png
Kamuning,2025-04-07,19,2025-04-07 19:00,215,mismatch,04_01-07_2025.pdf,4,2025_April01April142025_04_01-07_2025_p04.png
Kamuning,2025-04-07,20,2025-04-07 20:00,156,mismatch,04_01-07_2025.pdf,4,2025_April01April142025_04_01-07_2025_p04.png
Kamuning,2025-04-07,21,2025-04-07 21:00,166,mismatch,04_01-07_2025.pdf,4,2025_April01April142025_04_01-07_2025_p04.png
Kamuning,2025-04-07,22,2025-04-07 22:00,321,mismatch,04_01-07_2025.pdf,4,2025_April01April142025_04_01-07_2025_p04.png
Kamuning,2025-04-07,23,2025-04-07 23:00,42,mismatch,04_01-07_2025.pdf,4,2025_April01April142025_04_01-07_2025_p04.png
Kamuning,2025-04-07,0,2025-04-08 00:00,45,mismatch,04_01-07_2025.pdf,4,2025_April01April142025_04_01-07_2025_p04.png
Kamuning,2025-04-07,1,2025-04-08 01:00,10,mismatch,04_01-07_2025.pdf,4,2025_April01April142025_04_01-07_2025_p04.png
Kamuning,2025-04-07,2,2025-04-08 02:00,19,mismatch,04_01-07_2025.pdf,4,2025_April01April142025_04_01-07_2025_p04.png
Kamuning,2025-04-07,3,2025-04-08 03:00,54,mismatch,04_01-07_2025.pdf,4,2025_April01April142025_04_01-07_2025_p04.png
Kamuning,2025-04-07,4,2025-04-08 04:00,137,mismatch,04_01-07_2025.pdf,4,2025_April01April142025_04_01-07_2025_p04.png
Kamuning,2025-04-07,5,2025-04-08 05:00,116,mismatch,04_01-07_2025.pdf,4,2025_April01April142025_04_01-07_2025_p04.png
Kamuning,2025-04-08,6,2025-04-08 06:00,382,verified,04_08-14_2025.pdf,1,2025_April01April142025_04_08-14_2025_p01.png
Kamuning,2025-04-08,7,2025-04-08 07:00,214,verified,04_08-14_2025.pdf,1,2025_April01April142025_04_08-14_2025_p01.png
Kamuning,2025-04-08,8,2025-04-08 08:00,188,verified,04_08-14_2025.pdf,1,2025_April01April142025_04_08-14_2025_p01.png
Kamuning,2025-04-08,9,2025-04-08 09:00,100,verified,04_08-14_2025.pdf,1,2025_April01April142025_04_08-14_2025_p01.png
Kamuning,2025-04-08,10,2025-04-08 10:00,146,verified,04_08-14_2025.pdf,1,2025_April01April142025_04_08-14_2025_p01.png
Kamuning,2025-04-08,11,2025-04-08 11:00,73,verified,04_08-14_2025.pdf,1,2025_April01April142025_04_08-14_2025_p01.png
Kamuning,2025-04-08,12,2025-04-08 12:00,167,verified,04_08-14_2025.pdf,1,2025_April01April142025_04_08-14_2025_p01.png
Kamuning,2025-04-08,13,2025-04-08 13:00,151,verified,04_08-14_2025.pdf,1,2025_April01April142025_04_08-14_2025_p01.png
Kamuning,2025-04-08,14,2025-04-08 14:00,146,verified,04_08-14_2025.pdf,1,2025_April01April142025_04_08-14_2025_p01.png
Kamuning,2025-04-08,15,2025-04-08 15:00,228,verified,04_08-14_2025.pdf,1,2025_April01April142025_04_08-14_2025_p01.png
Kamuning,2025-04-08,16,2025-04-08 16:00,272,verified,04_08-14_2025.pdf,1,2025_April01April142025_04_08-14_2025_p01.png
Kamuning,2025-04-08,17,2025-04-08 17:00,296,verified,04_08-14_2025.pdf,1,2025_April01April142025_04_08-14_2025_p01.png
Kamuning,2025-04-08,18,2025-04-08 18:00,204,verified,04_08-14_2025.pdf,1,2025_April01April142025_04_08-14_2025_p01.png
Kamuning,2025-04-08,19,2025-04-08 19:00,218,verified,04_08-14_2025.pdf,1,2025_April01April142025_04_08-14_2025_p01.png
Kamuning,2025-04-08,20,2025-04-08 20:00,145,verified,04_08-14_2025.pdf,1,2025_April01April142025_04_08-14_2025_p01.png
Kamuning,2025-04-08,21,2025-04-08 21:00,118,verified,04_08-14_2025.pdf,1,2025_April01April142025_04_08-14_2025_p01.png
Kamuning,2025-04-08,22,2025-04-08 22:00,112,verified,04_08-14_2025.pdf,1,2025_April01April142025_04_08-14_2025_p01.png
Kamuning,2025-04-08,23,2025-04-08 23:00,74,verified,04_08-14_2025.pdf,1,2025_April01April142025_04_08-14_2025_p01.png
Kamuning,2025-04-08,0,2025-04-09 00:00,61,verified,04_08-14_2025.pdf,1,2025_April01April142025_04_08-14_2025_p01.png
Kamuning,2025-04-08,1,2025-04-09 01:00,43,verified,04_08-14_2025.pdf,1,2025_April01April142025_04_08-14_2025_p01.png
Kamuning,2025-04-08,2,2025-04-09 02:00,45,verified,04_08-14_2025.pdf,1,2025_April01April142025_04_08-14_2025_p01.png
Kamuning,2025-04-08,3,2025-04-09 03:00,59,verified,04_08-14_2025.pdf,1,2025_April01April142025_04_08-14_2025_p01.png
Kamuning,2025-04-08,4,2025-04-09 04:00,102,verified,04_08-14_2025.pdf,1,2025_April01April142025_04_08-14_2025_p01.png
Kamuning,2025-04-08,5,2025-04-09 05:00,186,verified,04_08-14_2025.pdf,1,2025_April01April142025_04_08-14_2025_p01.png
Kamuning,2025-04-09,6,2025-04-09 06:00,150,verified,04_08-14_2025.pdf,2,2025_April01April142025_04_08-14_2025_p02.png
Kamuning,2025-04-09,7,2025-04-09 07:00,133,verified,04_08-14_2025.pdf,2,2025_April01April142025_04_08-14_2025_p02.png
Kamuning,2025-04-09,8,2025-04-09 08:00,116,verified,04_08-14_2025.pdf,2,2025_April01April142025_04_08-14_2025_p02.png
Kamuning,2025-04-09,9,2025-04-09 09:00,87,verified,04_08-14_2025.pdf,2,2025_April01April142025_04_08-14_2025_p02.png
Kamuning,2025-04-09,10,2025-04-09 10:00,99,verified,04_08-14_2025.pdf,2,2025_April01April142025_04_08-14_2025_p02.png
Kamuning,2025-04-09,11,2025-04-09 11:00,92,verified,04_08-14_2025.pdf,2,2025_April01April142025_04_08-14_2025_p02.png
Kamuning,2025-04-09,12,2025-04-09 12:00,77,verified,04_08-14_2025.pdf,2,2025_April01April142025_04_08-14_2025_p02.png
Kamuning,2025-04-09,13,2025-04-09 13:00,62,verified,04_08-14_2025.pdf,2,2025_April01April142025_04_08-14_2025_p02.png
Kamuning,2025-04-09,14,2025-04-09 14:00,81,verified,04_08-14_2025.pdf,2,2025_April01April142025_04_08-14_2025_p02.png
Kamuning,2025-04-09,15,2025-04-09 15:00,87,verified,04_08-14_2025.pdf,2,2025_April01April142025_04_08-14_2025_p02.png
Kamuning,2025-04-09,16,2025-04-09 16:00,105,verified,04_08-14_2025.pdf,2,2025_April01April142025_04_08-14_2025_p02.png
Kamuning,2025-04-09,17,2025-04-09 17:00,96,verified,04_08-14_2025.pdf,2,2025_April01April142025_04_08-14_2025_p02.png
Kamuning,2025-04-09,18,2025-04-09 18:00,88,verified,04_08-14_2025.pdf,2,2025_April01April142025_04_08-14_2025_p02.png
Kamuning,2025-04-09,19,2025-04-09 19:00,80,verified,04_08-14_2025.pdf,2,2025_April01April142025_04_08-14_2025_p02.png
Kamuning,2025-04-09,20,2025-04-09 20:00,67,verified,04_08-14_2025.pdf,2,2025_April01April142025_04_08-14_2025_p02.png
Kamuning,2025-04-09,21,2025-04-09 21:00,78,verified,04_08-14_2025.pdf,2,2025_April01April142025_04_08-14_2025_p02.png
Kamuning,2025-04-09,22,2025-04-09 22:00,76,verified,04_08-14_2025.pdf,2,2025_April01April142025_04_08-14_2025_p02.png
Kamuning,2025-04-09,23,2025-04-09 23:00,53,verified,04_08-14_2025.pdf,2,2025_April01April142025_04_08-14_2025_p02.png
Kamuning,2025-04-09,0,2025-04-10 00:00,30,verified,04_08-14_2025.pdf,2,2025_April01April142025_04_08-14_2025_p02.png
Kamuning,2025-04-09,1,2025-04-10 01:00,17,verified,04_08-14_2025.pdf,2,2025_April01April142025_04_08-14_2025_p02.png
Kamuning,2025-04-09,2,2025-04-10 02:00,14,verified,04_08-14_2025.pdf,2,2025_April01April142025_04_08-14_2025_p02.png
Kamuning,2025-04-09,3,2025-04-10 03:00,46,verified,04_08-14_2025.pdf,2,2025_April01April142025_04_08-14_2025_p02.png
Kamuning,2025-04-09,4,2025-04-10 04:00,75,verified,04_08-14_2025.pdf,2,2025_April01April142025_04_08-14_2025_p02.png
Kamuning,2025-04-09,5,2025-04-10 05:00,181,verified,04_08-14_2025.pdf,2,2025_April01April142025_04_08-14_2025_p02.png
Kamuning,2025-04-10,6,2025-04-10 06:00,336,mismatch,04_08-14_2025.pdf,2,2025_April01April142025_04_08-14_2025_p02.png
Kamuning,2025-04-10,7,2025-04-10 07:00,321,mismatch,04_08-14_2025.pdf,2,2025_April01April142025_04_08-14_2025_p02.png
Kamuning,2025-04-10,8,2025-04-10 08:00,211,mismatch,04_08-14_2025.pdf,2,2025_April01April142025_04_08-14_2025_p02.png
Kamuning,2025-04-10,9,2025-04-10 09:00,122,mismatch,04_08-14_2025.pdf,2,2025_April01April142025_04_08-14_2025_p02.png
Kamuning,2025-04-10,10,2025-04-10 10:00,84,mismatch,04_08-14_2025.pdf,2,2025_April01April142025_04_08-14_2025_p02.png
Kamuning,2025-04-10,11,2025-04-10 11:00,77,mismatch,04_08-14_2025.pdf,2,2025_April01April142025_04_08-14_2025_p02.png
Kamuning,2025-04-10,12,2025-04-10 12:00,101,mismatch,04_08-14_2025.pdf,2,2025_April01April142025_04_08-14_2025_p02.png
Kamuning,2025-04-10,13,2025-04-10 13:00,81,mismatch,04_08-14_2025.pdf,2,2025_April01April142025_04_08-14_2025_p02.png
Kamuning,2025-04-10,14,2025-04-10 14:00,93,mismatch,04_08-14_2025.pdf,2,2025_April01April142025_04_08-14_2025_p02.png
Kamuning,2025-04-10,15,2025-04-10 15:00,91,mismatch,04_08-14_2025.pdf,2,2025_April01April142025_04_08-14_2025_p02.png
Kamuning,2025-04-10,16,2025-04-10 16:00,254,mismatch,04_08-14_2025.pdf,2,2025_April01April142025_04_08-14_2025_p02.png
Kamuning,2025-04-10,17,2025-04-10 17:00,309,mismatch,04_08-14_2025.pdf,2,2025_April01April142025_04_08-14_2025_p02.png
Kamuning,2025-04-10,18,2025-04-10 18:00,295,mismatch,04_08-14_2025.pdf,2,2025_April01April142025_04_08-14_2025_p02.png
Kamuning,2025-04-10,19,2025-04-10 19:00,239,mismatch,04_08-14_2025.pdf,2,2025_April01April142025_04_08-14_2025_p02.png
Kamuning,2025-04-10,20,2025-04-10 20:00,196,mismatch,04_08-14_2025.pdf,2,2025_April01April142025_04_08-14_2025_p02.png
Kamuning,2025-04-10,21,2025-04-10 21:00,72,mismatch,04_08-14_2025.pdf,2,2025_April01April142025_04_08-14_2025_p02.png
Kamuning,2025-04-10,22,2025-04-10 22:00,79,mismatch,04_08-14_2025.pdf,2,2025_April01April142025_04_08-14_2025_p02.png
Kamuning,2025-04-10,23,2025-04-10 23:00,55,mismatch,04_08-14_2025.pdf,2,2025_April01April142025_04_08-14_2025_p02.png
Kamuning,2025-04-10,0,2025-04-11 00:00,28,mismatch,04_08-14_2025.pdf,2,2025_April01April142025_04_08-14_2025_p02.png
Kamuning,2025-04-10,1,2025-04-11 01:00,4,mismatch,04_08-14_2025.pdf,2,2025_April01April142025_04_08-14_2025_p02.png
Kamuning,2025-04-10,2,2025-04-11 02:00,7,mismatch,04_08-14_2025.pdf,2,2025_April01April142025_04_08-14_2025_p02.png
Kamuning,2025-04-10,3,2025-04-11 03:00,26,mismatch,04_08-14_2025.pdf,2,2025_April01April142025_04_08-14_2025_p02.png
Kamuning,2025-04-10,4,2025-04-11 04:00,72,mismatch,04_08-14_2025.pdf,2,2025_April01April142025_04_08-14_2025_p02.png
Kamuning,2025-04-10,5,2025-04-11 05:00,79,mismatch,04_08-14_2025.pdf,2,2025_April01April142025_04_08-14_2025_p02.png
Kamuning,2025-04-11,6,2025-04-11 06:00,256,verified,04_08-14_2025.pdf,3,2025_April01April142025_04_08-14_2025_p03.png
Kamuning,2025-04-11,7,2025-04-11 07:00,386,verified,04_08-14_2025.pdf,3,2025_April01April142025_04_08-14_2025_p03.png
Kamuning,2025-04-11,8,2025-04-11 08:00,199,verified,04_08-14_2025.pdf,3,2025_April01April142025_04_08-14_2025_p03.png
Kamuning,2025-04-11,9,2025-04-11 09:00,173,verified,04_08-14_2025.pdf,3,2025_April01April142025_04_08-14_2025_p03.png
Kamuning,2025-04-11,10,2025-04-11 10:00,42,verified,04_08-14_2025.pdf,3,2025_April01April142025_04_08-14_2025_p03.png
Kamuning,2025-04-11,11,2025-04-11 11:00,60,verified,04_08-14_2025.pdf,3,2025_April01April142025_04_08-14_2025_p03.png
Kamuning,2025-04-11,12,2025-04-11 12:00,108,verified,04_08-14_2025.pdf,3,2025_April01April142025_04_08-14_2025_p03.png
Kamuning,2025-04-11,13,2025-04-11 13:00,90,verified,04_08-14_2025.pdf,3,2025_April01April142025_04_08-14_2025_p03.png
Kamuning,2025-04-11,14,2025-04-11 14:00,129,verified,04_08-14_2025.pdf,3,2025_April01April142025_04_08-14_2025_p03.png
Kamuning,2025-04-11,15,2025-04-11 15:00,269,verified,04_08-14_2025.pdf,3,2025_April01April142025_04_08-14_2025_p03.png
Kamuning,2025-04-11,16,2025-04-11 16:00,215,verified,04_08-14_2025.pdf,3,2025_April01April142025_04_08-14_2025_p03.png
Kamuning,2025-04-11,17,2025-04-11 17:00,353,verified,04_08-14_2025.pdf,3,2025_April01April142025_04_08-14_2025_p03.png
Kamuning,2025-04-11,18,2025-04-11 18:00,269,verified,04_08-14_2025.pdf,3,2025_April01April142025_04_08-14_2025_p03.png
Kamuning,2025-04-11,19,2025-04-11 19:00,164,verified,04_08-14_2025.pdf,3,2025_April01April142025_04_08-14_2025_p03.png
Kamuning,2025-04-11,20,2025-04-11 20:00,80,verified,04_08-14_2025.pdf,3,2025_April01April142025_04_08-14_2025_p03.png
Kamuning,2025-04-11,21,2025-04-11 21:00,93,verified,04_08-14_2025.pdf,3,2025_April01April142025_04_08-14_2025_p03.png
Kamuning,2025-04-11,22,2025-04-11 22:00,96,verified,04_08-14_2025.pdf,3,2025_April01April142025_04_08-14_2025_p03.png
Kamuning,2025-04-11,23,2025-04-11 23:00,71,verified,04_08-14_2025.pdf,3,2025_April01April142025_04_08-14_2025_p03.png
Kamuning,2025-04-11,0,2025-04-12 00:00,27,verified,04_08-14_2025.pdf,3,2025_April01April142025_04_08-14_2025_p03.png
Kamuning,2025-04-11,1,2025-04-12 01:00,32,verified,04_08-14_2025.pdf,3,2025_April01April142025_04_08-14_2025_p03.png
Kamuning,2025-04-11,2,2025-04-12 02:00,9,verified,04_08-14_2025.pdf,3,2025_April01April142025_04_08-14_2025_p03.png
Kamuning,2025-04-11,3,2025-04-12 03:00,19,verified,04_08-14_2025.pdf,3,2025_April01April142025_04_08-14_2025_p03.png
Kamuning,2025-04-11,4,2025-04-12 04:00,56,verified,04_08-14_2025.pdf,3,2025_April01April142025_04_08-14_2025_p03.png
Kamuning,2025-04-11,5,2025-04-12 05:00,45,verified,04_08-14_2025.pdf,3,2025_April01April142025_04_08-14_2025_p03.png
Kamuning,2025-04-12,6,2025-04-12 06:00,91,verified,04_08-14_2025.pdf,3,2025_April01April142025_04_08-14_2025_p03.png
Kamuning,2025-04-12,7,2025-04-12 07:00,89,verified,04_08-14_2025.pdf,3,2025_April01April142025_04_08-14_2025_p03.png
Kamuning,2025-04-12,8,2025-04-12 08:00,56,verified,04_08-14_2025.pdf,3,2025_April01April142025_04_08-14_2025_p03.png
Kamuning,2025-04-12,9,2025-04-12 09:00,59,verified,04_08-14_2025.pdf,3,2025_April01April142025_04_08-14_2025_p03.png
Kamuning,2025-04-12,10,2025-04-12 10:00,49,verified,04_08-14_2025.pdf,3,2025_April01April142025_04_08-14_2025_p03.png
Kamuning,2025-04-12,11,2025-04-12 11:00,51,verified,04_08-14_2025.pdf,3,2025_April01April142025_04_08-14_2025_p03.png
Kamuning,2025-04-12,12,2025-04-12 12:00,42,verified,04_08-14_2025.pdf,3,2025_April01April142025_04_08-14_2025_p03.png
Kamuning,2025-04-12,13,2025-04-12 13:00,120,verified,04_08-14_2025.pdf,3,2025_April01April142025_04_08-14_2025_p03.png
Kamuning,2025-04-12,14,2025-04-12 14:00,201,verified,04_08-14_2025.pdf,3,2025_April01April142025_04_08-14_2025_p03.png
Kamuning,2025-04-12,15,2025-04-12 15:00,192,verified,04_08-14_2025.pdf,3,2025_April01April142025_04_08-14_2025_p03.png
Kamuning,2025-04-12,16,2025-04-12 16:00,160,verified,04_08-14_2025.pdf,3,2025_April01April142025_04_08-14_2025_p03.png
Kamuning,2025-04-12,17,2025-04-12 17:00,216,verified,04_08-14_2025.pdf,3,2025_April01April142025_04_08-14_2025_p03.png
Kamuning,2025-04-12,18,2025-04-12 18:00,181,verified,04_08-14_2025.pdf,3,2025_April01April142025_04_08-14_2025_p03.png
Kamuning,2025-04-12,19,2025-04-12 19:00,121,verified,04_08-14_2025.pdf,3,2025_April01April142025_04_08-14_2025_p03.png
Kamuning,2025-04-12,20,2025-04-12 20:00,96,verified,04_08-14_2025.pdf,3,2025_April01April142025_04_08-14_2025_p03.png
Kamuning,2025-04-12,21,2025-04-12 21:00,183,verified,04_08-14_2025.pdf,3,2025_April01April142025_04_08-14_2025_p03.png
Kamuning,2025-04-12,22,2025-04-12 22:00,369,verified,04_08-14_2025.pdf,3,2025_April01April142025_04_08-14_2025_p03.png
Kamuning,2025-04-12,23,2025-04-12 23:00,101,verified,04_08-14_2025.pdf,3,2025_April01April142025_04_08-14_2025_p03.png
Kamuning,2025-04-12,0,2025-04-13 00:00,39,verified,04_08-14_2025.pdf,3,2025_April01April142025_04_08-14_2025_p03.png
Kamuning,2025-04-12,1,2025-04-13 01:00,27,verified,04_08-14_2025.pdf,3,2025_April01April142025_04_08-14_2025_p03.png
Kamuning,2025-04-12,2,2025-04-13 02:00,17,verified,04_08-14_2025.pdf,3,2025_April01April142025_04_08-14_2025_p03.png
Kamuning,2025-04-12,3,2025-04-13 03:00,45,verified,04_08-14_2025.pdf,3,2025_April01April142025_04_08-14_2025_p03.png
Kamuning,2025-04-12,4,2025-04-13 04:00,76,verified,04_08-14_2025.pdf,3,2025_April01April142025_04_08-14_2025_p03.png
Kamuning,2025-04-12,5,2025-04-13 05:00,91,verified,04_08-14_2025.pdf,3,2025_April01April142025_04_08-14_2025_p03.png
Kamuning,2025-04-13,6,2025-04-13 06:00,126,verified,04_08-14_2025.pdf,4,2025_April01April142025_04_08-14_2025_p04.png
Kamuning,2025-04-13,7,2025-04-13 07:00,84,verified,04_08-14_2025.pdf,4,2025_April01April142025_04_08-14_2025_p04.png
Kamuning,2025-04-13,8,2025-04-13 08:00,89,verified,04_08-14_2025.pdf,4,2025_April01April142025_04_08-14_2025_p04.png
Kamuning,2025-04-13,9,2025-04-13 09:00,57,verified,04_08-14_2025.pdf,4,2025_April01April142025_04_08-14_2025_p04.png
Kamuning,2025-04-13,10,2025-04-13 10:00,66,verified,04_08-14_2025.pdf,4,2025_April01April142025_04_08-14_2025_p04.png
Kamuning,2025-04-13,11,2025-04-13 11:00,94,verified,04_08-14_2025.pdf,4,2025_April01April142025_04_08-14_2025_p04.png
Kamuning,2025-04-13,12,2025-04-13 12:00,62,verified,04_08-14_2025.pdf,4,2025_April01April142025_04_08-14_2025_p04.png
Kamuning,2025-04-13,13,2025-04-13 13:00,51,verified,04_08-14_2025.pdf,4,2025_April01April142025_04_08-14_2025_p04.png
Kamuning,2025-04-13,14,2025-04-13 14:00,79,verified,04_08-14_2025.pdf,4,2025_April01April142025_04_08-14_2025_p04.png
Kamuning,2025-04-13,15,2025-04-13 15:00,76,verified,04_08-14_2025.pdf,4,2025_April01April142025_04_08-14_2025_p04.png
Kamuning,2025-04-13,16,2025-04-13 16:00,69,verified,04_08-14_2025.pdf,4,2025_April01April142025_04_08-14_2025_p04.png
Kamuning,2025-04-13,17,2025-04-13 17:00,63,verified,04_08-14_2025.pdf,4,2025_April01April142025_04_08-14_2025_p04.png
Kamuning,2025-04-13,18,2025-04-13 18:00,60,verified,04_08-14_2025.pdf,4,2025_April01April142025_04_08-14_2025_p04.png
Kamuning,2025-04-13,19,2025-04-13 19:00,53,verified,04_08-14_2025.pdf,4,2025_April01April142025_04_08-14_2025_p04.png
Kamuning,2025-04-13,20,2025-04-13 20:00,50,verified,04_08-14_2025.pdf,4,2025_April01April142025_04_08-14_2025_p04.png
Kamuning,2025-04-13,21,2025-04-13 21:00,51,verified,04_08-14_2025.pdf,4,2025_April01April142025_04_08-14_2025_p04.png
Kamuning,2025-04-13,22,2025-04-13 22:00,39,verified,04_08-14_2025.pdf,4,2025_April01April142025_04_08-14_2025_p04.png
Kamuning,2025-04-13,23,2025-04-13 23:00,27,verified,04_08-14_2025.pdf,4,2025_April01April142025_04_08-14_2025_p04.png
Kamuning,2025-04-13,0,2025-04-14 00:00,16,verified,04_08-14_2025.pdf,4,2025_April01April142025_04_08-14_2025_p04.png
Kamuning,2025-04-13,1,2025-04-14 01:00,13,verified,04_08-14_2025.pdf,4,2025_April01April142025_04_08-14_2025_p04.png
Kamuning,2025-04-13,2,2025-04-14 02:00,22,verified,04_08-14_2025.pdf,4,2025_April01April142025_04_08-14_2025_p04.png
Kamuning,2025-04-13,3,2025-04-14 03:00,82,verified,04_08-14_2025.pdf,4,2025_April01April142025_04_08-14_2025_p04.png
Kamuning,2025-04-13,4,2025-04-14 04:00,153,verified,04_08-14_2025.pdf,4,2025_April01April142025_04_08-14_2025_p04.png
Kamuning,2025-04-13,5,2025-04-14 05:00,129,verified,04_08-14_2025.pdf,4,2025_April01April142025_04_08-14_2025_p04.png
Kamuning,2025-04-14,6,2025-04-14 06:00,245,mismatch,04_08-14_2025.pdf,4,2025_April01April142025_04_08-14_2025_p04.png
Kamuning,2025-04-14,7,2025-04-14 07:00,167,mismatch,04_08-14_2025.pdf,4,2025_April01April142025_04_08-14_2025_p04.png
Kamuning,2025-04-14,8,2025-04-14 08:00,130,mismatch,04_08-14_2025.pdf,4,2025_April01April142025_04_08-14_2025_p04.png
Kamuning,2025-04-14,9,2025-04-14 09:00,112,mismatch,04_08-14_2025.pdf,4,2025_April01April142025_04_08-14_2025_p04.png
Kamuning,2025-04-14,10,2025-04-14 10:00,39,mismatch,04_08-14_2025.pdf,4,2025_April01April142025_04_08-14_2025_p04.png
Kamuning,2025-04-14,11,2025-04-14 11:00,33,mismatch,04_08-14_2025.pdf,4,2025_April01April142025_04_08-14_2025_p04.png
Kamuning,2025-04-14,12,2025-04-14 12:00,69,mismatch,04_08-14_2025.pdf,4,2025_April01April142025_04_08-14_2025_p04.png
Kamuning,2025-04-14,13,2025-04-14 13:00,55,mismatch,04_08-14_2025.pdf,4,2025_April01April142025_04_08-14_2025_p04.png
Kamuning,2025-04-14,14,2025-04-14 14:00,96,mismatch,04_08-14_2025.pdf,4,2025_April01April142025_04_08-14_2025_p04.png
Kamuning,2025-04-14,15,2025-04-14 15:00,83,mismatch,04_08-14_2025.pdf,4,2025_April01April142025_04_08-14_2025_p04.png
Kamuning,2025-04-14,16,2025-04-14 16:00,317,mismatch,04_08-14_2025.pdf,4,2025_April01April142025_04_08-14_2025_p04.png
Kamuning,2025-04-14,17,2025-04-14 17:00,328,mismatch,04_08-14_2025.pdf,4,2025_April01April142025_04_08-14_2025_p04.png
Kamuning,2025-04-14,18,2025-04-14 18:00,298,mismatch,04_08-14_2025.pdf,4,2025_April01April142025_04_08-14_2025_p04.png
Kamuning,2025-04-14,19,2025-04-14 19:00,236,mismatch,04_08-14_2025.pdf,4,2025_April01April142025_04_08-14_2025_p04.png
Kamuning,2025-04-14,20,2025-04-14 20:00,181,mismatch,04_08-14_2025.pdf,4,2025_April01April142025_04_08-14_2025_p04.png
Kamuning,2025-04-14,21,2025-04-14 21:00,156,mismatch,04_08-14_2025.pdf,4,2025_April01April142025_04_08-14_2025_p04.png
Kamuning,2025-04-14,22,2025-04-14 22:00,52,mismatch,04_08-14_2025.pdf,4,2025_April01April142025_04_08-14_2025_p04.png
Kamuning,2025-04-14,23,2025-04-14 23:00,29,mismatch,04_08-14_2025.pdf,4,2025_April01April142025_04_08-14_2025_p04.png
Kamuning,2025-04-14,0,2025-04-15 00:00,31,mismatch,04_08-14_2025.pdf,4,2025_April01April142025_04_08-14_2025_p04.png
Kamuning,2025-04-14,1,2025-04-15 01:00,45,mismatch,04_08-14_2025.pdf,4,2025_April01April142025_04_08-14_2025_p04.png
Kamuning,2025-04-14,2,2025-04-15 02:00,18,mismatch,04_08-14_2025.pdf,4,2025_April01April142025_04_08-14_2025_p04.png
Kamuning,2025-04-14,3,2025-04-15 03:00,20,mismatch,04_08-14_2025.pdf,4,2025_April01April142025_04_08-14_2025_p04.png
Kamuning,2025-04-14,4,2025-04-15 04:00,12,mismatch,04_08-14_2025.pdf,4,2025_April01April142025_04_08-14_2025_p04.png
Kamuning,2025-04-14,5,2025-04-15 05:00,38,mismatch,04_08-14_2025.pdf,4,2025_April01April142025_04_08-14_2025_p04.png
Kamuning,2025-04-15,6,2025-04-15 06:00,311,verified,04_15-21_2025.pdf,1,2025_April15May312025_04_15-21_2025_p01.png
Kamuning,2025-04-15,7,2025-04-15 07:00,389,verified,04_15-21_2025.pdf,1,2025_April15May312025_04_15-21_2025_p01.png
Kamuning,2025-04-15,8,2025-04-15 08:00,104,verified,04_15-21_2025.pdf,1,2025_April15May312025_04_15-21_2025_p01.png
Kamuning,2025-04-15,9,2025-04-15 09:00,102,verified,04_15-21_2025.pdf,1,2025_April15May312025_04_15-21_2025_p01.png
Kamuning,2025-04-15,10,2025-04-15 10:00,76,verified,04_15-21_2025.pdf,1,2025_April15May312025_04_15-21_2025_p01.png
Kamuning,2025-04-15,11,2025-04-15 11:00,79,verified,04_15-21_2025.pdf,1,2025_April15May312025_04_15-21_2025_p01.png
Kamuning,2025-04-15,12,2025-04-15 12:00,64,verified,04_15-21_2025.pdf,1,2025_April15May312025_04_15-21_2025_p01.png
Kamuning,2025-04-15,13,2025-04-15 13:00,68,verified,04_15-21_2025.pdf,1,2025_April15May312025_04_15-21_2025_p01.png
Kamuning,2025-04-15,14,2025-04-15 14:00,91,verified,04_15-21_2025.pdf,1,2025_April15May312025_04_15-21_2025_p01.png
Kamuning,2025-04-15,15,2025-04-15 15:00,106,verified,04_15-21_2025.pdf,1,2025_April15May312025_04_15-21_2025_p01.png
Kamuning,2025-04-15,16,2025-04-15 16:00,241,verified,04_15-21_2025.pdf,1,2025_April15May312025_04_15-21_2025_p01.png
Kamuning,2025-04-15,17,2025-04-15 17:00,305,verified,04_15-21_2025.pdf,1,2025_April15May312025_04_15-21_2025_p01.png
Kamuning,2025-04-15,18,2025-04-15 18:00,216,verified,04_15-21_2025.pdf,1,2025_April15May312025_04_15-21_2025_p01.png
Kamuning,2025-04-15,19,2025-04-15 19:00,183,verified,04_15-21_2025.pdf,1,2025_April15May312025_04_15-21_2025_p01.png
Kamuning,2025-04-15,20,2025-04-15 20:00,109,verified,04_15-21_2025.pdf,1,2025_April15May312025_04_15-21_2025_p01.png
Kamuning,2025-04-15,21,2025-04-15 21:00,106,verified,04_15-21_2025.pdf,1,2025_April15May312025_04_15-21_2025_p01.png
Kamuning,2025-04-15,22,2025-04-15 22:00,49,verified,04_15-21_2025.pdf,1,2025_April15May312025_04_15-21_2025_p01.png
Kamuning,2025-04-15,23,2025-04-15 23:00,27,verified,04_15-21_2025.pdf,1,2025_April15May312025_04_15-21_2025_p01.png
Kamuning,2025-04-15,0,2025-04-16 00:00,18,verified,04_15-21_2025.pdf,1,2025_April15May312025_04_15-21_2025_p01.png
Kamuning,2025-04-15,1,2025-04-16 01:00,23,verified,04_15-21_2025.pdf,1,2025_April15May312025_04_15-21_2025_p01.png
Kamuning,2025-04-15,2,2025-04-16 02:00,11,verified,04_15-21_2025.pdf,1,2025_April15May312025_04_15-21_2025_p01.png
Kamuning,2025-04-15,3,2025-04-16 03:00,45,verified,04_15-21_2025.pdf,1,2025_April15May312025_04_15-21_2025_p01.png
Kamuning,2025-04-15,4,2025-04-16 04:00,69,verified,04_15-21_2025.pdf,1,2025_April15May312025_04_15-21_2025_p01.png
Kamuning,2025-04-15,5,2025-04-16 05:00,71,verified,04_15-21_2025.pdf,1,2025_April15May312025_04_15-21_2025_p01.png
Kamuning,2025-04-16,6,2025-04-16 06:00,234,verified,04_15-21_2025.pdf,2,2025_April15May312025_04_15-21_2025_p02.png
Kamuning,2025-04-16,7,2025-04-16 07:00,145,verified,04_15-21_2025.pdf,2,2025_April15May312025_04_15-21_2025_p02.png
Kamuning,2025-04-16,8,2025-04-16 08:00,117,verified,04_15-21_2025.pdf,2,2025_April15May312025_04_15-21_2025_p02.png
Kamuning,2025-04-16,9,2025-04-16 09:00,84,verified,04_15-21_2025.pdf,2,2025_April15May312025_04_15-21_2025_p02.png
Kamuning,2025-04-16,10,2025-04-16 10:00,108,verified,04_15-21_2025.pdf,2,2025_April15May312025_04_15-21_2025_p02.png
Kamuning,2025-04-16,11,2025-04-16 11:00,105,verified,04_15-21_2025.pdf,2,2025_April15May312025_04_15-21_2025_p02.png
Kamuning,2025-04-16,12,2025-04-16 12:00,180,verified,04_15-21_2025.pdf,2,2025_April15May312025_04_15-21_2025_p02.png
Kamuning,2025-04-16,13,2025-04-16 13:00,126,verified,04_15-21_2025.pdf,2,2025_April15May312025_04_15-21_2025_p02.png
Kamuning,2025-04-16,14,2025-04-16 14:00,122,verified,04_15-21_2025.pdf,2,2025_April15May312025_04_15-21_2025_p02.png
Kamuning,2025-04-16,15,2025-04-16 15:00,212,verified,04_15-21_2025.pdf,2,2025_April15May312025_04_15-21_2025_p02.png
Kamuning,2025-04-16,16,2025-04-16 16:00,220,verified,04_15-21_2025.pdf,2,2025_April15May312025_04_15-21_2025_p02.png
Kamuning,2025-04-16,17,2025-04-16 17:00,181,verified,04_15-21_2025.pdf,2,2025_April15May312025_04_15-21_2025_p02.png
Kamuning,2025-04-16,18,2025-04-16 18:00,196,verified,04_15-21_2025.pdf,2,2025_April15May312025_04_15-21_2025_p02.png
Kamuning,2025-04-16,19,2025-04-16 19:00,126,verified,04_15-21_2025.pdf,2,2025_April15May312025_04_15-21_2025_p02.png
Kamuning,2025-04-16,20,2025-04-16 20:00,236,verified,04_15-21_2025.pdf,2,2025_April15May312025_04_15-21_2025_p02.png
Kamuning,2025-04-16,21,2025-04-16 21:00,259,verified,04_15-21_2025.pdf,2,2025_April15May312025_04_15-21_2025_p02.png
Kamuning,2025-04-16,22,2025-04-16 22:00,331,verified,04_15-21_2025.pdf,2,2025_April15May312025_04_15-21_2025_p02.png
Kamuning,2025-04-16,23,2025-04-16 23:00,369,verified,04_15-21_2025.pdf,2,2025_April15May312025_04_15-21_2025_p02.png
Kamuning,2025-04-16,0,2025-04-17 00:00,203,verified,04_15-21_2025.pdf,2,2025_April15May312025_04_15-21_2025_p02.png
Kamuning,2025-04-16,1,2025-04-17 01:00,95,verified,04_15-21_2025.pdf,2,2025_April15May312025_04_15-21_2025_p02.png
Kamuning,2025-04-16,2,2025-04-17 02:00,69,verified,04_15-21_2025.pdf,2,2025_April15May312025_04_15-21_2025_p02.png
Kamuning,2025-04-16,3,2025-04-17 03:00,211,verified,04_15-21_2025.pdf,2,2025_April15May312025_04_15-21_2025_p02.png
Kamuning,2025-04-16,4,2025-04-17 04:00,591,verified,04_15-21_2025.pdf,2,2025_April15May312025_04_15-21_2025_p02.png
Kamuning,2025-04-16,5,2025-04-17 05:00,524,verified,04_15-21_2025.pdf,2,2025_April15May312025_04_15-21_2025_p02.png
Kamuning,2025-04-17,6,2025-04-17 06:00,513,verified,04_15-21_2025.pdf,2,2025_April15May312025_04_15-21_2025_p02.png
Kamuning,2025-04-17,7,2025-04-17 07:00,500,verified,04_15-21_2025.pdf,2,2025_April15May312025_04_15-21_2025_p02.png
Kamuning,2025-04-17,8,2025-04-17 08:00,324,verified,04_15-21_2025.pdf,2,2025_April15May312025_04_15-21_2025_p02.png
Kamuning,2025-04-17,9,2025-04-17 09:00,346,verified,04_15-21_2025.pdf,2,2025_April15May312025_04_15-21_2025_p02.png
Kamuning,2025-04-17,10,2025-04-17 10:00,119,verified,04_15-21_2025.pdf,2,2025_April15May312025_04_15-21_2025_p02.png
Kamuning,2025-04-17,11,2025-04-17 11:00,138,verified,04_15-21_2025.pdf,2,2025_April15May312025_04_15-21_2025_p02.png
Kamuning,2025-04-17,12,2025-04-17 12:00,179,verified,04_15-21_2025.pdf,2,2025_April15May312025_04_15-21_2025_p02.png
Kamuning,2025-04-17,13,2025-04-17 13:00,182,verified,04_15-21_2025.pdf,2,2025_April15May312025_04_15-21_2025_p02.png
Kamuning,2025-04-17,14,2025-04-17 14:00,226,verified,04_15-21_2025.pdf,2,2025_April15May312025_04_15-21_2025_p02.png
Kamuning,2025-04-17,15,2025-04-17 15:00,263,verified,04_15-21_2025.pdf,2,2025_April15May312025_04_15-21_2025_p02.png
Kamuning,2025-04-17,16,2025-04-17 16:00,386,verified,04_15-21_2025.pdf,2,2025_April15May312025_04_15-21_2025_p02.png
Kamuning,2025-04-17,17,2025-04-17 17:00,213,verified,04_15-21_2025.pdf,2,2025_April15May312025_04_15-21_2025_p02.png
Kamuning,2025-04-17,18,2025-04-17 18:00,189,verified,04_15-21_2025.pdf,2,2025_April15May312025_04_15-21_2025_p02.png
Kamuning,2025-04-17,19,2025-04-17 19:00,143,verified,04_15-21_2025.pdf,2,2025_April15May312025_04_15-21_2025_p02.png
Kamuning,2025-04-17,20,2025-04-17 20:00,104,verified,04_15-21_2025.pdf,2,2025_April15May312025_04_15-21_2025_p02.png
Kamuning,2025-04-17,21,2025-04-17 21:00,115,verified,04_15-21_2025.pdf,2,2025_April15May312025_04_15-21_2025_p02.png
Kamuning,2025-04-17,22,2025-04-17 22:00,106,verified,04_15-21_2025.pdf,2,2025_April15May312025_04_15-21_2025_p02.png
Kamuning,2025-04-17,23,2025-04-17 23:00,96,verified,04_15-21_2025.pdf,2,2025_April15May312025_04_15-21_2025_p02.png
Kamuning,2025-04-17,0,2025-04-18 00:00,74,verified,04_15-21_2025.pdf,2,2025_April15May312025_04_15-21_2025_p02.png
Kamuning,2025-04-17,1,2025-04-18 01:00,45,verified,04_15-21_2025.pdf,2,2025_April15May312025_04_15-21_2025_p02.png
Kamuning,2025-04-17,2,2025-04-18 02:00,51,verified,04_15-21_2025.pdf,2,2025_April15May312025_04_15-21_2025_p02.png
Kamuning,2025-04-17,3,2025-04-18 03:00,66,verified,04_15-21_2025.pdf,2,2025_April15May312025_04_15-21_2025_p02.png
Kamuning,2025-04-17,4,2025-04-18 04:00,247,verified,04_15-21_2025.pdf,2,2025_April15May312025_04_15-21_2025_p02.png
Kamuning,2025-04-17,5,2025-04-18 05:00,229,verified,04_15-21_2025.pdf,2,2025_April15May312025_04_15-21_2025_p02.png
Kamuning,2025-04-18,6,2025-04-18 06:00,246,verified,04_15-21_2025.pdf,3,2025_April15May312025_04_15-21_2025_p03.png
Kamuning,2025-04-18,7,2025-04-18 07:00,198,verified,04_15-21_2025.pdf,3,2025_April15May312025_04_15-21_2025_p03.png
Kamuning,2025-04-18,8,2025-04-18 08:00,144,verified,04_15-21_2025.pdf,3,2025_April15May312025_04_15-21_2025_p03.png
Kamuning,2025-04-18,9,2025-04-18 09:00,102,verified,04_15-21_2025.pdf,3,2025_April15May312025_04_15-21_2025_p03.png
Kamuning,2025-04-18,10,2025-04-18 10:00,98,verified,04_15-21_2025.pdf,3,2025_April15May312025_04_15-21_2025_p03.png
Kamuning,2025-04-18,11,2025-04-18 11:00,134,verified,04_15-21_2025.pdf,3,2025_April15May312025_04_15-21_2025_p03.png
Kamuning,2025-04-18,12,2025-04-18 12:00,162,verified,04_15-21_2025.pdf,3,2025_April15May312025_04_15-21_2025_p03.png
Kamuning,2025-04-18,13,2025-04-18 13:00,147,verified,04_15-21_2025.pdf,3,2025_April15May312025_04_15-21_2025_p03.png
Kamuning,2025-04-18,14,2025-04-18 14:00,146,verified,04_15-21_2025.pdf,3,2025_April15May312025_04_15-21_2025_p03.png
Kamuning,2025-04-18,15,2025-04-18 15:00,151,verified,04_15-21_2025.pdf,3,2025_April15May312025_04_15-21_2025_p03.png
Kamuning,2025-04-18,16,2025-04-18 16:00,133,verified,04_15-21_2025.pdf,3,2025_April15May312025_04_15-21_2025_p03.png
Kamuning,2025-04-18,17,2025-04-18 17:00,103,verified,04_15-21_2025.pdf,3,2025_April15May312025_04_15-21_2025_p03.png
Kamuning,2025-04-18,18,2025-04-18 18:00,86,verified,04_15-21_2025.pdf,3,2025_April15May312025_04_15-21_2025_p03.png
Kamuning,2025-04-18,19,2025-04-18 19:00,91,verified,04_15-21_2025.pdf,3,2025_April15May312025_04_15-21_2025_p03.png
Kamuning,2025-04-18,20,2025-04-18 20:00,76,verified,04_15-21_2025.pdf,3,2025_April15May312025_04_15-21_2025_p03.png
Kamuning,2025-04-18,21,2025-04-18 21:00,627,verified,04_15-21_2025.pdf,3,2025_April15May312025_04_15-21_2025_p03.png
Kamuning,2025-04-18,22,2025-04-18 22:00,109,verified,04_15-21_2025.pdf,3,2025_April15May312025_04_15-21_2025_p03.png
Kamuning,2025-04-18,23,2025-04-18 23:00,36,verified,04_15-21_2025.pdf,3,2025_April15May312025_04_15-21_2025_p03.png
Kamuning,2025-04-18,0,2025-04-19 00:00,45,verified,04_15-21_2025.pdf,3,2025_April15May312025_04_15-21_2025_p03.png
Kamuning,2025-04-18,1,2025-04-19 01:00,29,verified,04_15-21_2025.pdf,3,2025_April15May312025_04_15-21_2025_p03.png
Kamuning,2025-04-18,2,2025-04-19 02:00,31,verified,04_15-21_2025.pdf,3,2025_April15May312025_04_15-21_2025_p03.png
Kamuning,2025-04-18,3,2025-04-19 03:00,69,verified,04_15-21_2025.pdf,3,2025_April15May312025_04_15-21_2025_p03.png
Kamuning,2025-04-18,4,2025-04-19 04:00,448,verified,04_15-21_2025.pdf,3,2025_April15May312025_04_15-21_2025_p03.png
Kamuning,2025-04-18,5,2025-04-19 05:00,351,verified,04_15-21_2025.pdf,3,2025_April15May312025_04_15-21_2025_p03.png
Kamuning,2025-04-19,6,2025-04-19 06:00,733,verified,04_15-21_2025.pdf,3,2025_April15May312025_04_15-21_2025_p03.png
Kamuning,2025-04-19,7,2025-04-19 07:00,612,verified,04_15-21_2025.pdf,3,2025_April15May312025_04_15-21_2025_p03.png
Kamuning,2025-04-19,8,2025-04-19 08:00,1263,verified,04_15-21_2025.pdf,3,2025_April15May312025_04_15-21_2025_p03.png
Kamuning,2025-04-19,9,2025-04-19 09:00,949,verified,04_15-21_2025.pdf,3,2025_April15May312025_04_15-21_2025_p03.png
Kamuning,2025-04-19,10,2025-04-19 10:00,868,verified,04_15-21_2025.pdf,3,2025_April15May312025_04_15-21_2025_p03.png
Kamuning,2025-04-19,11,2025-04-19 11:00,801,verified,04_15-21_2025.pdf,3,2025_April15May312025_04_15-21_2025_p03.png
Kamuning,2025-04-19,12,2025-04-19 12:00,410,verified,04_15-21_2025.pdf,3,2025_April15May312025_04_15-21_2025_p03.png
Kamuning,2025-04-19,13,2025-04-19 13:00,503,verified,04_15-21_2025.pdf,3,2025_April15May312025_04_15-21_2025_p03.png
Kamuning,2025-04-19,14,2025-04-19 14:00,344,verified,04_15-21_2025.pdf,3,2025_April15May312025_04_15-21_2025_p03.png
Kamuning,2025-04-19,15,2025-04-19 15:00,369,verified,04_15-21_2025.pdf,3,2025_April15May312025_04_15-21_2025_p03.png
Kamuning,2025-04-19,16,2025-04-19 16:00,409,verified,04_15-21_2025.pdf,3,2025_April15May312025_04_15-21_2025_p03.png
Kamuning,2025-04-19,17,2025-04-19 17:00,535,verified,04_15-21_2025.pdf,3,2025_April15May312025_04_15-21_2025_p03.png
Kamuning,2025-04-19,18,2025-04-19 18:00,381,verified,04_15-21_2025.pdf,3,2025_April15May312025_04_15-21_2025_p03.png
Kamuning,2025-04-19,19,2025-04-19 19:00,327,verified,04_15-21_2025.pdf,3,2025_April15May312025_04_15-21_2025_p03.png
Kamuning,2025-04-19,20,2025-04-19 20:00,340,verified,04_15-21_2025.pdf,3,2025_April15May312025_04_15-21_2025_p03.png
Kamuning,2025-04-19,21,2025-04-19 21:00,289,verified,04_15-21_2025.pdf,3,2025_April15May312025_04_15-21_2025_p03.png
Kamuning,2025-04-19,22,2025-04-19 22:00,267,verified,04_15-21_2025.pdf,3,2025_April15May312025_04_15-21_2025_p03.png
Kamuning,2025-04-19,23,2025-04-19 23:00,112,verified,04_15-21_2025.pdf,3,2025_April15May312025_04_15-21_2025_p03.png
Kamuning,2025-04-19,0,2025-04-20 00:00,78,verified,04_15-21_2025.pdf,3,2025_April15May312025_04_15-21_2025_p03.png
Kamuning,2025-04-19,1,2025-04-20 01:00,45,verified,04_15-21_2025.pdf,3,2025_April15May312025_04_15-21_2025_p03.png
Kamuning,2025-04-19,2,2025-04-20 02:00,169,verified,04_15-21_2025.pdf,3,2025_April15May312025_04_15-21_2025_p03.png
Kamuning,2025-04-19,3,2025-04-20 03:00,227,verified,04_15-21_2025.pdf,3,2025_April15May312025_04_15-21_2025_p03.png
Kamuning,2025-04-19,4,2025-04-20 04:00,255,verified,04_15-21_2025.pdf,3,2025_April15May312025_04_15-21_2025_p03.png
Kamuning,2025-04-19,5,2025-04-20 05:00,425,verified,04_15-21_2025.pdf,3,2025_April15May312025_04_15-21_2025_p03.png
Kamuning,2025-04-20,6,2025-04-20 06:00,380,mismatch,04_15-21_2025.pdf,4,2025_April15May312025_04_15-21_2025_p04.png
Kamuning,2025-04-20,7,2025-04-20 07:00,631,mismatch,04_15-21_2025.pdf,4,2025_April15May312025_04_15-21_2025_p04.png
Kamuning,2025-04-20,8,2025-04-20 08:00,924,mismatch,04_15-21_2025.pdf,4,2025_April15May312025_04_15-21_2025_p04.png
Kamuning,2025-04-20,9,2025-04-20 09:00,384,mismatch,04_15-21_2025.pdf,4,2025_April15May312025_04_15-21_2025_p04.png
Kamuning,2025-04-20,10,2025-04-20 10:00,396,mismatch,04_15-21_2025.pdf,4,2025_April15May312025_04_15-21_2025_p04.png
Kamuning,2025-04-20,11,2025-04-20 11:00,446,mismatch,04_15-21_2025.pdf,4,2025_April15May312025_04_15-21_2025_p04.png
Kamuning,2025-04-20,12,2025-04-20 12:00,485,mismatch,04_15-21_2025.pdf,4,2025_April15May312025_04_15-21_2025_p04.png
Kamuning,2025-04-20,13,2025-04-20 13:00,538,mismatch,04_15-21_2025.pdf,4,2025_April15May312025_04_15-21_2025_p04.png
Kamuning,2025-04-20,14,2025-04-20 14:00,591,mismatch,04_15-21_2025.pdf,4,2025_April15May312025_04_15-21_2025_p04.png
Kamuning,2025-04-20,15,2025-04-20 15:00,649,mismatch,04_15-21_2025.pdf,4,2025_April15May312025_04_15-21_2025_p04.png
Kamuning,2025-04-20,16,2025-04-20 16:00,631,mismatch,04_15-21_2025.pdf,4,2025_April15May312025_04_15-21_2025_p04.png
Kamuning,2025-04-20,17,2025-04-20 17:00,701,mismatch,04_15-21_2025.pdf,4,2025_April15May312025_04_15-21_2025_p04.png
Kamuning,2025-04-20,18,2025-04-20 18:00,683,mismatch,04_15-21_2025.pdf,4,2025_April15May312025_04_15-21_2025_p04.png
Kamuning,2025-04-20,19,2025-04-20 19:00,501,mismatch,04_15-21_2025.pdf,4,2025_April15May312025_04_15-21_2025_p04.png
Kamuning,2025-04-20,20,2025-04-20 20:00,384,mismatch,04_15-21_2025.pdf,4,2025_April15May312025_04_15-21_2025_p04.png
Kamuning,2025-04-20,21,2025-04-20 21:00,374,mismatch,04_15-21_2025.pdf,4,2025_April15May312025_04_15-21_2025_p04.png
Kamuning,2025-04-20,22,2025-04-20 22:00,245,mismatch,04_15-21_2025.pdf,4,2025_April15May312025_04_15-21_2025_p04.png
Kamuning,2025-04-20,23,2025-04-20 23:00,369,mismatch,04_15-21_2025.pdf,4,2025_April15May312025_04_15-21_2025_p04.png
Kamuning,2025-04-20,0,2025-04-21 00:00,196,mismatch,04_15-21_2025.pdf,4,2025_April15May312025_04_15-21_2025_p04.png
Kamuning,2025-04-20,1,2025-04-21 01:00,231,mismatch,04_15-21_2025.pdf,4,2025_April15May312025_04_15-21_2025_p04.png
Kamuning,2025-04-20,2,2025-04-21 02:00,322,mismatch,04_15-21_2025.pdf,4,2025_April15May312025_04_15-21_2025_p04.png
Kamuning,2025-04-20,3,2025-04-21 03:00,269,mismatch,04_15-21_2025.pdf,4,2025_April15May312025_04_15-21_2025_p04.png
Kamuning,2025-04-20,4,2025-04-21 04:00,454,mismatch,04_15-21_2025.pdf,4,2025_April15May312025_04_15-21_2025_p04.png
Kamuning,2025-04-20,5,2025-04-21 05:00,506,mismatch,04_15-21_2025.pdf,4,2025_April15May312025_04_15-21_2025_p04.png
Kamuning,2025-04-21,6,2025-04-21 06:00,412,mismatch,04_15-21_2025.pdf,4,2025_April15May312025_04_15-21_2025_p04.png
Kamuning,2025-04-21,7,2025-04-21 07:00,401,mismatch,04_15-21_2025.pdf,4,2025_April15May312025_04_15-21_2025_p04.png
Kamuning,2025-04-21,8,2025-04-21 08:00,417,mismatch,04_15-21_2025.pdf,4,2025_April15May312025_04_15-21_2025_p04.png
Kamuning,2025-04-21,9,2025-04-21 09:00,104,mismatch,04_15-21_2025.pdf,4,2025_April15May312025_04_15-21_2025_p04.png
Kamuning,2025-04-21,10,2025-04-21 10:00,118,mismatch,04_15-21_2025.pdf,4,2025_April15May312025_04_15-21_2025_p04.png
Kamuning,2025-04-21,11,2025-04-21 11:00,109,mismatch,04_15-21_2025.pdf,4,2025_April15May312025_04_15-21_2025_p04.png
Kamuning,2025-04-21,12,2025-04-21 12:00,78,mismatch,04_15-21_2025.pdf,4,2025_April15May312025_04_15-21_2025_p04.png
Kamuning,2025-04-21,13,2025-04-21 13:00,74,mismatch,04_15-21_2025.pdf,4,2025_April15May312025_04_15-21_2025_p04.png
Kamuning,2025-04-21,14,2025-04-21 14:00,167,mismatch,04_15-21_2025.pdf,4,2025_April15May312025_04_15-21_2025_p04.png
Kamuning,2025-04-21,15,2025-04-21 15:00,174,mismatch,04_15-21_2025.pdf,4,2025_April15May312025_04_15-21_2025_p04.png
Kamuning,2025-04-21,16,2025-04-21 16:00,228,mismatch,04_15-21_2025.pdf,4,2025_April15May312025_04_15-21_2025_p04.png
Kamuning,2025-04-21,17,2025-04-21 17:00,246,mismatch,04_15-21_2025.pdf,4,2025_April15May312025_04_15-21_2025_p04.png
Kamuning,2025-04-21,18,2025-04-21 18:00,151,mismatch,04_15-21_2025.pdf,4,2025_April15May312025_04_15-21_2025_p04.png
Kamuning,2025-04-21,19,2025-04-21 19:00,68,mismatch,04_15-21_2025.pdf,4,2025_April15May312025_04_15-21_2025_p04.png
Kamuning,2025-04-21,20,2025-04-21 20:00,54,mismatch,04_15-21_2025.pdf,4,2025_April15May312025_04_15-21_2025_p04.png
Kamuning,2025-04-21,21,2025-04-21 21:00,71,mismatch,04_15-21_2025.pdf,4,2025_April15May312025_04_15-21_2025_p04.png
Kamuning,2025-04-21,22,2025-04-21 22:00,97,mismatch,04_15-21_2025.pdf,4,2025_April15May312025_04_15-21_2025_p04.png
Kamuning,2025-04-21,23,2025-04-21 23:00,69,mismatch,04_15-21_2025.pdf,4,2025_April15May312025_04_15-21_2025_p04.png
Kamuning,2025-04-21,0,2025-04-22 00:00,45,mismatch,04_15-21_2025.pdf,4,2025_April15May312025_04_15-21_2025_p04.png
Kamuning,2025-04-21,1,2025-04-22 01:00,33,mismatch,04_15-21_2025.pdf,4,2025_April15May312025_04_15-21_2025_p04.png
Kamuning,2025-04-21,2,2025-04-22 02:00,27,mismatch,04_15-21_2025.pdf,4,2025_April15May312025_04_15-21_2025_p04.png
Kamuning,2025-04-21,3,2025-04-22 03:00,119,mismatch,04_15-21_2025.pdf,4,2025_April15May312025_04_15-21_2025_p04.png
Kamuning,2025-04-21,4,2025-04-22 04:00,225,mismatch,04_15-21_2025.pdf,4,2025_April15May312025_04_15-21_2025_p04.png
Kamuning,2025-04-21,5,2025-04-22 05:00,196,mismatch,04_15-21_2025.pdf,4,2025_April15May312025_04_15-21_2025_p04.png
Kamuning,2025-04-22,6,2025-04-22 06:00,196,verified,04_22-30_2025.pdf,1,2025_April15May312025_04_22-30_2025_p01.png
Kamuning,2025-04-22,7,2025-04-22 07:00,153,verified,04_22-30_2025.pdf,1,2025_April15May312025_04_22-30_2025_p01.png
Kamuning,2025-04-22,8,2025-04-22 08:00,91,verified,04_22-30_2025.pdf,1,2025_April15May312025_04_22-30_2025_p01.png
Kamuning,2025-04-22,9,2025-04-22 09:00,76,verified,04_22-30_2025.pdf,1,2025_April15May312025_04_22-30_2025_p01.png
Kamuning,2025-04-22,10,2025-04-22 10:00,53,verified,04_22-30_2025.pdf,1,2025_April15May312025_04_22-30_2025_p01.png
Kamuning,2025-04-22,11,2025-04-22 11:00,46,verified,04_22-30_2025.pdf,1,2025_April15May312025_04_22-30_2025_p01.png
Kamuning,2025-04-22,12,2025-04-22 12:00,38,verified,04_22-30_2025.pdf,1,2025_April15May312025_04_22-30_2025_p01.png
Kamuning,2025-04-22,13,2025-04-22 13:00,33,verified,04_22-30_2025.pdf,1,2025_April15May312025_04_22-30_2025_p01.png
Kamuning,2025-04-22,14,2025-04-22 14:00,138,verified,04_22-30_2025.pdf,1,2025_April15May312025_04_22-30_2025_p01.png
Kamuning,2025-04-22,15,2025-04-22 15:00,169,verified,04_22-30_2025.pdf,1,2025_April15May312025_04_22-30_2025_p01.png
Kamuning,2025-04-22,16,2025-04-22 16:00,261,verified,04_22-30_2025.pdf,1,2025_April15May312025_04_22-30_2025_p01.png
Kamuning,2025-04-22,17,2025-04-22 17:00,294,verified,04_22-30_2025.pdf,1,2025_April15May312025_04_22-30_2025_p01.png
Kamuning,2025-04-22,18,2025-04-22 18:00,203,verified,04_22-30_2025.pdf,1,2025_April15May312025_04_22-30_2025_p01.png
Kamuning,2025-04-22,19,2025-04-22 19:00,392,verified,04_22-30_2025.pdf,1,2025_April15May312025_04_22-30_2025_p01.png
Kamuning,2025-04-22,20,2025-04-22 20:00,114,verified,04_22-30_2025.pdf,1,2025_April15May312025_04_22-30_2025_p01.png
Kamuning,2025-04-22,21,2025-04-22 21:00,98,verified,04_22-30_2025.pdf,1,2025_April15May312025_04_22-30_2025_p01.png
Kamuning,2025-04-22,22,2025-04-22 22:00,150,verified,04_22-30_2025.pdf,1,2025_April15May312025_04_22-30_2025_p01.png
Kamuning,2025-04-22,23,2025-04-22 23:00,64,verified,04_22-30_2025.pdf,1,2025_April15May312025_04_22-30_2025_p01.png
Kamuning,2025-04-22,0,2025-04-23 00:00,73,verified,04_22-30_2025.pdf,1,2025_April15May312025_04_22-30_2025_p01.png
Kamuning,2025-04-22,1,2025-04-23 01:00,61,verified,04_22-30_2025.pdf,1,2025_April15May312025_04_22-30_2025_p01.png
Kamuning,2025-04-22,2,2025-04-23 02:00,91,verified,04_22-30_2025.pdf,1,2025_April15May312025_04_22-30_2025_p01.png
Kamuning,2025-04-22,3,2025-04-23 03:00,131,verified,04_22-30_2025.pdf,1,2025_April15May312025_04_22-30_2025_p01.png
Kamuning,2025-04-22,4,2025-04-23 04:00,263,verified,04_22-30_2025.pdf,1,2025_April15May312025_04_22-30_2025_p01.png
Kamuning,2025-04-22,5,2025-04-23 05:00,180,verified,04_22-30_2025.pdf,1,2025_April15May312025_04_22-30_2025_p01.png
Kamuning,2025-04-23,6,2025-04-23 06:00,191,verified,04_22-30_2025.pdf,2,2025_April15May312025_04_22-30_2025_p02.png
Kamuning,2025-04-23,7,2025-04-23 07:00,194,verified,04_22-30_2025.pdf,2,2025_April15May312025_04_22-30_2025_p02.png
Kamuning,2025-04-23,8,2025-04-23 08:00,81,verified,04_22-30_2025.pdf,2,2025_April15May312025_04_22-30_2025_p02.png
Kamuning,2025-04-23,9,2025-04-23 09:00,73,verified,04_22-30_2025.pdf,2,2025_April15May312025_04_22-30_2025_p02.png
Kamuning,2025-04-23,10,2025-04-23 10:00,48,verified,04_22-30_2025.pdf,2,2025_April15May312025_04_22-30_2025_p02.png
Kamuning,2025-04-23,11,2025-04-23 11:00,59,verified,04_22-30_2025.pdf,2,2025_April15May312025_04_22-30_2025_p02.png
Kamuning,2025-04-23,12,2025-04-23 12:00,69,verified,04_22-30_2025.pdf,2,2025_April15May312025_04_22-30_2025_p02.png
Kamuning,2025-04-23,13,2025-04-23 13:00,75,verified,04_22-30_2025.pdf,2,2025_April15May312025_04_22-30_2025_p02.png
Kamuning,2025-04-23,14,2025-04-23 14:00,132,verified,04_22-30_2025.pdf,2,2025_April15May312025_04_22-30_2025_p02.png
Kamuning,2025-04-23,15,2025-04-23 15:00,176,verified,04_22-30_2025.pdf,2,2025_April15May312025_04_22-30_2025_p02.png
Kamuning,2025-04-23,16,2025-04-23 16:00,258,verified,04_22-30_2025.pdf,2,2025_April15May312025_04_22-30_2025_p02.png
Kamuning,2025-04-23,17,2025-04-23 17:00,329,verified,04_22-30_2025.pdf,2,2025_April15May312025_04_22-30_2025_p02.png
Kamuning,2025-04-23,18,2025-04-23 18:00,394,verified,04_22-30_2025.pdf,2,2025_April15May312025_04_22-30_2025_p02.png
Kamuning,2025-04-23,19,2025-04-23 19:00,218,verified,04_22-30_2025.pdf,2,2025_April15May312025_04_22-30_2025_p02.png
Kamuning,2025-04-23,20,2025-04-23 20:00,97,verified,04_22-30_2025.pdf,2,2025_April15May312025_04_22-30_2025_p02.png
Kamuning,2025-04-23,21,2025-04-23 21:00,122,verified,04_22-30_2025.pdf,2,2025_April15May312025_04_22-30_2025_p02.png
Kamuning,2025-04-23,22,2025-04-23 22:00,155,verified,04_22-30_2025.pdf,2,2025_April15May312025_04_22-30_2025_p02.png
Kamuning,2025-04-23,23,2025-04-23 23:00,97,verified,04_22-30_2025.pdf,2,2025_April15May312025_04_22-30_2025_p02.png
Kamuning,2025-04-23,0,2025-04-24 00:00,83,verified,04_22-30_2025.pdf,2,2025_April15May312025_04_22-30_2025_p02.png
Kamuning,2025-04-23,1,2025-04-24 01:00,61,verified,04_22-30_2025.pdf,2,2025_April15May312025_04_22-30_2025_p02.png
Kamuning,2025-04-23,2,2025-04-24 02:00,103,verified,04_22-30_2025.pdf,2,2025_April15May312025_04_22-30_2025_p02.png
Kamuning,2025-04-23,3,2025-04-24 03:00,141,verified,04_22-30_2025.pdf,2,2025_April15May312025_04_22-30_2025_p02.png
Kamuning,2025-04-23,4,2025-04-24 04:00,139,verified,04_22-30_2025.pdf,2,2025_April15May312025_04_22-30_2025_p02.png
Kamuning,2025-04-23,5,2025-04-24 05:00,106,verified,04_22-30_2025.pdf,2,2025_April15May312025_04_22-30_2025_p02.png
Kamuning,2025-04-24,6,2025-04-24 06:00,218,mismatch,04_22-30_2025.pdf,2,2025_April15May312025_04_22-30_2025_p02.png
Kamuning,2025-04-24,7,2025-04-24 07:00,248,mismatch,04_22-30_2025.pdf,2,2025_April15May312025_04_22-30_2025_p02.png
Kamuning,2025-04-24,8,2025-04-24 08:00,127,mismatch,04_22-30_2025.pdf,2,2025_April15May312025_04_22-30_2025_p02.png
Kamuning,2025-04-24,9,2025-04-24 09:00,155,mismatch,04_22-30_2025.pdf,2,2025_April15May312025_04_22-30_2025_p02.png
Kamuning,2025-04-24,10,2025-04-24 10:00,133,mismatch,04_22-30_2025.pdf,2,2025_April15May312025_04_22-30_2025_p02.png
Kamuning,2025-04-24,11,2025-04-24 11:00,165,mismatch,04_22-30_2025.pdf,2,2025_April15May312025_04_22-30_2025_p02.png
Kamuning,2025-04-24,12,2025-04-24 12:00,110,mismatch,04_22-30_2025.pdf,2,2025_April15May312025_04_22-30_2025_p02.png
Kamuning,2025-04-24,13,2025-04-24 13:00,106,mismatch,04_22-30_2025.pdf,2,2025_April15May312025_04_22-30_2025_p02.png
Kamuning,2025-04-24,14,2025-04-24 14:00,75,mismatch,04_22-30_2025.pdf,2,2025_April15May312025_04_22-30_2025_p02.png
Kamuning,2025-04-24,15,2025-04-24 15:00,83,mismatch,04_22-30_2025.pdf,2,2025_April15May312025_04_22-30_2025_p02.png
Kamuning,2025-04-24,16,2025-04-24 16:00,653,mismatch,04_22-30_2025.pdf,2,2025_April15May312025_04_22-30_2025_p02.png
Kamuning,2025-04-24,17,2025-04-24 17:00,793,mismatch,04_22-30_2025.pdf,2,2025_April15May312025_04_22-30_2025_p02.png
Kamuning,2025-04-24,18,2025-04-24 18:00,462,mismatch,04_22-30_2025.pdf,2,2025_April15May312025_04_22-30_2025_p02.png
Kamuning,2025-04-24,19,2025-04-24 19:00,416,mismatch,04_22-30_2025.pdf,2,2025_April15May312025_04_22-30_2025_p02.png
Kamuning,2025-04-24,20,2025-04-24 20:00,202,mismatch,04_22-30_2025.pdf,2,2025_April15May312025_04_22-30_2025_p02.png
Kamuning,2025-04-24,21,2025-04-24 21:00,103,mismatch,04_22-30_2025.pdf,2,2025_April15May312025_04_22-30_2025_p02.png
Kamuning,2025-04-24,22,2025-04-24 22:00,134,mismatch,04_22-30_2025.pdf,2,2025_April15May312025_04_22-30_2025_p02.png
Kamuning,2025-04-24,23,2025-04-24 23:00,83,mismatch,04_22-30_2025.pdf,2,2025_April15May312025_04_22-30_2025_p02.png
Kamuning,2025-04-24,0,2025-04-25 00:00,61,mismatch,04_22-30_2025.pdf,2,2025_April15May312025_04_22-30_2025_p02.png
Kamuning,2025-04-24,1,2025-04-25 01:00,41,mismatch,04_22-30_2025.pdf,2,2025_April15May312025_04_22-30_2025_p02.png
Kamuning,2025-04-24,2,2025-04-25 02:00,69,mismatch,04_22-30_2025.pdf,2,2025_April15May312025_04_22-30_2025_p02.png
Kamuning,2025-04-24,3,2025-04-25 03:00,93,mismatch,04_22-30_2025.pdf,2,2025_April15May312025_04_22-30_2025_p02.png
Kamuning,2025-04-24,4,2025-04-25 04:00,108,mismatch,04_22-30_2025.pdf,2,2025_April15May312025_04_22-30_2025_p02.png
Kamuning,2025-04-24,5,2025-04-25 05:00,122,mismatch,04_22-30_2025.pdf,2,2025_April15May312025_04_22-30_2025_p02.png
Kamuning,2025-04-25,6,2025-04-25 06:00,181,verified,04_22-30_2025.pdf,3,2025_April15May312025_04_22-30_2025_p03.png
Kamuning,2025-04-25,7,2025-04-25 07:00,224,verified,04_22-30_2025.pdf,3,2025_April15May312025_04_22-30_2025_p03.png
Kamuning,2025-04-25,8,2025-04-25 08:00,103,verified,04_22-30_2025.pdf,3,2025_April15May312025_04_22-30_2025_p03.png
Kamuning,2025-04-25,9,2025-04-25 09:00,98,verified,04_22-30_2025.pdf,3,2025_April15May312025_04_22-30_2025_p03.png
Kamuning,2025-04-25,10,2025-04-25 10:00,106,verified,04_22-30_2025.pdf,3,2025_April15May312025_04_22-30_2025_p03.png
Kamuning,2025-04-25,11,2025-04-25 11:00,99,verified,04_22-30_2025.pdf,3,2025_April15May312025_04_22-30_2025_p03.png
Kamuning,2025-04-25,12,2025-04-25 12:00,61,verified,04_22-30_2025.pdf,3,2025_April15May312025_04_22-30_2025_p03.png
Kamuning,2025-04-25,13,2025-04-25 13:00,46,verified,04_22-30_2025.pdf,3,2025_April15May312025_04_22-30_2025_p03.png
Kamuning,2025-04-25,14,2025-04-25 14:00,86,verified,04_22-30_2025.pdf,3,2025_April15May312025_04_22-30_2025_p03.png
Kamuning,2025-04-25,15,2025-04-25 15:00,91,verified,04_22-30_2025.pdf,3,2025_April15May312025_04_22-30_2025_p03.png
Kamuning,2025-04-25,16,2025-04-25 16:00,296,verified,04_22-30_2025.pdf,3,2025_April15May312025_04_22-30_2025_p03.png
Kamuning,2025-04-25,17,2025-04-25 17:00,313,verified,04_22-30_2025.pdf,3,2025_April15May312025_04_22-30_2025_p03.png
Kamuning,2025-04-25,18,2025-04-25 18:00,236,verified,04_22-30_2025.pdf,3,2025_April15May312025_04_22-30_2025_p03.png
Kamuning,2025-04-25,19,2025-04-25 19:00,181,verified,04_22-30_2025.pdf,3,2025_April15May312025_04_22-30_2025_p03.png
Kamuning,2025-04-25,20,2025-04-25 20:00,91,verified,04_22-30_2025.pdf,3,2025_April15May312025_04_22-30_2025_p03.png
Kamuning,2025-04-25,21,2025-04-25 21:00,63,verified,04_22-30_2025.pdf,3,2025_April15May312025_04_22-30_2025_p03.png
Kamuning,2025-04-25,22,2025-04-25 22:00,49,verified,04_22-30_2025.pdf,3,2025_April15May312025_04_22-30_2025_p03.png
Kamuning,2025-04-25,23,2025-04-25 23:00,21,verified,04_22-30_2025.pdf,3,2025_April15May312025_04_22-30_2025_p03.png
Kamuning,2025-04-25,0,2025-04-26 00:00,17,verified,04_22-30_2025.pdf,3,2025_April15May312025_04_22-30_2025_p03.png
Kamuning,2025-04-25,1,2025-04-26 01:00,13,verified,04_22-30_2025.pdf,3,2025_April15May312025_04_22-30_2025_p03.png
Kamuning,2025-04-25,2,2025-04-26 02:00,38,verified,04_22-30_2025.pdf,3,2025_April15May312025_04_22-30_2025_p03.png
Kamuning,2025-04-25,3,2025-04-26 03:00,56,verified,04_22-30_2025.pdf,3,2025_April15May312025_04_22-30_2025_p03.png
Kamuning,2025-04-25,4,2025-04-26 04:00,61,verified,04_22-30_2025.pdf,3,2025_April15May312025_04_22-30_2025_p03.png
Kamuning,2025-04-25,5,2025-04-26 05:00,77,verified,04_22-30_2025.pdf,3,2025_April15May312025_04_22-30_2025_p03.png
Kamuning,2025-04-26,6,2025-04-26 06:00,215,verified,04_22-30_2025.pdf,3,2025_April15May312025_04_22-30_2025_p03.png
Kamuning,2025-04-26,7,2025-04-26 07:00,128,verified,04_22-30_2025.pdf,3,2025_April15May312025_04_22-30_2025_p03.png
Kamuning,2025-04-26,8,2025-04-26 08:00,102,verified,04_22-30_2025.pdf,3,2025_April15May312025_04_22-30_2025_p03.png
Kamuning,2025-04-26,9,2025-04-26 09:00,101,verified,04_22-30_2025.pdf,3,2025_April15May312025_04_22-30_2025_p03.png
Kamuning,2025-04-26,10,2025-04-26 10:00,85,verified,04_22-30_2025.pdf,3,2025_April15May312025_04_22-30_2025_p03.png
Kamuning,2025-04-26,11,2025-04-26 11:00,78,verified,04_22-30_2025.pdf,3,2025_April15May312025_04_22-30_2025_p03.png
Kamuning,2025-04-26,12,2025-04-26 12:00,64,verified,04_22-30_2025.pdf,3,2025_April15May312025_04_22-30_2025_p03.png
Kamuning,2025-04-26,13,2025-04-26 13:00,54,verified,04_22-30_2025.pdf,3,2025_April15May312025_04_22-30_2025_p03.png
Kamuning,2025-04-26,14,2025-04-26 14:00,112,verified,04_22-30_2025.pdf,3,2025_April15May312025_04_22-30_2025_p03.png
Kamuning,2025-04-26,15,2025-04-26 15:00,91,verified,04_22-30_2025.pdf,3,2025_April15May312025_04_22-30_2025_p03.png
Kamuning,2025-04-26,16,2025-04-26 16:00,148,verified,04_22-30_2025.pdf,3,2025_April15May312025_04_22-30_2025_p03.png
Kamuning,2025-04-26,17,2025-04-26 17:00,199,verified,04_22-30_2025.pdf,3,2025_April15May312025_04_22-30_2025_p03.png
Kamuning,2025-04-26,18,2025-04-26 18:00,146,verified,04_22-30_2025.pdf,3,2025_April15May312025_04_22-30_2025_p03.png
Kamuning,2025-04-26,19,2025-04-26 19:00,151,verified,04_22-30_2025.pdf,3,2025_April15May312025_04_22-30_2025_p03.png
Kamuning,2025-04-26,20,2025-04-26 20:00,78,verified,04_22-30_2025.pdf,3,2025_April15May312025_04_22-30_2025_p03.png
Kamuning,2025-04-26,21,2025-04-26 21:00,86,verified,04_22-30_2025.pdf,3,2025_April15May312025_04_22-30_2025_p03.png
Kamuning,2025-04-26,22,2025-04-26 22:00,179,verified,04_22-30_2025.pdf,3,2025_April15May312025_04_22-30_2025_p03.png
Kamuning,2025-04-26,23,2025-04-26 23:00,45,verified,04_22-30_2025.pdf,3,2025_April15May312025_04_22-30_2025_p03.png
Kamuning,2025-04-26,0,2025-04-27 00:00,66,verified,04_22-30_2025.pdf,3,2025_April15May312025_04_22-30_2025_p03.png
Kamuning,2025-04-26,1,2025-04-27 01:00,56,verified,04_22-30_2025.pdf,3,2025_April15May312025_04_22-30_2025_p03.png
Kamuning,2025-04-26,2,2025-04-27 02:00,49,verified,04_22-30_2025.pdf,3,2025_April15May312025_04_22-30_2025_p03.png
Kamuning,2025-04-26,3,2025-04-27 03:00,58,verified,04_22-30_2025.pdf,3,2025_April15May312025_04_22-30_2025_p03.png
Kamuning,2025-04-26,4,2025-04-27 04:00,65,verified,04_22-30_2025.pdf,3,2025_April15May312025_04_22-30_2025_p03.png
Kamuning,2025-04-26,5,2025-04-27 05:00,101,verified,04_22-30_2025.pdf,3,2025_April15May312025_04_22-30_2025_p03.png
Kamuning,2025-04-27,6,2025-04-27 06:00,201,verified,04_22-30_2025.pdf,4,2025_April15May312025_04_22-30_2025_p04.png
Kamuning,2025-04-27,7,2025-04-27 07:00,97,verified,04_22-30_2025.pdf,4,2025_April15May312025_04_22-30_2025_p04.png
Kamuning,2025-04-27,8,2025-04-27 08:00,89,verified,04_22-30_2025.pdf,4,2025_April15May312025_04_22-30_2025_p04.png
Kamuning,2025-04-27,9,2025-04-27 09:00,63,verified,04_22-30_2025.pdf,4,2025_April15May312025_04_22-30_2025_p04.png
Kamuning,2025-04-27,10,2025-04-27 10:00,53,verified,04_22-30_2025.pdf,4,2025_April15May312025_04_22-30_2025_p04.png
Kamuning,2025-04-27,11,2025-04-27 11:00,61,verified,04_22-30_2025.pdf,4,2025_April15May312025_04_22-30_2025_p04.png
Kamuning,2025-04-27,12,2025-04-27 12:00,86,verified,04_22-30_2025.pdf,4,2025_April15May312025_04_22-30_2025_p04.png
Kamuning,2025-04-27,13,2025-04-27 13:00,70,verified,04_22-30_2025.pdf,4,2025_April15May312025_04_22-30_2025_p04.png
Kamuning,2025-04-27,14,2025-04-27 14:00,187,verified,04_22-30_2025.pdf,4,2025_April15May312025_04_22-30_2025_p04.png
Kamuning,2025-04-27,15,2025-04-27 15:00,191,verified,04_22-30_2025.pdf,4,2025_April15May312025_04_22-30_2025_p04.png
Kamuning,2025-04-27,16,2025-04-27 16:00,204,verified,04_22-30_2025.pdf,4,2025_April15May312025_04_22-30_2025_p04.png
Kamuning,2025-04-27,17,2025-04-27 17:00,180,verified,04_22-30_2025.pdf,4,2025_April15May312025_04_22-30_2025_p04.png
Kamuning,2025-04-27,18,2025-04-27 18:00,199,verified,04_22-30_2025.pdf,4,2025_April15May312025_04_22-30_2025_p04.png
Kamuning,2025-04-27,19,2025-04-27 19:00,99,verified,04_22-30_2025.pdf,4,2025_April15May312025_04_22-30_2025_p04.png
Kamuning,2025-04-27,20,2025-04-27 20:00,131,verified,04_22-30_2025.pdf,4,2025_April15May312025_04_22-30_2025_p04.png
Kamuning,2025-04-27,21,2025-04-27 21:00,169,verified,04_22-30_2025.pdf,4,2025_April15May312025_04_22-30_2025_p04.png
Kamuning,2025-04-27,22,2025-04-27 22:00,312,verified,04_22-30_2025.pdf,4,2025_April15May312025_04_22-30_2025_p04.png
Kamuning,2025-04-27,23,2025-04-27 23:00,98,verified,04_22-30_2025.pdf,4,2025_April15May312025_04_22-30_2025_p04.png
Kamuning,2025-04-27,0,2025-04-28 00:00,33,verified,04_22-30_2025.pdf,4,2025_April15May312025_04_22-30_2025_p04.png
Kamuning,2025-04-27,1,2025-04-28 01:00,27,verified,04_22-30_2025.pdf,4,2025_April15May312025_04_22-30_2025_p04.png
Kamuning,2025-04-27,2,2025-04-28 02:00,45,verified,04_22-30_2025.pdf,4,2025_April15May312025_04_22-30_2025_p04.png
Kamuning,2025-04-27,3,2025-04-28 03:00,69,verified,04_22-30_2025.pdf,4,2025_April15May312025_04_22-30_2025_p04.png
Kamuning,2025-04-27,4,2025-04-28 04:00,151,verified,04_22-30_2025.pdf,4,2025_April15May312025_04_22-30_2025_p04.png
Kamuning,2025-04-27,5,2025-04-28 05:00,199,verified,04_22-30_2025.pdf,4,2025_April15May312025_04_22-30_2025_p04.png
Kamuning,2025-04-28,6,2025-04-28 06:00,221,mismatch,04_22-30_2025.pdf,4,2025_April15May312025_04_22-30_2025_p04.png
Kamuning,2025-04-28,7,2025-04-28 07:00,229,mismatch,04_22-30_2025.pdf,4,2025_April15May312025_04_22-30_2025_p04.png
Kamuning,2025-04-28,8,2025-04-28 08:00,189,mismatch,04_22-30_2025.pdf,4,2025_April15May312025_04_22-30_2025_p04.png
Kamuning,2025-04-28,9,2025-04-28 09:00,191,mismatch,04_22-30_2025.pdf,4,2025_April15May312025_04_22-30_2025_p04.png
Kamuning,2025-04-28,10,2025-04-28 10:00,196,mismatch,04_22-30_2025.pdf,4,2025_April15May312025_04_22-30_2025_p04.png
Kamuning,2025-04-28,11,2025-04-28 11:00,104,mismatch,04_22-30_2025.pdf,4,2025_April15May312025_04_22-30_2025_p04.png
Kamuning,2025-04-28,12,2025-04-28 12:00,106,mismatch,04_22-30_2025.pdf,4,2025_April15May312025_04_22-30_2025_p04.png
Kamuning,2025-04-28,13,2025-04-28 13:00,118,mismatch,04_22-30_2025.pdf,4,2025_April15May312025_04_22-30_2025_p04.png
Kamuning,2025-04-28,14,2025-04-28 14:00,219,mismatch,04_22-30_2025.pdf,4,2025_April15May312025_04_22-30_2025_p04.png
Kamuning,2025-04-28,15,2025-04-28 15:00,296,mismatch,04_22-30_2025.pdf,4,2025_April15May312025_04_22-30_2025_p04.png
Kamuning,2025-04-28,16,2025-04-28 16:00,418,mismatch,04_22-30_2025.pdf,4,2025_April15May312025_04_22-30_2025_p04.png
Kamuning,2025-04-28,17,2025-04-28 17:00,479,mismatch,04_22-30_2025.pdf,4,2025_April15May312025_04_22-30_2025_p04.png
Kamuning,2025-04-28,18,2025-04-28 18:00,212,mismatch,04_22-30_2025.pdf,4,2025_April15May312025_04_22-30_2025_p04.png
Kamuning,2025-04-28,19,2025-04-28 19:00,92,mismatch,04_22-30_2025.pdf,4,2025_April15May312025_04_22-30_2025_p04.png
Kamuning,2025-04-28,20,2025-04-28 20:00,74,mismatch,04_22-30_2025.pdf,4,2025_April15May312025_04_22-30_2025_p04.png
Kamuning,2025-04-28,21,2025-04-28 21:00,77,mismatch,04_22-30_2025.pdf,4,2025_April15May312025_04_22-30_2025_p04.png
Kamuning,2025-04-28,22,2025-04-28 22:00,180,mismatch,04_22-30_2025.pdf,4,2025_April15May312025_04_22-30_2025_p04.png
Kamuning,2025-04-28,23,2025-04-28 23:00,121,mismatch,04_22-30_2025.pdf,4,2025_April15May312025_04_22-30_2025_p04.png
Kamuning,2025-04-28,0,2025-04-29 00:00,119,mismatch,04_22-30_2025.pdf,4,2025_April15May312025_04_22-30_2025_p04.png
Kamuning,2025-04-28,1,2025-04-29 01:00,115,mismatch,04_22-30_2025.pdf,4,2025_April15May312025_04_22-30_2025_p04.png
Kamuning,2025-04-28,2,2025-04-29 02:00,95,mismatch,04_22-30_2025.pdf,4,2025_April15May312025_04_22-30_2025_p04.png
Kamuning,2025-04-28,3,2025-04-29 03:00,130,mismatch,04_22-30_2025.pdf,4,2025_April15May312025_04_22-30_2025_p04.png
Kamuning,2025-04-28,4,2025-04-29 04:00,135,mismatch,04_22-30_2025.pdf,4,2025_April15May312025_04_22-30_2025_p04.png
Kamuning,2025-04-28,5,2025-04-29 05:00,145,mismatch,04_22-30_2025.pdf,4,2025_April15May312025_04_22-30_2025_p04.png
Kamuning,2025-04-29,6,2025-04-29 06:00,266,verified,04_22-30_2025.pdf,5,2025_April15May312025_04_22-30_2025_p05.png
Kamuning,2025-04-29,7,2025-04-29 07:00,165,verified,04_22-30_2025.pdf,5,2025_April15May312025_04_22-30_2025_p05.png
Kamuning,2025-04-29,8,2025-04-29 08:00,94,verified,04_22-30_2025.pdf,5,2025_April15May312025_04_22-30_2025_p05.png
Kamuning,2025-04-29,9,2025-04-29 09:00,73,verified,04_22-30_2025.pdf,5,2025_April15May312025_04_22-30_2025_p05.png
Kamuning,2025-04-29,10,2025-04-29 10:00,86,verified,04_22-30_2025.pdf,5,2025_April15May312025_04_22-30_2025_p05.png
Kamuning,2025-04-29,11,2025-04-29 11:00,74,verified,04_22-30_2025.pdf,5,2025_April15May312025_04_22-30_2025_p05.png
Kamuning,2025-04-29,12,2025-04-29 12:00,69,verified,04_22-30_2025.pdf,5,2025_April15May312025_04_22-30_2025_p05.png
Kamuning,2025-04-29,13,2025-04-29 13:00,98,verified,04_22-30_2025.pdf,5,2025_April15May312025_04_22-30_2025_p05.png
Kamuning,2025-04-29,14,2025-04-29 14:00,169,verified,04_22-30_2025.pdf,5,2025_April15May312025_04_22-30_2025_p05.png
Kamuning,2025-04-29,15,2025-04-29 15:00,269,verified,04_22-30_2025.pdf,5,2025_April15May312025_04_22-30_2025_p05.png
Kamuning,2025-04-29,16,2025-04-29 16:00,322,verified,04_22-30_2025.pdf,5,2025_April15May312025_04_22-30_2025_p05.png
Kamuning,2025-04-29,17,2025-04-29 17:00,361,verified,04_22-30_2025.pdf,5,2025_April15May312025_04_22-30_2025_p05.png
Kamuning,2025-04-29,18,2025-04-29 18:00,350,verified,04_22-30_2025.pdf,5,2025_April15May312025_04_22-30_2025_p05.png
Kamuning,2025-04-29,19,2025-04-29 19:00,211,verified,04_22-30_2025.pdf,5,2025_April15May312025_04_22-30_2025_p05.png
Kamuning,2025-04-29,20,2025-04-29 20:00,310,verified,04_22-30_2025.pdf,5,2025_April15May312025_04_22-30_2025_p05.png
Kamuning,2025-04-29,21,2025-04-29 21:00,244,verified,04_22-30_2025.pdf,5,2025_April15May312025_04_22-30_2025_p05.png
Kamuning,2025-04-29,22,2025-04-29 22:00,103,verified,04_22-30_2025.pdf,5,2025_April15May312025_04_22-30_2025_p05.png
Kamuning,2025-04-29,23,2025-04-29 23:00,90,verified,04_22-30_2025.pdf,5,2025_April15May312025_04_22-30_2025_p05.png
Kamuning,2025-04-29,0,2025-04-30 00:00,39,verified,04_22-30_2025.pdf,5,2025_April15May312025_04_22-30_2025_p05.png
Kamuning,2025-04-29,1,2025-04-30 01:00,32,verified,04_22-30_2025.pdf,5,2025_April15May312025_04_22-30_2025_p05.png
Kamuning,2025-04-29,2,2025-04-30 02:00,25,verified,04_22-30_2025.pdf,5,2025_April15May312025_04_22-30_2025_p05.png
Kamuning,2025-04-29,3,2025-04-30 03:00,55,verified,04_22-30_2025.pdf,5,2025_April15May312025_04_22-30_2025_p05.png
Kamuning,2025-04-29,4,2025-04-30 04:00,97,verified,04_22-30_2025.pdf,5,2025_April15May312025_04_22-30_2025_p05.png
Kamuning,2025-04-29,5,2025-04-30 05:00,92,verified,04_22-30_2025.pdf,5,2025_April15May312025_04_22-30_2025_p05.png
Kamuning,2025-04-30,6,2025-04-30 06:00,199,verified,04_22-30_2025.pdf,5,2025_April15May312025_04_22-30_2025_p05.png
Kamuning,2025-04-30,7,2025-04-30 07:00,207,verified,04_22-30_2025.pdf,5,2025_April15May312025_04_22-30_2025_p05.png
Kamuning,2025-04-30,8,2025-04-30 08:00,188,verified,04_22-30_2025.pdf,5,2025_April15May312025_04_22-30_2025_p05.png
Kamuning,2025-04-30,9,2025-04-30 09:00,165,verified,04_22-30_2025.pdf,5,2025_April15May312025_04_22-30_2025_p05.png
Kamuning,2025-04-30,10,2025-04-30 10:00,130,verified,04_22-30_2025.pdf,5,2025_April15May312025_04_22-30_2025_p05.png
Kamuning,2025-04-30,11,2025-04-30 11:00,92,verified,04_22-30_2025.pdf,5,2025_April15May312025_04_22-30_2025_p05.png
Kamuning,2025-04-30,12,2025-04-30 12:00,82,verified,04_22-30_2025.pdf,5,2025_April15May312025_04_22-30_2025_p05.png
Kamuning,2025-04-30,13,2025-04-30 13:00,68,verified,04_22-30_2025.pdf,5,2025_April15May312025_04_22-30_2025_p05.png
Kamuning,2025-04-30,14,2025-04-30 14:00,115,verified,04_22-30_2025.pdf,5,2025_April15May312025_04_22-30_2025_p05.png
Kamuning,2025-04-30,15,2025-04-30 15:00,169,verified,04_22-30_2025.pdf,5,2025_April15May312025_04_22-30_2025_p05.png
Kamuning,2025-04-30,16,2025-04-30 16:00,326,verified,04_22-30_2025.pdf,5,2025_April15May312025_04_22-30_2025_p05.png
Kamuning,2025-04-30,17,2025-04-30 17:00,420,verified,04_22-30_2025.pdf,5,2025_April15May312025_04_22-30_2025_p05.png
Kamuning,2025-04-30,18,2025-04-30 18:00,389,verified,04_22-30_2025.pdf,5,2025_April15May312025_04_22-30_2025_p05.png
Kamuning,2025-04-30,19,2025-04-30 19:00,292,verified,04_22-30_2025.pdf,5,2025_April15May312025_04_22-30_2025_p05.png
Kamuning,2025-04-30,20,2025-04-30 20:00,215,verified,04_22-30_2025.pdf,5,2025_April15May312025_04_22-30_2025_p05.png
Kamuning,2025-04-30,21,2025-04-30 21:00,207,verified,04_22-30_2025.pdf,5,2025_April15May312025_04_22-30_2025_p05.png
Kamuning,2025-04-30,22,2025-04-30 22:00,99,verified,04_22-30_2025.pdf,5,2025_April15May312025_04_22-30_2025_p05.png
Kamuning,2025-04-30,23,2025-04-30 23:00,73,verified,04_22-30_2025.pdf,5,2025_April15May312025_04_22-30_2025_p05.png
Kamuning,2025-04-30,0,2025-05-01 00:00,20,verified,04_22-30_2025.pdf,5,2025_April15May312025_04_22-30_2025_p05.png
Kamuning,2025-04-30,1,2025-05-01 01:00,22,verified,04_22-30_2025.pdf,5,2025_April15May312025_04_22-30_2025_p05.png
Kamuning,2025-04-30,2,2025-05-01 02:00,17,verified,04_22-30_2025.pdf,5,2025_April15May312025_04_22-30_2025_p05.png
Kamuning,2025-04-30,3,2025-05-01 03:00,31,verified,04_22-30_2025.pdf,5,2025_April15May312025_04_22-30_2025_p05.png
Kamuning,2025-04-30,4,2025-05-01 04:00,85,verified,04_22-30_2025.pdf,5,2025_April15May312025_04_22-30_2025_p05.png
Kamuning,2025-04-30,5,2025-05-01 05:00,81,verified,04_22-30_2025.pdf,5,2025_April15May312025_04_22-30_2025_p05.png
Kamuning,2025-05-01,6,2025-05-01 06:00,115,verified,05_01-07_2025.pdf,1,2025_April15May312025_05_01-07_2025_p01.png
Kamuning,2025-05-01,7,2025-05-01 07:00,200,verified,05_01-07_2025.pdf,1,2025_April15May312025_05_01-07_2025_p01.png
Kamuning,2025-05-01,8,2025-05-01 08:00,184,verified,05_01-07_2025.pdf,1,2025_April15May312025_05_01-07_2025_p01.png
Kamuning,2025-05-01,9,2025-05-01 09:00,68,verified,05_01-07_2025.pdf,1,2025_April15May312025_05_01-07_2025_p01.png
Kamuning,2025-05-01,10,2025-05-01 10:00,40,verified,05_01-07_2025.pdf,1,2025_April15May312025_05_01-07_2025_p01.png
Kamuning,2025-05-01,11,2025-05-01 11:00,50,verified,05_01-07_2025.pdf,1,2025_April15May312025_05_01-07_2025_p01.png
Kamuning,2025-05-01,12,2025-05-01 12:00,53,verified,05_01-07_2025.pdf,1,2025_April15May312025_05_01-07_2025_p01.png
Kamuning,2025-05-01,13,2025-05-01 13:00,56,verified,05_01-07_2025.pdf,1,2025_April15May312025_05_01-07_2025_p01.png
Kamuning,2025-05-01,14,2025-05-01 14:00,93,verified,05_01-07_2025.pdf,1,2025_April15May312025_05_01-07_2025_p01.png
Kamuning,2025-05-01,15,2025-05-01 15:00,121,verified,05_01-07_2025.pdf,1,2025_April15May312025_05_01-07_2025_p01.png
Kamuning,2025-05-01,16,2025-05-01 16:00,108,verified,05_01-07_2025.pdf,1,2025_April15May312025_05_01-07_2025_p01.png
Kamuning,2025-05-01,17,2025-05-01 17:00,114,verified,05_01-07_2025.pdf,1,2025_April15May312025_05_01-07_2025_p01.png
Kamuning,2025-05-01,18,2025-05-01 18:00,103,verified,05_01-07_2025.pdf,1,2025_April15May312025_05_01-07_2025_p01.png
Kamuning,2025-05-01,19,2025-05-01 19:00,81,verified,05_01-07_2025.pdf,1,2025_April15May312025_05_01-07_2025_p01.png
Kamuning,2025-05-01,20,2025-05-01 20:00,89,verified,05_01-07_2025.pdf,1,2025_April15May312025_05_01-07_2025_p01.png
Kamuning,2025-05-01,21,2025-05-01 21:00,76,verified,05_01-07_2025.pdf,1,2025_April15May312025_05_01-07_2025_p01.png
Kamuning,2025-05-01,22,2025-05-01 22:00,86,verified,05_01-07_2025.pdf,1,2025_April15May312025_05_01-07_2025_p01.png
Kamuning,2025-05-01,23,2025-05-01 23:00,76,verified,05_01-07_2025.pdf,1,2025_April15May312025_05_01-07_2025_p01.png
Kamuning,2025-05-01,0,2025-05-02 00:00,54,verified,05_01-07_2025.pdf,1,2025_April15May312025_05_01-07_2025_p01.png
Kamuning,2025-05-01,1,2025-05-02 01:00,66,verified,05_01-07_2025.pdf,1,2025_April15May312025_05_01-07_2025_p01.png
Kamuning,2025-05-01,2,2025-05-02 02:00,68,verified,05_01-07_2025.pdf,1,2025_April15May312025_05_01-07_2025_p01.png
Kamuning,2025-05-01,3,2025-05-02 03:00,75,verified,05_01-07_2025.pdf,1,2025_April15May312025_05_01-07_2025_p01.png
Kamuning,2025-05-01,4,2025-05-02 04:00,115,verified,05_01-07_2025.pdf,1,2025_April15May312025_05_01-07_2025_p01.png
Kamuning,2025-05-01,5,2025-05-02 05:00,183,verified,05_01-07_2025.pdf,1,2025_April15May312025_05_01-07_2025_p01.png
Kamuning,2025-05-02,6,2025-05-02 06:00,198,verified,05_01-07_2025.pdf,2,2025_April15May312025_05_01-07_2025_p02.png
Kamuning,2025-05-02,7,2025-05-02 07:00,173,verified,05_01-07_2025.pdf,2,2025_April15May312025_05_01-07_2025_p02.png
Kamuning,2025-05-02,8,2025-05-02 08:00,128,verified,05_01-07_2025.pdf,2,2025_April15May312025_05_01-07_2025_p02.png
Kamuning,2025-05-02,9,2025-05-02 09:00,178,verified,05_01-07_2025.pdf,2,2025_April15May312025_05_01-07_2025_p02.png
Kamuning,2025-05-02,10,2025-05-02 10:00,190,verified,05_01-07_2025.pdf,2,2025_April15May312025_05_01-07_2025_p02.png
Kamuning,2025-05-02,11,2025-05-02 11:00,75,verified,05_01-07_2025.pdf,2,2025_April15May312025_05_01-07_2025_p02.png
Kamuning,2025-05-02,12,2025-05-02 12:00,65,verified,05_01-07_2025.pdf,2,2025_April15May312025_05_01-07_2025_p02.png
Kamuning,2025-05-02,13,2025-05-02 13:00,137,verified,05_01-07_2025.pdf,2,2025_April15May312025_05_01-07_2025_p02.png
Kamuning,2025-05-02,14,2025-05-02 14:00,109,verified,05_01-07_2025.pdf,2,2025_April15May312025_05_01-07_2025_p02.png
Kamuning,2025-05-02,15,2025-05-02 15:00,120,verified,05_01-07_2025.pdf,2,2025_April15May312025_05_01-07_2025_p02.png
Kamuning,2025-05-02,16,2025-05-02 16:00,136,verified,05_01-07_2025.pdf,2,2025_April15May312025_05_01-07_2025_p02.png
Kamuning,2025-05-02,17,2025-05-02 17:00,210,verified,05_01-07_2025.pdf,2,2025_April15May312025_05_01-07_2025_p02.png
Kamuning,2025-05-02,18,2025-05-02 18:00,225,verified,05_01-07_2025.pdf,2,2025_April15May312025_05_01-07_2025_p02.png
Kamuning,2025-05-02,19,2025-05-02 19:00,269,verified,05_01-07_2025.pdf,2,2025_April15May312025_05_01-07_2025_p02.png
Kamuning,2025-05-02,20,2025-05-02 20:00,181,verified,05_01-07_2025.pdf,2,2025_April15May312025_05_01-07_2025_p02.png
Kamuning,2025-05-02,21,2025-05-02 21:00,176,verified,05_01-07_2025.pdf,2,2025_April15May312025_05_01-07_2025_p02.png
Kamuning,2025-05-02,22,2025-05-02 22:00,85,verified,05_01-07_2025.pdf,2,2025_April15May312025_05_01-07_2025_p02.png
Kamuning,2025-05-02,23,2025-05-02 23:00,73,verified,05_01-07_2025.pdf,2,2025_April15May312025_05_01-07_2025_p02.png
Kamuning,2025-05-02,0,2025-05-03 00:00,20,verified,05_01-07_2025.pdf,2,2025_April15May312025_05_01-07_2025_p02.png
Kamuning,2025-05-02,1,2025-05-03 01:00,18,verified,05_01-07_2025.pdf,2,2025_April15May312025_05_01-07_2025_p02.png
Kamuning,2025-05-02,2,2025-05-03 02:00,15,verified,05_01-07_2025.pdf,2,2025_April15May312025_05_01-07_2025_p02.png
Kamuning,2025-05-02,3,2025-05-03 03:00,65,verified,05_01-07_2025.pdf,2,2025_April15May312025_05_01-07_2025_p02.png
Kamuning,2025-05-02,4,2025-05-03 04:00,71,verified,05_01-07_2025.pdf,2,2025_April15May312025_05_01-07_2025_p02.png
Kamuning,2025-05-02,5,2025-05-03 05:00,81,verified,05_01-07_2025.pdf,2,2025_April15May312025_05_01-07_2025_p02.png
Kamuning,2025-05-03,6,2025-05-03 06:00,169,verified,05_01-07_2025.pdf,2,2025_April15May312025_05_01-07_2025_p02.png
Kamuning,2025-05-03,7,2025-05-03 07:00,159,verified,05_01-07_2025.pdf,2,2025_April15May312025_05_01-07_2025_p02.png
Kamuning,2025-05-03,8,2025-05-03 08:00,225,verified,05_01-07_2025.pdf,2,2025_April15May312025_05_01-07_2025_p02.png
Kamuning,2025-05-03,9,2025-05-03 09:00,84,verified,05_01-07_2025.pdf,2,2025_April15May312025_05_01-07_2025_p02.png
Kamuning,2025-05-03,10,2025-05-03 10:00,69,verified,05_01-07_2025.pdf,2,2025_April15May312025_05_01-07_2025_p02.png
Kamuning,2025-05-03,11,2025-05-03 11:00,89,verified,05_01-07_2025.pdf,2,2025_April15May312025_05_01-07_2025_p02.png
Kamuning,2025-05-03,12,2025-05-03 12:00,75,verified,05_01-07_2025.pdf,2,2025_April15May312025_05_01-07_2025_p02.png
Kamuning,2025-05-03,13,2025-05-03 13:00,116,verified,05_01-07_2025.pdf,2,2025_April15May312025_05_01-07_2025_p02.png
Kamuning,2025-05-03,14,2025-05-03 14:00,126,verified,05_01-07_2025.pdf,2,2025_April15May312025_05_01-07_2025_p02.png
Kamuning,2025-05-03,15,2025-05-03 15:00,137,verified,05_01-07_2025.pdf,2,2025_April15May312025_05_01-07_2025_p02.png
Kamuning,2025-05-03,16,2025-05-03 16:00,153,verified,05_01-07_2025.pdf,2,2025_April15May312025_05_01-07_2025_p02.png
Kamuning,2025-05-03,17,2025-05-03 17:00,172,verified,05_01-07_2025.pdf,2,2025_April15May312025_05_01-07_2025_p02.png
Kamuning,2025-05-03,18,2025-05-03 18:00,230,verified,05_01-07_2025.pdf,2,2025_April15May312025_05_01-07_2025_p02.png
Kamuning,2025-05-03,19,2025-05-03 19:00,269,verified,05_01-07_2025.pdf,2,2025_April15May312025_05_01-07_2025_p02.png
Kamuning,2025-05-03,20,2025-05-03 20:00,99,verified,05_01-07_2025.pdf,2,2025_April15May312025_05_01-07_2025_p02.png
Kamuning,2025-05-03,21,2025-05-03 21:00,87,verified,05_01-07_2025.pdf,2,2025_April15May312025_05_01-07_2025_p02.png
Kamuning,2025-05-03,22,2025-05-03 22:00,96,verified,05_01-07_2025.pdf,2,2025_April15May312025_05_01-07_2025_p02.png
Kamuning,2025-05-03,23,2025-05-03 23:00,81,verified,05_01-07_2025.pdf,2,2025_April15May312025_05_01-07_2025_p02.png
Kamuning,2025-05-03,0,2025-05-04 00:00,69,verified,05_01-07_2025.pdf,2,2025_April15May312025_05_01-07_2025_p02.png
Kamuning,2025-05-03,1,2025-05-04 01:00,54,verified,05_01-07_2025.pdf,2,2025_April15May312025_05_01-07_2025_p02.png
Kamuning,2025-05-03,2,2025-05-04 02:00,49,verified,05_01-07_2025.pdf,2,2025_April15May312025_05_01-07_2025_p02.png
Kamuning,2025-05-03,3,2025-05-04 03:00,78,verified,05_01-07_2025.pdf,2,2025_April15May312025_05_01-07_2025_p02.png
Kamuning,2025-05-03,4,2025-05-04 04:00,148,verified,05_01-07_2025.pdf,2,2025_April15May312025_05_01-07_2025_p02.png
Kamuning,2025-05-03,5,2025-05-04 05:00,109,verified,05_01-07_2025.pdf,2,2025_April15May312025_05_01-07_2025_p02.png
Kamuning,2025-05-04,6,2025-05-04 06:00,113,verified,05_01-07_2025.pdf,3,2025_April15May312025_05_01-07_2025_p03.png
Kamuning,2025-05-04,7,2025-05-04 07:00,71,verified,05_01-07_2025.pdf,3,2025_April15May312025_05_01-07_2025_p03.png
Kamuning,2025-05-04,8,2025-05-04 08:00,68,verified,05_01-07_2025.pdf,3,2025_April15May312025_05_01-07_2025_p03.png
Kamuning,2025-05-04,9,2025-05-04 09:00,76,verified,05_01-07_2025.pdf,3,2025_April15May312025_05_01-07_2025_p03.png
Kamuning,2025-05-04,10,2025-05-04 10:00,58,verified,05_01-07_2025.pdf,3,2025_April15May312025_05_01-07_2025_p03.png
Kamuning,2025-05-04,11,2025-05-04 11:00,69,verified,05_01-07_2025.pdf,3,2025_April15May312025_05_01-07_2025_p03.png
Kamuning,2025-05-04,12,2025-05-04 12:00,54,verified,05_01-07_2025.pdf,3,2025_April15May312025_05_01-07_2025_p03.png
Kamuning,2025-05-04,13,2025-05-04 13:00,88,verified,05_01-07_2025.pdf,3,2025_April15May312025_05_01-07_2025_p03.png
Kamuning,2025-05-04,14,2025-05-04 14:00,77,verified,05_01-07_2025.pdf,3,2025_April15May312025_05_01-07_2025_p03.png
Kamuning,2025-05-04,15,2025-05-04 15:00,86,verified,05_01-07_2025.pdf,3,2025_April15May312025_05_01-07_2025_p03.png
Kamuning,2025-05-04,16,2025-05-04 16:00,126,verified,05_01-07_2025.pdf,3,2025_April15May312025_05_01-07_2025_p03.png
Kamuning,2025-05-04,17,2025-05-04 17:00,123,verified,05_01-07_2025.pdf,3,2025_April15May312025_05_01-07_2025_p03.png
Kamuning,2025-05-04,18,2025-05-04 18:00,186,verified,05_01-07_2025.pdf,3,2025_April15May312025_05_01-07_2025_p03.png
Kamuning,2025-05-04,19,2025-05-04 19:00,129,verified,05_01-07_2025.pdf,3,2025_April15May312025_05_01-07_2025_p03.png
Kamuning,2025-05-04,20,2025-05-04 20:00,90,verified,05_01-07_2025.pdf,3,2025_April15May312025_05_01-07_2025_p03.png
Kamuning,2025-05-04,21,2025-05-04 21:00,96,verified,05_01-07_2025.pdf,3,2025_April15May312025_05_01-07_2025_p03.png
Kamuning,2025-05-04,22,2025-05-04 22:00,98,verified,05_01-07_2025.pdf,3,2025_April15May312025_05_01-07_2025_p03.png
Kamuning,2025-05-04,23,2025-05-04 23:00,73,verified,05_01-07_2025.pdf,3,2025_April15May312025_05_01-07_2025_p03.png
Kamuning,2025-05-04,0,2025-05-05 00:00,70,verified,05_01-07_2025.pdf,3,2025_April15May312025_05_01-07_2025_p03.png
Kamuning,2025-05-04,1,2025-05-05 01:00,68,verified,05_01-07_2025.pdf,3,2025_April15May312025_05_01-07_2025_p03.png
Kamuning,2025-05-04,2,2025-05-05 02:00,96,verified,05_01-07_2025.pdf,3,2025_April15May312025_05_01-07_2025_p03.png
Kamuning,2025-05-04,3,2025-05-05 03:00,106,verified,05_01-07_2025.pdf,3,2025_April15May312025_05_01-07_2025_p03.png
Kamuning,2025-05-04,4,2025-05-05 04:00,110,verified,05_01-07_2025.pdf,3,2025_April15May312025_05_01-07_2025_p03.png
Kamuning,2025-05-04,5,2025-05-05 05:00,115,verified,05_01-07_2025.pdf,3,2025_April15May312025_05_01-07_2025_p03.png
Kamuning,2025-05-05,6,2025-05-05 06:00,178,verified,05_01-07_2025.pdf,3,2025_April15May312025_05_01-07_2025_p03.png
Kamuning,2025-05-05,7,2025-05-05 07:00,216,verified,05_01-07_2025.pdf,3,2025_April15May312025_05_01-07_2025_p03.png
Kamuning,2025-05-05,8,2025-05-05 08:00,115,verified,05_01-07_2025.pdf,3,2025_April15May312025_05_01-07_2025_p03.png
Kamuning,2025-05-05,9,2025-05-05 09:00,90,verified,05_01-07_2025.pdf,3,2025_April15May312025_05_01-07_2025_p03.png
Kamuning,2025-05-05,10,2025-05-05 10:00,82,verified,05_01-07_2025.pdf,3,2025_April15May312025_05_01-07_2025_p03.png
Kamuning,2025-05-05,11,2025-05-05 11:00,72,verified,05_01-07_2025.pdf,3,2025_April15May312025_05_01-07_2025_p03.png
Kamuning,2025-05-05,12,2025-05-05 12:00,68,verified,05_01-07_2025.pdf,3,2025_April15May312025_05_01-07_2025_p03.png
Kamuning,2025-05-05,13,2025-05-05 13:00,89,verified,05_01-07_2025.pdf,3,2025_April15May312025_05_01-07_2025_p03.png
Kamuning,2025-05-05,14,2025-05-05 14:00,163,verified,05_01-07_2025.pdf,3,2025_April15May312025_05_01-07_2025_p03.png
Kamuning,2025-05-05,15,2025-05-05 15:00,156,verified,05_01-07_2025.pdf,3,2025_April15May312025_05_01-07_2025_p03.png
Kamuning,2025-05-05,16,2025-05-05 16:00,224,verified,05_01-07_2025.pdf,3,2025_April15May312025_05_01-07_2025_p03.png
Kamuning,2025-05-05,17,2025-05-05 17:00,435,verified,05_01-07_2025.pdf,3,2025_April15May312025_05_01-07_2025_p03.png
Kamuning,2025-05-05,18,2025-05-05 18:00,348,verified,05_01-07_2025.pdf,3,2025_April15May312025_05_01-07_2025_p03.png
Kamuning,2025-05-05,19,2025-05-05 19:00,312,verified,05_01-07_2025.pdf,3,2025_April15May312025_05_01-07_2025_p03.png
Kamuning,2025-05-05,20,2025-05-05 20:00,205,verified,05_01-07_2025.pdf,3,2025_April15May312025_05_01-07_2025_p03.png
Kamuning,2025-05-05,21,2025-05-05 21:00,192,verified,05_01-07_2025.pdf,3,2025_April15May312025_05_01-07_2025_p03.png
Kamuning,2025-05-05,22,2025-05-05 22:00,87,verified,05_01-07_2025.pdf,3,2025_April15May312025_05_01-07_2025_p03.png
Kamuning,2025-05-05,23,2025-05-05 23:00,69,verified,05_01-07_2025.pdf,3,2025_April15May312025_05_01-07_2025_p03.png
Kamuning,2025-05-05,0,2025-05-06 00:00,58,verified,05_01-07_2025.pdf,3,2025_April15May312025_05_01-07_2025_p03.png
Kamuning,2025-05-05,1,2025-05-06 01:00,45,verified,05_01-07_2025.pdf,3,2025_April15May312025_05_01-07_2025_p03.png
Kamuning,2025-05-05,2,2025-05-06 02:00,29,verified,05_01-07_2025.pdf,3,2025_April15May312025_05_01-07_2025_p03.png
Kamuning,2025-05-05,3,2025-05-06 03:00,296,verified,05_01-07_2025.pdf,3,2025_April15May312025_05_01-07_2025_p03.png
Kamuning,2025-05-05,4,2025-05-06 04:00,188,verified,05_01-07_2025.pdf,3,2025_April15May312025_05_01-07_2025_p03.png
Kamuning,2025-05-05,5,2025-05-06 05:00,271,verified,05_01-07_2025.pdf,3,2025_April15May312025_05_01-07_2025_p03.png
Kamuning,2025-05-06,6,2025-05-06 06:00,336,mismatch,05_01-07_2025.pdf,4,2025_April15May312025_05_01-07_2025_p04.png
Kamuning,2025-05-06,7,2025-05-06 07:00,340,mismatch,05_01-07_2025.pdf,4,2025_April15May312025_05_01-07_2025_p04.png
Kamuning,2025-05-06,8,2025-05-06 08:00,176,mismatch,05_01-07_2025.pdf,4,2025_April15May312025_05_01-07_2025_p04.png
Kamuning,2025-05-06,9,2025-05-06 09:00,141,mismatch,05_01-07_2025.pdf,4,2025_April15May312025_05_01-07_2025_p04.png
Kamuning,2025-05-06,10,2025-05-06 10:00,101,mismatch,05_01-07_2025.pdf,4,2025_April15May312025_05_01-07_2025_p04.png
Kamuning,2025-05-06,11,2025-05-06 11:00,113,mismatch,05_01-07_2025.pdf,4,2025_April15May312025_05_01-07_2025_p04.png
Kamuning,2025-05-06,12,2025-05-06 12:00,89,mismatch,05_01-07_2025.pdf,4,2025_April15May312025_05_01-07_2025_p04.png
Kamuning,2025-05-06,13,2025-05-06 13:00,103,mismatch,05_01-07_2025.pdf,4,2025_April15May312025_05_01-07_2025_p04.png
Kamuning,2025-05-06,14,2025-05-06 14:00,329,mismatch,05_01-07_2025.pdf,4,2025_April15May312025_05_01-07_2025_p04.png
Kamuning,2025-05-06,15,2025-05-06 15:00,345,mismatch,05_01-07_2025.pdf,4,2025_April15May312025_05_01-07_2025_p04.png
Kamuning,2025-05-06,16,2025-05-06 16:00,322,mismatch,05_01-07_2025.pdf,4,2025_April15May312025_05_01-07_2025_p04.png
Kamuning,2025-05-06,17,2025-05-06 17:00,377,mismatch,05_01-07_2025.pdf,4,2025_April15May312025_05_01-07_2025_p04.png
Kamuning,2025-05-06,18,2025-05-06 18:00,481,mismatch,05_01-07_2025.pdf,4,2025_April15May312025_05_01-07_2025_p04.png
Kamuning,2025-05-06,19,2025-05-06 19:00,401,mismatch,05_01-07_2025.pdf,4,2025_April15May312025_05_01-07_2025_p04.png
Kamuning,2025-05-06,20,2025-05-06 20:00,311,mismatch,05_01-07_2025.pdf,4,2025_April15May312025_05_01-07_2025_p04.png
Kamuning,2025-05-06,21,2025-05-06 21:00,161,mismatch,05_01-07_2025.pdf,4,2025_April15May312025_05_01-07_2025_p04.png
Kamuning,2025-05-06,22,2025-05-06 22:00,80,mismatch,05_01-07_2025.pdf,4,2025_April15May312025_05_01-07_2025_p04.png
Kamuning,2025-05-06,23,2025-05-06 23:00,68,mismatch,05_01-07_2025.pdf,4,2025_April15May312025_05_01-07_2025_p04.png
Kamuning,2025-05-06,0,2025-05-07 00:00,45,mismatch,05_01-07_2025.pdf,4,2025_April15May312025_05_01-07_2025_p04.png
Kamuning,2025-05-06,1,2025-05-07 01:00,69,mismatch,05_01-07_2025.pdf,4,2025_April15May312025_05_01-07_2025_p04.png
Kamuning,2025-05-06,2,2025-05-07 02:00,27,mismatch,05_01-07_2025.pdf,4,2025_April15May312025_05_01-07_2025_p04.png
Kamuning,2025-05-06,3,2025-05-07 03:00,67,mismatch,05_01-07_2025.pdf,4,2025_April15May312025_05_01-07_2025_p04.png
Kamuning,2025-05-06,4,2025-05-07 04:00,150,mismatch,05_01-07_2025.pdf,4,2025_April15May312025_05_01-07_2025_p04.png
Kamuning,2025-05-06,5,2025-05-07 05:00,160,mismatch,05_01-07_2025.pdf,4,2025_April15May312025_05_01-07_2025_p04.png
Kamuning,2025-05-07,6,2025-05-07 06:00,229,verified,05_01-07_2025.pdf,4,2025_April15May312025_05_01-07_2025_p04.png
Kamuning,2025-05-07,7,2025-05-07 07:00,230,verified,05_01-07_2025.pdf,4,2025_April15May312025_05_01-07_2025_p04.png
Kamuning,2025-05-07,8,2025-05-07 08:00,152,verified,05_01-07_2025.pdf,4,2025_April15May312025_05_01-07_2025_p04.png
Kamuning,2025-05-07,9,2025-05-07 09:00,169,verified,05_01-07_2025.pdf,4,2025_April15May312025_05_01-07_2025_p04.png
Kamuning,2025-05-07,10,2025-05-07 10:00,93,verified,05_01-07_2025.pdf,4,2025_April15May312025_05_01-07_2025_p04.png
Kamuning,2025-05-07,11,2025-05-07 11:00,119,verified,05_01-07_2025.pdf,4,2025_April15May312025_05_01-07_2025_p04.png
Kamuning,2025-05-07,12,2025-05-07 12:00,100,verified,05_01-07_2025.pdf,4,2025_April15May312025_05_01-07_2025_p04.png
Kamuning,2025-05-07,13,2025-05-07 13:00,91,verified,05_01-07_2025.pdf,4,2025_April15May312025_05_01-07_2025_p04.png
Kamuning,2025-05-07,14,2025-05-07 14:00,151,verified,05_01-07_2025.pdf,4,2025_April15May312025_05_01-07_2025_p04.png
Kamuning,2025-05-07,15,2025-05-07 15:00,176,verified,05_01-07_2025.pdf,4,2025_April15May312025_05_01-07_2025_p04.png
Kamuning,2025-05-07,16,2025-05-07 16:00,347,verified,05_01-07_2025.pdf,4,2025_April15May312025_05_01-07_2025_p04.png
Kamuning,2025-05-07,17,2025-05-07 17:00,376,verified,05_01-07_2025.pdf,4,2025_April15May312025_05_01-07_2025_p04.png
Kamuning,2025-05-07,18,2025-05-07 18:00,296,verified,05_01-07_2025.pdf,4,2025_April15May312025_05_01-07_2025_p04.png
Kamuning,2025-05-07,19,2025-05-07 19:00,353,verified,05_01-07_2025.pdf,4,2025_April15May312025_05_01-07_2025_p04.png
Kamuning,2025-05-07,20,2025-05-07 20:00,253,verified,05_01-07_2025.pdf,4,2025_April15May312025_05_01-07_2025_p04.png
Kamuning,2025-05-07,21,2025-05-07 21:00,266,verified,05_01-07_2025.pdf,4,2025_April15May312025_05_01-07_2025_p04.png
Kamuning,2025-05-07,22,2025-05-07 22:00,79,verified,05_01-07_2025.pdf,4,2025_April15May312025_05_01-07_2025_p04.png
Kamuning,2025-05-07,23,2025-05-07 23:00,61,verified,05_01-07_2025.pdf,4,2025_April15May312025_05_01-07_2025_p04.png
Kamuning,2025-05-07,0,2025-05-08 00:00,47,verified,05_01-07_2025.pdf,4,2025_April15May312025_05_01-07_2025_p04.png
Kamuning,2025-05-07,1,2025-05-08 01:00,71,verified,05_01-07_2025.pdf,4,2025_April15May312025_05_01-07_2025_p04.png
Kamuning,2025-05-07,2,2025-05-08 02:00,32,verified,05_01-07_2025.pdf,4,2025_April15May312025_05_01-07_2025_p04.png
Kamuning,2025-05-07,3,2025-05-08 03:00,78,verified,05_01-07_2025.pdf,4,2025_April15May312025_05_01-07_2025_p04.png
Kamuning,2025-05-07,4,2025-05-08 04:00,68,verified,05_01-07_2025.pdf,4,2025_April15May312025_05_01-07_2025_p04.png
Kamuning,2025-05-07,5,2025-05-08 05:00,186,verified,05_01-07_2025.pdf,4,2025_April15May312025_05_01-07_2025_p04.png
Kamuning,2025-05-08,6,2025-05-08 06:00,236,mismatch,05_08-14_2025.pdf,1,2025_April15May312025_05_08-14_2025_p01.png
Kamuning,2025-05-08,7,2025-05-08 07:00,217,mismatch,05_08-14_2025.pdf,1,2025_April15May312025_05_08-14_2025_p01.png
Kamuning,2025-05-08,8,2025-05-08 08:00,107,mismatch,05_08-14_2025.pdf,1,2025_April15May312025_05_08-14_2025_p01.png
Kamuning,2025-05-08,9,2025-05-08 09:00,136,mismatch,05_08-14_2025.pdf,1,2025_April15May312025_05_08-14_2025_p01.png
Kamuning,2025-05-08,10,2025-05-08 10:00,120,mismatch,05_08-14_2025.pdf,1,2025_April15May312025_05_08-14_2025_p01.png
Kamuning,2025-05-08,11,2025-05-08 11:00,134,mismatch,05_08-14_2025.pdf,1,2025_April15May312025_05_08-14_2025_p01.png
Kamuning,2025-05-08,12,2025-05-08 12:00,167,mismatch,05_08-14_2025.pdf,1,2025_April15May312025_05_08-14_2025_p01.png
Kamuning,2025-05-08,13,2025-05-08 13:00,146,mismatch,05_08-14_2025.pdf,1,2025_April15May312025_05_08-14_2025_p01.png
Kamuning,2025-05-08,14,2025-05-08 14:00,133,mismatch,05_08-14_2025.pdf,1,2025_April15May312025_05_08-14_2025_p01.png
Kamuning,2025-05-08,15,2025-05-08 15:00,176,mismatch,05_08-14_2025.pdf,1,2025_April15May312025_05_08-14_2025_p01.png
Kamuning,2025-05-08,16,2025-05-08 16:00,206,mismatch,05_08-14_2025.pdf,1,2025_April15May312025_05_08-14_2025_p01.png
Kamuning,2025-05-08,17,2025-05-08 17:00,479,mismatch,05_08-14_2025.pdf,1,2025_April15May312025_05_08-14_2025_p01.png
Kamuning,2025-05-08,18,2025-05-08 18:00,345,mismatch,05_08-14_2025.pdf,1,2025_April15May312025_05_08-14_2025_p01.png
Kamuning,2025-05-08,19,2025-05-08 19:00,236,mismatch,05_08-14_2025.pdf,1,2025_April15May312025_05_08-14_2025_p01.png
Kamuning,2025-05-08,20,2025-05-08 20:00,146,mismatch,05_08-14_2025.pdf,1,2025_April15May312025_05_08-14_2025_p01.png
Kamuning,2025-05-08,21,2025-05-08 21:00,120,mismatch,05_08-14_2025.pdf,1,2025_April15May312025_05_08-14_2025_p01.png
Kamuning,2025-05-08,22,2025-05-08 22:00,90,mismatch,05_08-14_2025.pdf,1,2025_April15May312025_05_08-14_2025_p01.png
Kamuning,2025-05-08,23,2025-05-08 23:00,68,mismatch,05_08-14_2025.pdf,1,2025_April15May312025_05_08-14_2025_p01.png
Kamuning,2025-05-08,0,2025-05-09 00:00,45,mismatch,05_08-14_2025.pdf,1,2025_April15May312025_05_08-14_2025_p01.png
Kamuning,2025-05-08,1,2025-05-09 01:00,38,mismatch,05_08-14_2025.pdf,1,2025_April15May312025_05_08-14_2025_p01.png
Kamuning,2025-05-08,2,2025-05-09 02:00,31,mismatch,05_08-14_2025.pdf,1,2025_April15May312025_05_08-14_2025_p01.png
Kamuning,2025-05-08,3,2025-05-09 03:00,48,mismatch,05_08-14_2025.pdf,1,2025_April15May312025_05_08-14_2025_p01.png
Kamuning,2025-05-08,4,2025-05-09 04:00,68,mismatch,05_08-14_2025.pdf,1,2025_April15May312025_05_08-14_2025_p01.png
Kamuning,2025-05-08,5,2025-05-09 05:00,111,mismatch,05_08-14_2025.pdf,1,2025_April15May312025_05_08-14_2025_p01.png
Kamuning,2025-05-09,6,2025-05-09 06:00,201,verified,05_08-14_2025.pdf,2,2025_April15May312025_05_08-14_2025_p02.png
Kamuning,2025-05-09,7,2025-05-09 07:00,164,verified,05_08-14_2025.pdf,2,2025_April15May312025_05_08-14_2025_p02.png
Kamuning,2025-05-09,8,2025-05-09 08:00,118,verified,05_08-14_2025.pdf,2,2025_April15May312025_05_08-14_2025_p02.png
Kamuning,2025-05-09,9,2025-05-09 09:00,91,verified,05_08-14_2025.pdf,2,2025_April15May312025_05_08-14_2025_p02.png
Kamuning,2025-05-09,10,2025-05-09 10:00,107,verified,05_08-14_2025.pdf,2,2025_April15May312025_05_08-14_2025_p02.png
Kamuning,2025-05-09,11,2025-05-09 11:00,73,verified,05_08-14_2025.pdf,2,2025_April15May312025_05_08-14_2025_p02.png
Kamuning,2025-05-09,12,2025-05-09 12:00,128,verified,05_08-14_2025.pdf,2,2025_April15May312025_05_08-14_2025_p02.png
Kamuning,2025-05-09,13,2025-05-09 13:00,103,verified,05_08-14_2025.pdf,2,2025_April15May312025_05_08-14_2025_p02.png
Kamuning,2025-05-09,14,2025-05-09 14:00,131,verified,05_08-14_2025.pdf,2,2025_April15May312025_05_08-14_2025_p02.png
Kamuning,2025-05-09,15,2025-05-09 15:00,145,verified,05_08-14_2025.pdf,2,2025_April15May312025_05_08-14_2025_p02.png
Kamuning,2025-05-09,16,2025-05-09 16:00,337,verified,05_08-14_2025.pdf,2,2025_April15May312025_05_08-14_2025_p02.png
Kamuning,2025-05-09,17,2025-05-09 17:00,310,verified,05_08-14_2025.pdf,2,2025_April15May312025_05_08-14_2025_p02.png
Kamuning,2025-05-09,18,2025-05-09 18:00,270,verified,05_08-14_2025.pdf,2,2025_April15May312025_05_08-14_2025_p02.png
Kamuning,2025-05-09,19,2025-05-09 19:00,198,verified,05_08-14_2025.pdf,2,2025_April15May312025_05_08-14_2025_p02.png
Kamuning,2025-05-09,20,2025-05-09 20:00,126,verified,05_08-14_2025.pdf,2,2025_April15May312025_05_08-14_2025_p02.png
Kamuning,2025-05-09,21,2025-05-09 21:00,118,verified,05_08-14_2025.pdf,2,2025_April15May312025_05_08-14_2025_p02.png
Kamuning,2025-05-09,22,2025-05-09 22:00,145,verified,05_08-14_2025.pdf,2,2025_April15May312025_05_08-14_2025_p02.png
Kamuning,2025-05-09,23,2025-05-09 23:00,69,verified,05_08-14_2025.pdf,2,2025_April15May312025_05_08-14_2025_p02.png
Kamuning,2025-05-09,0,2025-05-10 00:00,33,verified,05_08-14_2025.pdf,2,2025_April15May312025_05_08-14_2025_p02.png
Kamuning,2025-05-09,1,2025-05-10 01:00,27,verified,05_08-14_2025.pdf,2,2025_April15May312025_05_08-14_2025_p02.png
Kamuning,2025-05-09,2,2025-05-10 02:00,61,verified,05_08-14_2025.pdf,2,2025_April15May312025_05_08-14_2025_p02.png
Kamuning,2025-05-09,3,2025-05-10 03:00,78,verified,05_08-14_2025.pdf,2,2025_April15May312025_05_08-14_2025_p02.png
Kamuning,2025-05-09,4,2025-05-10 04:00,45,verified,05_08-14_2025.pdf,2,2025_April15May312025_05_08-14_2025_p02.png
Kamuning,2025-05-09,5,2025-05-10 05:00,85,verified,05_08-14_2025.pdf,2,2025_April15May312025_05_08-14_2025_p02.png
Kamuning,2025-05-10,6,2025-05-10 06:00,133,verified,05_08-14_2025.pdf,2,2025_April15May312025_05_08-14_2025_p02.png
Kamuning,2025-05-10,7,2025-05-10 07:00,119,verified,05_08-14_2025.pdf,2,2025_April15May312025_05_08-14_2025_p02.png
Kamuning,2025-05-10,8,2025-05-10 08:00,94,verified,05_08-14_2025.pdf,2,2025_April15May312025_05_08-14_2025_p02.png
Kamuning,2025-05-10,9,2025-05-10 09:00,68,verified,05_08-14_2025.pdf,2,2025_April15May312025_05_08-14_2025_p02.png
Kamuning,2025-05-10,10,2025-05-10 10:00,66,verified,05_08-14_2025.pdf,2,2025_April15May312025_05_08-14_2025_p02.png
Kamuning,2025-05-10,11,2025-05-10 11:00,72,verified,05_08-14_2025.pdf,2,2025_April15May312025_05_08-14_2025_p02.png
Kamuning,2025-05-10,12,2025-05-10 12:00,68,verified,05_08-14_2025.pdf,2,2025_April15May312025_05_08-14_2025_p02.png
Kamuning,2025-05-10,13,2025-05-10 13:00,73,verified,05_08-14_2025.pdf,2,2025_April15May312025_05_08-14_2025_p02.png
Kamuning,2025-05-10,14,2025-05-10 14:00,103,verified,05_08-14_2025.pdf,2,2025_April15May312025_05_08-14_2025_p02.png
Kamuning,2025-05-10,15,2025-05-10 15:00,136,verified,05_08-14_2025.pdf,2,2025_April15May312025_05_08-14_2025_p02.png
Kamuning,2025-05-10,16,2025-05-10 16:00,239,verified,05_08-14_2025.pdf,2,2025_April15May312025_05_08-14_2025_p02.png
Kamuning,2025-05-10,17,2025-05-10 17:00,312,verified,05_08-14_2025.pdf,2,2025_April15May312025_05_08-14_2025_p02.png
Kamuning,2025-05-10,18,2025-05-10 18:00,168,verified,05_08-14_2025.pdf,2,2025_April15May312025_05_08-14_2025_p02.png
Kamuning,2025-05-10,19,2025-05-10 19:00,160,verified,05_08-14_2025.pdf,2,2025_April15May312025_05_08-14_2025_p02.png
Kamuning,2025-05-10,20,2025-05-10 20:00,106,verified,05_08-14_2025.pdf,2,2025_April15May312025_05_08-14_2025_p02.png
Kamuning,2025-05-10,21,2025-05-10 21:00,93,verified,05_08-14_2025.pdf,2,2025_April15May312025_05_08-14_2025_p02.png
Kamuning,2025-05-10,22,2025-05-10 22:00,148,verified,05_08-14_2025.pdf,2,2025_April15May312025_05_08-14_2025_p02.png
Kamuning,2025-05-10,23,2025-05-10 23:00,88,verified,05_08-14_2025.pdf,2,2025_April15May312025_05_08-14_2025_p02.png
Kamuning,2025-05-10,0,2025-05-11 00:00,38,verified,05_08-14_2025.pdf,2,2025_April15May312025_05_08-14_2025_p02.png
Kamuning,2025-05-10,1,2025-05-11 01:00,31,verified,05_08-14_2025.pdf,2,2025_April15May312025_05_08-14_2025_p02.png
Kamuning,2025-05-10,2,2025-05-11 02:00,28,verified,05_08-14_2025.pdf,2,2025_April15May312025_05_08-14_2025_p02.png
Kamuning,2025-05-10,3,2025-05-11 03:00,32,verified,05_08-14_2025.pdf,2,2025_April15May312025_05_08-14_2025_p02.png
Kamuning,2025-05-10,4,2025-05-11 04:00,48,verified,05_08-14_2025.pdf,2,2025_April15May312025_05_08-14_2025_p02.png
Kamuning,2025-05-10,5,2025-05-11 05:00,78,verified,05_08-14_2025.pdf,2,2025_April15May312025_05_08-14_2025_p02.png
Kamuning,2025-05-11,6,2025-05-11 06:00,110,verified,05_08-14_2025.pdf,3,2025_April15May312025_05_08-14_2025_p03.png
Kamuning,2025-05-11,7,2025-05-11 07:00,98,verified,05_08-14_2025.pdf,3,2025_April15May312025_05_08-14_2025_p03.png
Kamuning,2025-05-11,8,2025-05-11 08:00,74,verified,05_08-14_2025.pdf,3,2025_April15May312025_05_08-14_2025_p03.png
Kamuning,2025-05-11,9,2025-05-11 09:00,68,verified,05_08-14_2025.pdf,3,2025_April15May312025_05_08-14_2025_p03.png
Kamuning,2025-05-11,10,2025-05-11 10:00,86,verified,05_08-14_2025.pdf,3,2025_April15May312025_05_08-14_2025_p03.png
Kamuning,2025-05-11,11,2025-05-11 11:00,77,verified,05_08-14_2025.pdf,3,2025_April15May312025_05_08-14_2025_p03.png
Kamuning,2025-05-11,12,2025-05-11 12:00,54,verified,05_08-14_2025.pdf,3,2025_April15May312025_05_08-14_2025_p03.png
Kamuning,2025-05-11,13,2025-05-11 13:00,66,verified,05_08-14_2025.pdf,3,2025_April15May312025_05_08-14_2025_p03.png
Kamuning,2025-05-11,14,2025-05-11 14:00,54,verified,05_08-14_2025.pdf,3,2025_April15May312025_05_08-14_2025_p03.png
Kamuning,2025-05-11,15,2025-05-11 15:00,67,verified,05_08-14_2025.pdf,3,2025_April15May312025_05_08-14_2025_p03.png
Kamuning,2025-05-11,16,2025-05-11 16:00,148,verified,05_08-14_2025.pdf,3,2025_April15May312025_05_08-14_2025_p03.png
Kamuning,2025-05-11,17,2025-05-11 17:00,137,verified,05_08-14_2025.pdf,3,2025_April15May312025_05_08-14_2025_p03.png
Kamuning,2025-05-11,18,2025-05-11 18:00,119,verified,05_08-14_2025.pdf,3,2025_April15May312025_05_08-14_2025_p03.png
Kamuning,2025-05-11,19,2025-05-11 19:00,86,verified,05_08-14_2025.pdf,3,2025_April15May312025_05_08-14_2025_p03.png
Kamuning,2025-05-11,20,2025-05-11 20:00,63,verified,05_08-14_2025.pdf,3,2025_April15May312025_05_08-14_2025_p03.png
Kamuning,2025-05-11,21,2025-05-11 21:00,82,verified,05_08-14_2025.pdf,3,2025_April15May312025_05_08-14_2025_p03.png
Kamuning,2025-05-11,22,2025-05-11 22:00,218,verified,05_08-14_2025.pdf,3,2025_April15May312025_05_08-14_2025_p03.png
Kamuning,2025-05-11,23,2025-05-11 23:00,110,verified,05_08-14_2025.pdf,3,2025_April15May312025_05_08-14_2025_p03.png
Kamuning,2025-05-11,0,2025-05-12 00:00,98,verified,05_08-14_2025.pdf,3,2025_April15May312025_05_08-14_2025_p03.png
Kamuning,2025-05-11,1,2025-05-12 01:00,75,verified,05_08-14_2025.pdf,3,2025_April15May312025_05_08-14_2025_p03.png
Kamuning,2025-05-11,2,2025-05-12 02:00,58,verified,05_08-14_2025.pdf,3,2025_April15May312025_05_08-14_2025_p03.png
Kamuning,2025-05-11,3,2025-05-12 03:00,85,verified,05_08-14_2025.pdf,3,2025_April15May312025_05_08-14_2025_p03.png
Kamuning,2025-05-11,4,2025-05-12 04:00,97,verified,05_08-14_2025.pdf,3,2025_April15May312025_05_08-14_2025_p03.png
Kamuning,2025-05-11,5,2025-05-12 05:00,107,verified,05_08-14_2025.pdf,3,2025_April15May312025_05_08-14_2025_p03.png
Kamuning,2025-05-12,6,2025-05-12 06:00,85,verified,05_08-14_2025.pdf,3,2025_April15May312025_05_08-14_2025_p03.png
Kamuning,2025-05-12,7,2025-05-12 07:00,76,verified,05_08-14_2025.pdf,3,2025_April15May312025_05_08-14_2025_p03.png
Kamuning,2025-05-12,8,2025-05-12 08:00,72,verified,05_08-14_2025.pdf,3,2025_April15May312025_05_08-14_2025_p03.png
Kamuning,2025-05-12,9,2025-05-12 09:00,68,verified,05_08-14_2025.pdf,3,2025_April15May312025_05_08-14_2025_p03.png
Kamuning,2025-05-12,10,2025-05-12 10:00,58,verified,05_08-14_2025.pdf,3,2025_April15May312025_05_08-14_2025_p03.png
Kamuning,2025-05-12,11,2025-05-12 11:00,89,verified,05_08-14_2025.pdf,3,2025_April15May312025_05_08-14_2025_p03.png
Kamuning,2025-05-12,12,2025-05-12 12:00,94,verified,05_08-14_2025.pdf,3,2025_April15May312025_05_08-14_2025_p03.png
Kamuning,2025-05-12,13,2025-05-12 13:00,88,verified,05_08-14_2025.pdf,3,2025_April15May312025_05_08-14_2025_p03.png
Kamuning,2025-05-12,14,2025-05-12 14:00,97,verified,05_08-14_2025.pdf,3,2025_April15May312025_05_08-14_2025_p03.png
Kamuning,2025-05-12,15,2025-05-12 15:00,101,verified,05_08-14_2025.pdf,3,2025_April15May312025_05_08-14_2025_p03.png
Kamuning,2025-05-12,16,2025-05-12 16:00,111,verified,05_08-14_2025.pdf,3,2025_April15May312025_05_08-14_2025_p03.png
Kamuning,2025-05-12,17,2025-05-12 17:00,105,verified,05_08-14_2025.pdf,3,2025_April15May312025_05_08-14_2025_p03.png
Kamuning,2025-05-12,18,2025-05-12 18:00,89,verified,05_08-14_2025.pdf,3,2025_April15May312025_05_08-14_2025_p03.png
Kamuning,2025-05-12,19,2025-05-12 19:00,61,verified,05_08-14_2025.pdf,3,2025_April15May312025_05_08-14_2025_p03.png
Kamuning,2025-05-12,20,2025-05-12 20:00,68,verified,05_08-14_2025.pdf,3,2025_April15May312025_05_08-14_2025_p03.png
Kamuning,2025-05-12,21,2025-05-12 21:00,125,verified,05_08-14_2025.pdf,3,2025_April15May312025_05_08-14_2025_p03.png
Kamuning,2025-05-12,22,2025-05-12 22:00,208,verified,05_08-14_2025.pdf,3,2025_April15May312025_05_08-14_2025_p03.png
Kamuning,2025-05-12,23,2025-05-12 23:00,136,verified,05_08-14_2025.pdf,3,2025_April15May312025_05_08-14_2025_p03.png
Kamuning,2025-05-12,0,2025-05-13 00:00,98,verified,05_08-14_2025.pdf,3,2025_April15May312025_05_08-14_2025_p03.png
Kamuning,2025-05-12,1,2025-05-13 01:00,76,verified,05_08-14_2025.pdf,3,2025_April15May312025_05_08-14_2025_p03.png
Kamuning,2025-05-12,2,2025-05-13 02:00,128,verified,05_08-14_2025.pdf,3,2025_April15May312025_05_08-14_2025_p03.png
Kamuning,2025-05-12,3,2025-05-13 03:00,164,verified,05_08-14_2025.pdf,3,2025_April15May312025_05_08-14_2025_p03.png
Kamuning,2025-05-12,4,2025-05-13 04:00,186,verified,05_08-14_2025.pdf,3,2025_April15May312025_05_08-14_2025_p03.png
Kamuning,2025-05-12,5,2025-05-13 05:00,188,verified,05_08-14_2025.pdf,3,2025_April15May312025_05_08-14_2025_p03.png
Kamuning,2025-05-13,6,2025-05-13 06:00,289,verified,05_08-14_2025.pdf,4,2025_April15May312025_05_08-14_2025_p04.png
Kamuning,2025-05-13,7,2025-05-13 07:00,254,verified,05_08-14_2025.pdf,4,2025_April15May312025_05_08-14_2025_p04.png
Kamuning,2025-05-13,8,2025-05-13 08:00,196,verified,05_08-14_2025.pdf,4,2025_April15May312025_05_08-14_2025_p04.png
Kamuning,2025-05-13,9,2025-05-13 09:00,174,verified,05_08-14_2025.pdf,4,2025_April15May312025_05_08-14_2025_p04.png
Kamuning,2025-05-13,10,2025-05-13 10:00,132,verified,05_08-14_2025.pdf,4,2025_April15May312025_05_08-14_2025_p04.png
Kamuning,2025-05-13,11,2025-05-13 11:00,115,verified,05_08-14_2025.pdf,4,2025_April15May312025_05_08-14_2025_p04.png
Kamuning,2025-05-13,12,2025-05-13 12:00,124,verified,05_08-14_2025.pdf,4,2025_April15May312025_05_08-14_2025_p04.png
Kamuning,2025-05-13,13,2025-05-13 13:00,103,verified,05_08-14_2025.pdf,4,2025_April15May312025_05_08-14_2025_p04.png
Kamuning,2025-05-13,14,2025-05-13 14:00,125,verified,05_08-14_2025.pdf,4,2025_April15May312025_05_08-14_2025_p04.png
Kamuning,2025-05-13,15,2025-05-13 15:00,184,verified,05_08-14_2025.pdf,4,2025_April15May312025_05_08-14_2025_p04.png
Kamuning,2025-05-13,16,2025-05-13 16:00,249,verified,05_08-14_2025.pdf,4,2025_April15May312025_05_08-14_2025_p04.png
Kamuning,2025-05-13,17,2025-05-13 17:00,513,verified,05_08-14_2025.pdf,4,2025_April15May312025_05_08-14_2025_p04.png
Kamuning,2025-05-13,18,2025-05-13 18:00,363,verified,05_08-14_2025.pdf,4,2025_April15May312025_05_08-14_2025_p04.png
Kamuning,2025-05-13,19,2025-05-13 19:00,409,verified,05_08-14_2025.pdf,4,2025_April15May312025_05_08-14_2025_p04.png
Kamuning,2025-05-13,20,2025-05-13 20:00,375,verified,05_08-14_2025.pdf,4,2025_April15May312025_05_08-14_2025_p04.png
Kamuning,2025-05-13,21,2025-05-13 21:00,327,verified,05_08-14_2025.pdf,4,2025_April15May312025_05_08-14_2025_p04.png
Kamuning,2025-05-13,22,2025-05-13 22:00,110,verified,05_08-14_2025.pdf,4,2025_April15May312025_05_08-14_2025_p04.png
Kamuning,2025-05-13,23,2025-05-13 23:00,98,verified,05_08-14_2025.pdf,4,2025_April15May312025_05_08-14_2025_p04.png
Kamuning,2025-05-13,0,2025-05-14 00:00,51,verified,05_08-14_2025.pdf,4,2025_April15May312025_05_08-14_2025_p04.png
Kamuning,2025-05-13,1,2025-05-14 01:00,35,verified,05_08-14_2025.pdf,4,2025_April15May312025_05_08-14_2025_p04.png
Kamuning,2025-05-13,2,2025-05-14 02:00,38,verified,05_08-14_2025.pdf,4,2025_April15May312025_05_08-14_2025_p04.png
Kamuning,2025-05-13,3,2025-05-14 03:00,45,verified,05_08-14_2025.pdf,4,2025_April15May312025_05_08-14_2025_p04.png
Kamuning,2025-05-13,4,2025-05-14 04:00,56,verified,05_08-14_2025.pdf,4,2025_April15May312025_05_08-14_2025_p04.png
Kamuning,2025-05-13,5,2025-05-14 05:00,136,verified,05_08-14_2025.pdf,4,2025_April15May312025_05_08-14_2025_p04.png
Kamuning,2025-05-14,6,2025-05-14 06:00,225,verified,05_08-14_2025.pdf,4,2025_April15May312025_05_08-14_2025_p04.png
Kamuning,2025-05-14,7,2025-05-14 07:00,235,verified,05_08-14_2025.pdf,4,2025_April15May312025_05_08-14_2025_p04.png
Kamuning,2025-05-14,8,2025-05-14 08:00,158,verified,05_08-14_2025.pdf,4,2025_April15May312025_05_08-14_2025_p04.png
Kamuning,2025-05-14,9,2025-05-14 09:00,187,verified,05_08-14_2025.pdf,4,2025_April15May312025_05_08-14_2025_p04.png
Kamuning,2025-05-14,10,2025-05-14 10:00,121,verified,05_08-14_2025.pdf,4,2025_April15May312025_05_08-14_2025_p04.png
Kamuning,2025-05-14,11,2025-05-14 11:00,89,verified,05_08-14_2025.pdf,4,2025_April15May312025_05_08-14_2025_p04.png
Kamuning,2025-05-14,12,2025-05-14 12:00,79,verified,05_08-14_2025.pdf,4,2025_April15May312025_05_08-14_2025_p04.png
Kamuning,2025-05-14,13,2025-05-14 13:00,81,verified,05_08-14_2025.pdf,4,2025_April15May312025_05_08-14_2025_p04.png
Kamuning,2025-05-14,14,2025-05-14 14:00,91,verified,05_08-14_2025.pdf,4,2025_April15May312025_05_08-14_2025_p04.png
Kamuning,2025-05-14,15,2025-05-14 15:00,126,verified,05_08-14_2025.pdf,4,2025_April15May312025_05_08-14_2025_p04.png
Kamuning,2025-05-14,16,2025-05-14 16:00,233,verified,05_08-14_2025.pdf,4,2025_April15May312025_05_08-14_2025_p04.png
Kamuning,2025-05-14,17,2025-05-14 17:00,450,verified,05_08-14_2025.pdf,4,2025_April15May312025_05_08-14_2025_p04.png
Kamuning,2025-05-14,18,2025-05-14 18:00,331,verified,05_08-14_2025.pdf,4,2025_April15May312025_05_08-14_2025_p04.png
Kamuning,2025-05-14,19,2025-05-14 19:00,243,verified,05_08-14_2025.pdf,4,2025_April15May312025_05_08-14_2025_p04.png
Kamuning,2025-05-14,20,2025-05-14 20:00,138,verified,05_08-14_2025.pdf,4,2025_April15May312025_05_08-14_2025_p04.png
Kamuning,2025-05-14,21,2025-05-14 21:00,105,verified,05_08-14_2025.pdf,4,2025_April15May312025_05_08-14_2025_p04.png
Kamuning,2025-05-14,22,2025-05-14 22:00,101,verified,05_08-14_2025.pdf,4,2025_April15May312025_05_08-14_2025_p04.png
Kamuning,2025-05-14,23,2025-05-14 23:00,97,verified,05_08-14_2025.pdf,4,2025_April15May312025_05_08-14_2025_p04.png
Kamuning,2025-05-14,0,2025-05-15 00:00,48,verified,05_08-14_2025.pdf,4,2025_April15May312025_05_08-14_2025_p04.png
Kamuning,2025-05-14,1,2025-05-15 01:00,35,verified,05_08-14_2025.pdf,4,2025_April15May312025_05_08-14_2025_p04.png
Kamuning,2025-05-14,2,2025-05-15 02:00,48,verified,05_08-14_2025.pdf,4,2025_April15May312025_05_08-14_2025_p04.png
Kamuning,2025-05-14,3,2025-05-15 03:00,31,verified,05_08-14_2025.pdf,4,2025_April15May312025_05_08-14_2025_p04.png
Kamuning,2025-05-14,4,2025-05-15 04:00,61,verified,05_08-14_2025.pdf,4,2025_April15May312025_05_08-14_2025_p04.png
Kamuning,2025-05-14,5,2025-05-15 05:00,108,verified,05_08-14_2025.pdf,4,2025_April15May312025_05_08-14_2025_p04.png
Kamuning,2025-05-15,6,2025-05-15 06:00,201,verified,05_15-21_2025.pdf,1,2025_April15May312025_05_15-21_2025_p01.png
Kamuning,2025-05-15,7,2025-05-15 07:00,222,verified,05_15-21_2025.pdf,1,2025_April15May312025_05_15-21_2025_p01.png
Kamuning,2025-05-15,8,2025-05-15 08:00,147,verified,05_15-21_2025.pdf,1,2025_April15May312025_05_15-21_2025_p01.png
Kamuning,2025-05-15,9,2025-05-15 09:00,136,verified,05_15-21_2025.pdf,1,2025_April15May312025_05_15-21_2025_p01.png
Kamuning,2025-05-15,10,2025-05-15 10:00,115,verified,05_15-21_2025.pdf,1,2025_April15May312025_05_15-21_2025_p01.png
Kamuning,2025-05-15,11,2025-05-15 11:00,95,verified,05_15-21_2025.pdf,1,2025_April15May312025_05_15-21_2025_p01.png
Kamuning,2025-05-15,12,2025-05-15 12:00,87,verified,05_15-21_2025.pdf,1,2025_April15May312025_05_15-21_2025_p01.png
Kamuning,2025-05-15,13,2025-05-15 13:00,80,verified,05_15-21_2025.pdf,1,2025_April15May312025_05_15-21_2025_p01.png
Kamuning,2025-05-15,14,2025-05-15 14:00,86,verified,05_15-21_2025.pdf,1,2025_April15May312025_05_15-21_2025_p01.png
Kamuning,2025-05-15,15,2025-05-15 15:00,123,verified,05_15-21_2025.pdf,1,2025_April15May312025_05_15-21_2025_p01.png
Kamuning,2025-05-15,16,2025-05-15 16:00,231,verified,05_15-21_2025.pdf,1,2025_April15May312025_05_15-21_2025_p01.png
Kamuning,2025-05-15,17,2025-05-15 17:00,381,verified,05_15-21_2025.pdf,1,2025_April15May312025_05_15-21_2025_p01.png
Kamuning,2025-05-15,18,2025-05-15 18:00,248,verified,05_15-21_2025.pdf,1,2025_April15May312025_05_15-21_2025_p01.png
Kamuning,2025-05-15,19,2025-05-15 19:00,218,verified,05_15-21_2025.pdf,1,2025_April15May312025_05_15-21_2025_p01.png
Kamuning,2025-05-15,20,2025-05-15 20:00,131,verified,05_15-21_2025.pdf,1,2025_April15May312025_05_15-21_2025_p01.png
Kamuning,2025-05-15,21,2025-05-15 21:00,91,verified,05_15-21_2025.pdf,1,2025_April15May312025_05_15-21_2025_p01.png
Kamuning,2025-05-15,22,2025-05-15 22:00,96,verified,05_15-21_2025.pdf,1,2025_April15May312025_05_15-21_2025_p01.png
Kamuning,2025-05-15,23,2025-05-15 23:00,39,verified,05_15-21_2025.pdf,1,2025_April15May312025_05_15-21_2025_p01.png
Kamuning,2025-05-15,0,2025-05-16 00:00,45,verified,05_15-21_2025.pdf,1,2025_April15May312025_05_15-21_2025_p01.png
Kamuning,2025-05-15,1,2025-05-16 01:00,16,verified,05_15-21_2025.pdf,1,2025_April15May312025_05_15-21_2025_p01.png
Kamuning,2025-05-15,2,2025-05-16 02:00,51,verified,05_15-21_2025.pdf,1,2025_April15May312025_05_15-21_2025_p01.png
Kamuning,2025-05-15,3,2025-05-16 03:00,63,verified,05_15-21_2025.pdf,1,2025_April15May312025_05_15-21_2025_p01.png
Kamuning,2025-05-15,4,2025-05-16 04:00,96,verified,05_15-21_2025.pdf,1,2025_April15May312025_05_15-21_2025_p01.png
Kamuning,2025-05-15,5,2025-05-16 05:00,183,verified,05_15-21_2025.pdf,1,2025_April15May312025_05_15-21_2025_p01.png
Kamuning,2025-05-16,6,2025-05-16 06:00,198,verified,05_15-21_2025.pdf,2,2025_April15May312025_05_15-21_2025_p02.png
Kamuning,2025-05-16,7,2025-05-16 07:00,164,verified,05_15-21_2025.pdf,2,2025_April15May312025_05_15-21_2025_p02.png
Kamuning,2025-05-16,8,2025-05-16 08:00,133,verified,05_15-21_2025.pdf,2,2025_April15May312025_05_15-21_2025_p02.png
Kamuning,2025-05-16,9,2025-05-16 09:00,98,verified,05_15-21_2025.pdf,2,2025_April15May312025_05_15-21_2025_p02.png
Kamuning,2025-05-16,10,2025-05-16 10:00,86,verified,05_15-21_2025.pdf,2,2025_April15May312025_05_15-21_2025_p02.png
Kamuning,2025-05-16,11,2025-05-16 11:00,78,verified,05_15-21_2025.pdf,2,2025_April15May312025_05_15-21_2025_p02.png
Kamuning,2025-05-16,12,2025-05-16 12:00,85,verified,05_15-21_2025.pdf,2,2025_April15May312025_05_15-21_2025_p02.png
Kamuning,2025-05-16,13,2025-05-16 13:00,93,verified,05_15-21_2025.pdf,2,2025_April15May312025_05_15-21_2025_p02.png
Kamuning,2025-05-16,14,2025-05-16 14:00,114,verified,05_15-21_2025.pdf,2,2025_April15May312025_05_15-21_2025_p02.png
Kamuning,2025-05-16,15,2025-05-16 15:00,126,verified,05_15-21_2025.pdf,2,2025_April15May312025_05_15-21_2025_p02.png
Kamuning,2025-05-16,16,2025-05-16 16:00,317,verified,05_15-21_2025.pdf,2,2025_April15May312025_05_15-21_2025_p02.png
Kamuning,2025-05-16,17,2025-05-16 17:00,370,verified,05_15-21_2025.pdf,2,2025_April15May312025_05_15-21_2025_p02.png
Kamuning,2025-05-16,18,2025-05-16 18:00,281,verified,05_15-21_2025.pdf,2,2025_April15May312025_05_15-21_2025_p02.png
Kamuning,2025-05-16,19,2025-05-16 19:00,183,verified,05_15-21_2025.pdf,2,2025_April15May312025_05_15-21_2025_p02.png
Kamuning,2025-05-16,20,2025-05-16 20:00,151,verified,05_15-21_2025.pdf,2,2025_April15May312025_05_15-21_2025_p02.png
Kamuning,2025-05-16,21,2025-05-16 21:00,101,verified,05_15-21_2025.pdf,2,2025_April15May312025_05_15-21_2025_p02.png
Kamuning,2025-05-16,22,2025-05-16 22:00,121,verified,05_15-21_2025.pdf,2,2025_April15May312025_05_15-21_2025_p02.png
Kamuning,2025-05-16,23,2025-05-16 23:00,112,verified,05_15-21_2025.pdf,2,2025_April15May312025_05_15-21_2025_p02.png
Kamuning,2025-05-16,0,2025-05-17 00:00,46,verified,05_15-21_2025.pdf,2,2025_April15May312025_05_15-21_2025_p02.png
Kamuning,2025-05-16,1,2025-05-17 01:00,32,verified,05_15-21_2025.pdf,2,2025_April15May312025_05_15-21_2025_p02.png
Kamuning,2025-05-16,2,2025-05-17 02:00,58,verified,05_15-21_2025.pdf,2,2025_April15May312025_05_15-21_2025_p02.png
Kamuning,2025-05-16,3,2025-05-17 03:00,61,verified,05_15-21_2025.pdf,2,2025_April15May312025_05_15-21_2025_p02.png
Kamuning,2025-05-16,4,2025-05-17 04:00,77,verified,05_15-21_2025.pdf,2,2025_April15May312025_05_15-21_2025_p02.png
Kamuning,2025-05-16,5,2025-05-17 05:00,169,verified,05_15-21_2025.pdf,2,2025_April15May312025_05_15-21_2025_p02.png
Kamuning,2025-05-17,6,2025-05-17 06:00,146,verified,05_15-21_2025.pdf,2,2025_April15May312025_05_15-21_2025_p02.png
Kamuning,2025-05-17,7,2025-05-17 07:00,131,verified,05_15-21_2025.pdf,2,2025_April15May312025_05_15-21_2025_p02.png
Kamuning,2025-05-17,8,2025-05-17 08:00,92,verified,05_15-21_2025.pdf,2,2025_April15May312025_05_15-21_2025_p02.png
Kamuning,2025-05-17,9,2025-05-17 09:00,88,verified,05_15-21_2025.pdf,2,2025_April15May312025_05_15-21_2025_p02.png
Kamuning,2025-05-17,10,2025-05-17 10:00,72,verified,05_15-21_2025.pdf,2,2025_April15May312025_05_15-21_2025_p02.png
Kamuning,2025-05-17,11,2025-05-17 11:00,64,verified,05_15-21_2025.pdf,2,2025_April15May312025_05_15-21_2025_p02.png
Kamuning,2025-05-17,12,2025-05-17 12:00,68,verified,05_15-21_2025.pdf,2,2025_April15May312025_05_15-21_2025_p02.png
Kamuning,2025-05-17,13,2025-05-17 13:00,59,verified,05_15-21_2025.pdf,2,2025_April15May312025_05_15-21_2025_p02.png
Kamuning,2025-05-17,14,2025-05-17 14:00,91,verified,05_15-21_2025.pdf,2,2025_April15May312025_05_15-21_2025_p02.png
Kamuning,2025-05-17,15,2025-05-17 15:00,82,verified,05_15-21_2025.pdf,2,2025_April15May312025_05_15-21_2025_p02.png
Kamuning,2025-05-17,16,2025-05-17 16:00,207,verified,05_15-21_2025.pdf,2,2025_April15May312025_05_15-21_2025_p02.png
Kamuning,2025-05-17,17,2025-05-17 17:00,153,verified,05_15-21_2025.pdf,2,2025_April15May312025_05_15-21_2025_p02.png
Kamuning,2025-05-17,18,2025-05-17 18:00,123,verified,05_15-21_2025.pdf,2,2025_April15May312025_05_15-21_2025_p02.png
Kamuning,2025-05-17,19,2025-05-17 19:00,104,verified,05_15-21_2025.pdf,2,2025_April15May312025_05_15-21_2025_p02.png
Kamuning,2025-05-17,20,2025-05-17 20:00,93,verified,05_15-21_2025.pdf,2,2025_April15May312025_05_15-21_2025_p02.png
Kamuning,2025-05-17,21,2025-05-17 21:00,88,verified,05_15-21_2025.pdf,2,2025_April15May312025_05_15-21_2025_p02.png
Kamuning,2025-05-17,22,2025-05-17 22:00,183,verified,05_15-21_2025.pdf,2,2025_April15May312025_05_15-21_2025_p02.png
Kamuning,2025-05-17,23,2025-05-17 23:00,98,verified,05_15-21_2025.pdf,2,2025_April15May312025_05_15-21_2025_p02.png
Kamuning,2025-05-17,0,2025-05-18 00:00,61,verified,05_15-21_2025.pdf,2,2025_April15May312025_05_15-21_2025_p02.png
Kamuning,2025-05-17,1,2025-05-18 01:00,33,verified,05_15-21_2025.pdf,2,2025_April15May312025_05_15-21_2025_p02.png
Kamuning,2025-05-17,2,2025-05-18 02:00,45,verified,05_15-21_2025.pdf,2,2025_April15May312025_05_15-21_2025_p02.png
Kamuning,2025-05-17,3,2025-05-18 03:00,27,verified,05_15-21_2025.pdf,2,2025_April15May312025_05_15-21_2025_p02.png
Kamuning,2025-05-17,4,2025-05-18 04:00,66,verified,05_15-21_2025.pdf,2,2025_April15May312025_05_15-21_2025_p02.png
Kamuning,2025-05-17,5,2025-05-18 05:00,106,verified,05_15-21_2025.pdf,2,2025_April15May312025_05_15-21_2025_p02.png
Kamuning,2025-05-18,6,2025-05-18 06:00,96,verified,05_15-21_2025.pdf,3,2025_April15May312025_05_15-21_2025_p03.png
Kamuning,2025-05-18,7,2025-05-18 07:00,70,verified,05_15-21_2025.pdf,3,2025_April15May312025_05_15-21_2025_p03.png
Kamuning,2025-05-18,8,2025-05-18 08:00,68,verified,05_15-21_2025.pdf,3,2025_April15May312025_05_15-21_2025_p03.png
Kamuning,2025-05-18,9,2025-05-18 09:00,64,verified,05_15-21_2025.pdf,3,2025_April15May312025_05_15-21_2025_p03.png
Kamuning,2025-05-18,10,2025-05-18 10:00,77,verified,05_15-21_2025.pdf,3,2025_April15May312025_05_15-21_2025_p03.png
Kamuning,2025-05-18,11,2025-05-18 11:00,80,verified,05_15-21_2025.pdf,3,2025_April15May312025_05_15-21_2025_p03.png
Kamuning,2025-05-18,12,2025-05-18 12:00,71,verified,05_15-21_2025.pdf,3,2025_April15May312025_05_15-21_2025_p03.png
Kamuning,2025-05-18,13,2025-05-18 13:00,78,verified,05_15-21_2025.pdf,3,2025_April15May312025_05_15-21_2025_p03.png
Kamuning,2025-05-18,14,2025-05-18 14:00,48,verified,05_15-21_2025.pdf,3,2025_April15May312025_05_15-21_2025_p03.png
Kamuning,2025-05-18,15,2025-05-18 15:00,69,verified,05_15-21_2025.pdf,3,2025_April15May312025_05_15-21_2025_p03.png
Kamuning,2025-05-18,16,2025-05-18 16:00,128,verified,05_15-21_2025.pdf,3,2025_April15May312025_05_15-21_2025_p03.png
Kamuning,2025-05-18,17,2025-05-18 17:00,93,verified,05_15-21_2025.pdf,3,2025_April15May312025_05_15-21_2025_p03.png
Kamuning,2025-05-18,18,2025-05-18 18:00,74,verified,05_15-21_2025.pdf,3,2025_April15May312025_05_15-21_2025_p03.png
Kamuning,2025-05-18,19,2025-05-18 19:00,76,verified,05_15-21_2025.pdf,3,2025_April15May312025_05_15-21_2025_p03.png
Kamuning,2025-05-18,20,2025-05-18 20:00,81,verified,05_15-21_2025.pdf,3,2025_April15May312025_05_15-21_2025_p03.png
Kamuning,2025-05-18,21,2025-05-18 21:00,59,verified,05_15-21_2025.pdf,3,2025_April15May312025_05_15-21_2025_p03.png
Kamuning,2025-05-18,22,2025-05-18 22:00,107,verified,05_15-21_2025.pdf,3,2025_April15May312025_05_15-21_2025_p03.png
Kamuning,2025-05-18,23,2025-05-18 23:00,112,verified,05_15-21_2025.pdf,3,2025_April15May312025_05_15-21_2025_p03.png
Kamuning,2025-05-18,0,2025-05-19 00:00,91,verified,05_15-21_2025.pdf,3,2025_April15May312025_05_15-21_2025_p03.png
Kamuning,2025-05-18,1,2025-05-19 01:00,74,verified,05_15-21_2025.pdf,3,2025_April15May312025_05_15-21_2025_p03.png
Kamuning,2025-05-18,2,2025-05-19 02:00,80,verified,05_15-21_2025.pdf,3,2025_April15May312025_05_15-21_2025_p03.png
Kamuning,2025-05-18,3,2025-05-19 03:00,96,verified,05_15-21_2025.pdf,3,2025_April15May312025_05_15-21_2025_p03.png
Kamuning,2025-05-18,4,2025-05-19 04:00,185,verified,05_15-21_2025.pdf,3,2025_April15May312025_05_15-21_2025_p03.png
Kamuning,2025-05-18,5,2025-05-19 05:00,107,verified,05_15-21_2025.pdf,3,2025_April15May312025_05_15-21_2025_p03.png
Kamuning,2025-05-19,6,2025-05-19 06:00,307,verified,05_15-21_2025.pdf,3,2025_April15May312025_05_15-21_2025_p03.png
Kamuning,2025-05-19,7,2025-05-19 07:00,260,verified,05_15-21_2025.pdf,3,2025_April15May312025_05_15-21_2025_p03.png
Kamuning,2025-05-19,8,2025-05-19 08:00,219,verified,05_15-21_2025.pdf,3,2025_April15May312025_05_15-21_2025_p03.png
Kamuning,2025-05-19,9,2025-05-19 09:00,162,verified,05_15-21_2025.pdf,3,2025_April15May312025_05_15-21_2025_p03.png
Kamuning,2025-05-19,10,2025-05-19 10:00,143,verified,05_15-21_2025.pdf,3,2025_April15May312025_05_15-21_2025_p03.png
Kamuning,2025-05-19,11,2025-05-19 11:00,127,verified,05_15-21_2025.pdf,3,2025_April15May312025_05_15-21_2025_p03.png
Kamuning,2025-05-19,12,2025-05-19 12:00,167,verified,05_15-21_2025.pdf,3,2025_April15May312025_05_15-21_2025_p03.png
Kamuning,2025-05-19,13,2025-05-19 13:00,152,verified,05_15-21_2025.pdf,3,2025_April15May312025_05_15-21_2025_p03.png
Kamuning,2025-05-19,14,2025-05-19 14:00,109,verified,05_15-21_2025.pdf,3,2025_April15May312025_05_15-21_2025_p03.png
Kamuning,2025-05-19,15,2025-05-19 15:00,91,verified,05_15-21_2025.pdf,3,2025_April15May312025_05_15-21_2025_p03.png
Kamuning,2025-05-19,16,2025-05-19 16:00,263,verified,05_15-21_2025.pdf,3,2025_April15May312025_05_15-21_2025_p03.png
Kamuning,2025-05-19,17,2025-05-19 17:00,284,verified,05_15-21_2025.pdf,3,2025_April15May312025_05_15-21_2025_p03.png
Kamuning,2025-05-19,18,2025-05-19 18:00,303,verified,05_15-21_2025.pdf,3,2025_April15May312025_05_15-21_2025_p03.png
Kamuning,2025-05-19,19,2025-05-19 19:00,181,verified,05_15-21_2025.pdf,3,2025_April15May312025_05_15-21_2025_p03.png
Kamuning,2025-05-19,20,2025-05-19 20:00,156,verified,05_15-21_2025.pdf,3,2025_April15May312025_05_15-21_2025_p03.png
Kamuning,2025-05-19,21,2025-05-19 21:00,103,verified,05_15-21_2025.pdf,3,2025_April15May312025_05_15-21_2025_p03.png
Kamuning,2025-05-19,22,2025-05-19 22:00,136,verified,05_15-21_2025.pdf,3,2025_April15May312025_05_15-21_2025_p03.png
Kamuning,2025-05-19,23,2025-05-19 23:00,81,verified,05_15-21_2025.pdf,3,2025_April15May312025_05_15-21_2025_p03.png
Kamuning,2025-05-19,0,2025-05-20 00:00,15,verified,05_15-21_2025.pdf,3,2025_April15May312025_05_15-21_2025_p03.png
Kamuning,2025-05-19,1,2025-05-20 01:00,16,verified,05_15-21_2025.pdf,3,2025_April15May312025_05_15-21_2025_p03.png
Kamuning,2025-05-19,2,2025-05-20 02:00,12,verified,05_15-21_2025.pdf,3,2025_April15May312025_05_15-21_2025_p03.png
Kamuning,2025-05-19,3,2025-05-20 03:00,35,verified,05_15-21_2025.pdf,3,2025_April15May312025_05_15-21_2025_p03.png
Kamuning,2025-05-19,4,2025-05-20 04:00,116,verified,05_15-21_2025.pdf,3,2025_April15May312025_05_15-21_2025_p03.png
Kamuning,2025-05-19,5,2025-05-20 05:00,155,verified,05_15-21_2025.pdf,3,2025_April15May312025_05_15-21_2025_p03.png
Kamuning,2025-05-20,6,2025-05-20 06:00,186,mismatch,05_15-21_2025.pdf,4,2025_April15May312025_05_15-21_2025_p04.png
Kamuning,2025-05-20,7,2025-05-20 07:00,175,mismatch,05_15-21_2025.pdf,4,2025_April15May312025_05_15-21_2025_p04.png
Kamuning,2025-05-20,8,2025-05-20 08:00,149,mismatch,05_15-21_2025.pdf,4,2025_April15May312025_05_15-21_2025_p04.png
Kamuning,2025-05-20,9,2025-05-20 09:00,106,mismatch,05_15-21_2025.pdf,4,2025_April15May312025_05_15-21_2025_p04.png
Kamuning,2025-05-20,10,2025-05-20 10:00,89,mismatch,05_15-21_2025.pdf,4,2025_April15May312025_05_15-21_2025_p04.png
Kamuning,2025-05-20,11,2025-05-20 11:00,78,mismatch,05_15-21_2025.pdf,4,2025_April15May312025_05_15-21_2025_p04.png
Kamuning,2025-05-20,12,2025-05-20 12:00,85,mismatch,05_15-21_2025.pdf,4,2025_April15May312025_05_15-21_2025_p04.png
Kamuning,2025-05-20,13,2025-05-20 13:00,98,mismatch,05_15-21_2025.pdf,4,2025_April15May312025_05_15-21_2025_p04.png
Kamuning,2025-05-20,14,2025-05-20 14:00,146,mismatch,05_15-21_2025.pdf,4,2025_April15May312025_05_15-21_2025_p04.png
Kamuning,2025-05-20,15,2025-05-20 15:00,217,mismatch,05_15-21_2025.pdf,4,2025_April15May312025_05_15-21_2025_p04.png
Kamuning,2025-05-20,16,2025-05-20 16:00,273,mismatch,05_15-21_2025.pdf,4,2025_April15May312025_05_15-21_2025_p04.png
Kamuning,2025-05-20,17,2025-05-20 17:00,430,mismatch,05_15-21_2025.pdf,4,2025_April15May312025_05_15-21_2025_p04.png
Kamuning,2025-05-20,18,2025-05-20 18:00,366,mismatch,05_15-21_2025.pdf,4,2025_April15May312025_05_15-21_2025_p04.png
Kamuning,2025-05-20,19,2025-05-20 19:00,269,mismatch,05_15-21_2025.pdf,4,2025_April15May312025_05_15-21_2025_p04.png
Kamuning,2025-05-20,20,2025-05-20 20:00,189,mismatch,05_15-21_2025.pdf,4,2025_April15May312025_05_15-21_2025_p04.png
Kamuning,2025-05-20,21,2025-05-20 21:00,143,mismatch,05_15-21_2025.pdf,4,2025_April15May312025_05_15-21_2025_p04.png
Kamuning,2025-05-20,22,2025-05-20 22:00,162,mismatch,05_15-21_2025.pdf,4,2025_April15May312025_05_15-21_2025_p04.png
Kamuning,2025-05-20,23,2025-05-20 23:00,91,mismatch,05_15-21_2025.pdf,4,2025_April15May312025_05_15-21_2025_p04.png
Kamuning,2025-05-20,0,2025-05-21 00:00,53,mismatch,05_15-21_2025.pdf,4,2025_April15May312025_05_15-21_2025_p04.png
Kamuning,2025-05-20,1,2025-05-21 01:00,30,mismatch,05_15-21_2025.pdf,4,2025_April15May312025_05_15-21_2025_p04.png
Kamuning,2025-05-20,2,2025-05-21 02:00,25,mismatch,05_15-21_2025.pdf,4,2025_April15May312025_05_15-21_2025_p04.png
Kamuning,2025-05-20,3,2025-05-21 03:00,18,mismatch,05_15-21_2025.pdf,4,2025_April15May312025_05_15-21_2025_p04.png
Kamuning,2025-05-20,4,2025-05-21 04:00,126,mismatch,05_15-21_2025.pdf,4,2025_April15May312025_05_15-21_2025_p04.png
Kamuning,2025-05-20,5,2025-05-21 05:00,108,mismatch,05_15-21_2025.pdf,4,2025_April15May312025_05_15-21_2025_p04.png
Kamuning,2025-05-21,6,2025-05-21 06:00,228,verified,05_15-21_2025.pdf,4,2025_April15May312025_05_15-21_2025_p04.png
Kamuning,2025-05-21,7,2025-05-21 07:00,205,verified,05_15-21_2025.pdf,4,2025_April15May312025_05_15-21_2025_p04.png
Kamuning,2025-05-21,8,2025-05-21 08:00,186,verified,05_15-21_2025.pdf,4,2025_April15May312025_05_15-21_2025_p04.png
Kamuning,2025-05-21,9,2025-05-21 09:00,154,verified,05_15-21_2025.pdf,4,2025_April15May312025_05_15-21_2025_p04.png
Kamuning,2025-05-21,10,2025-05-21 10:00,137,verified,05_15-21_2025.pdf,4,2025_April15May312025_05_15-21_2025_p04.png
Kamuning,2025-05-21,11,2025-05-21 11:00,132,verified,05_15-21_2025.pdf,4,2025_April15May312025_05_15-21_2025_p04.png
Kamuning,2025-05-21,12,2025-05-21 12:00,115,verified,05_15-21_2025.pdf,4,2025_April15May312025_05_15-21_2025_p04.png
Kamuning,2025-05-21,13,2025-05-21 13:00,103,verified,05_15-21_2025.pdf,4,2025_April15May312025_05_15-21_2025_p04.png
Kamuning,2025-05-21,14,2025-05-21 14:00,108,verified,05_15-21_2025.pdf,4,2025_April15May312025_05_15-21_2025_p04.png
Kamuning,2025-05-21,15,2025-05-21 15:00,175,verified,05_15-21_2025.pdf,4,2025_April15May312025_05_15-21_2025_p04.png
Kamuning,2025-05-21,16,2025-05-21 16:00,306,verified,05_15-21_2025.pdf,4,2025_April15May312025_05_15-21_2025_p04.png
Kamuning,2025-05-21,17,2025-05-21 17:00,387,verified,05_15-21_2025.pdf,4,2025_April15May312025_05_15-21_2025_p04.png
Kamuning,2025-05-21,18,2025-05-21 18:00,349,verified,05_15-21_2025.pdf,4,2025_April15May312025_05_15-21_2025_p04.png
Kamuning,2025-05-21,19,2025-05-21 19:00,261,verified,05_15-21_2025.pdf,4,2025_April15May312025_05_15-21_2025_p04.png
Kamuning,2025-05-21,20,2025-05-21 20:00,171,verified,05_15-21_2025.pdf,4,2025_April15May312025_05_15-21_2025_p04.png
Kamuning,2025-05-21,21,2025-05-21 21:00,150,verified,05_15-21_2025.pdf,4,2025_April15May312025_05_15-21_2025_p04.png
Kamuning,2025-05-21,22,2025-05-21 22:00,218,verified,05_15-21_2025.pdf,4,2025_April15May312025_05_15-21_2025_p04.png
Kamuning,2025-05-21,23,2025-05-21 23:00,183,verified,05_15-21_2025.pdf,4,2025_April15May312025_05_15-21_2025_p04.png
Kamuning,2025-05-21,0,2025-05-22 00:00,82,verified,05_15-21_2025.pdf,4,2025_April15May312025_05_15-21_2025_p04.png
Kamuning,2025-05-21,1,2025-05-22 01:00,14,verified,05_15-21_2025.pdf,4,2025_April15May312025_05_15-21_2025_p04.png
Kamuning,2025-05-21,2,2025-05-22 02:00,10,verified,05_15-21_2025.pdf,4,2025_April15May312025_05_15-21_2025_p04.png
Kamuning,2025-05-21,3,2025-05-22 03:00,16,verified,05_15-21_2025.pdf,4,2025_April15May312025_05_15-21_2025_p04.png
Kamuning,2025-05-21,4,2025-05-22 04:00,87,verified,05_15-21_2025.pdf,4,2025_April15May312025_05_15-21_2025_p04.png
Kamuning,2025-05-21,5,2025-05-22 05:00,65,verified,05_15-21_2025.pdf,4,2025_April15May312025_05_15-21_2025_p04.png
Kamuning,2025-05-22,6,2025-05-22 06:00,198,verified,05_22-31_2025.pdf,1,2025_April15May312025_05_22-31_2025_p01.png
Kamuning,2025-05-22,7,2025-05-22 07:00,187,verified,05_22-31_2025.pdf,1,2025_April15May312025_05_22-31_2025_p01.png
Kamuning,2025-05-22,8,2025-05-22 08:00,74,verified,05_22-31_2025.pdf,1,2025_April15May312025_05_22-31_2025_p01.png
Kamuning,2025-05-22,9,2025-05-22 09:00,76,verified,05_22-31_2025.pdf,1,2025_April15May312025_05_22-31_2025_p01.png
Kamuning,2025-05-22,10,2025-05-22 10:00,64,verified,05_22-31_2025.pdf,1,2025_April15May312025_05_22-31_2025_p01.png
Kamuning,2025-05-22,11,2025-05-22 11:00,89,verified,05_22-31_2025.pdf,1,2025_April15May312025_05_22-31_2025_p01.png
Kamuning,2025-05-22,12,2025-05-22 12:00,72,verified,05_22-31_2025.pdf,1,2025_April15May312025_05_22-31_2025_p01.png
Kamuning,2025-05-22,13,2025-05-22 13:00,94,verified,05_22-31_2025.pdf,1,2025_April15May312025_05_22-31_2025_p01.png
Kamuning,2025-05-22,14,2025-05-22 14:00,167,verified,05_22-31_2025.pdf,1,2025_April15May312025_05_22-31_2025_p01.png
Kamuning,2025-05-22,15,2025-05-22 15:00,190,verified,05_22-31_2025.pdf,1,2025_April15May312025_05_22-31_2025_p01.png
Kamuning,2025-05-22,16,2025-05-22 16:00,332,verified,05_22-31_2025.pdf,1,2025_April15May312025_05_22-31_2025_p01.png
Kamuning,2025-05-22,17,2025-05-22 17:00,480,verified,05_22-31_2025.pdf,1,2025_April15May312025_05_22-31_2025_p01.png
Kamuning,2025-05-22,18,2025-05-22 18:00,250,verified,05_22-31_2025.pdf,1,2025_April15May312025_05_22-31_2025_p01.png
Kamuning,2025-05-22,19,2025-05-22 19:00,145,verified,05_22-31_2025.pdf,1,2025_April15May312025_05_22-31_2025_p01.png
Kamuning,2025-05-22,20,2025-05-22 20:00,101,verified,05_22-31_2025.pdf,1,2025_April15May312025_05_22-31_2025_p01.png
Kamuning,2025-05-22,21,2025-05-22 21:00,126,verified,05_22-31_2025.pdf,1,2025_April15May312025_05_22-31_2025_p01.png
Kamuning,2025-05-22,22,2025-05-22 22:00,144,verified,05_22-31_2025.pdf,1,2025_April15May312025_05_22-31_2025_p01.png
Kamuning,2025-05-22,23,2025-05-22 23:00,65,verified,05_22-31_2025.pdf,1,2025_April15May312025_05_22-31_2025_p01.png
Kamuning,2025-05-22,0,2025-05-23 00:00,43,verified,05_22-31_2025.pdf,1,2025_April15May312025_05_22-31_2025_p01.png
Kamuning,2025-05-22,1,2025-05-23 01:00,10,verified,05_22-31_2025.pdf,1,2025_April15May312025_05_22-31_2025_p01.png
Kamuning,2025-05-22,2,2025-05-23 02:00,19,verified,05_22-31_2025.pdf,1,2025_April15May312025_05_22-31_2025_p01.png
Kamuning,2025-05-22,3,2025-05-23 03:00,40,verified,05_22-31_2025.pdf,1,2025_April15May312025_05_22-31_2025_p01.png
Kamuning,2025-05-22,4,2025-05-23 04:00,83,verified,05_22-31_2025.pdf,1,2025_April15May312025_05_22-31_2025_p01.png
Kamuning,2025-05-22,5,2025-05-23 05:00,64,verified,05_22-31_2025.pdf,1,2025_April15May312025_05_22-31_2025_p01.png
Kamuning,2025-05-23,6,2025-05-23 06:00,171,verified,05_22-31_2025.pdf,2,2025_April15May312025_05_22-31_2025_p02.png
Kamuning,2025-05-23,7,2025-05-23 07:00,129,verified,05_22-31_2025.pdf,2,2025_April15May312025_05_22-31_2025_p02.png
Kamuning,2025-05-23,8,2025-05-23 08:00,84,verified,05_22-31_2025.pdf,2,2025_April15May312025_05_22-31_2025_p02.png
Kamuning,2025-05-23,9,2025-05-23 09:00,91,verified,05_22-31_2025.pdf,2,2025_April15May312025_05_22-31_2025_p02.png
Kamuning,2025-05-23,10,2025-05-23 10:00,80,verified,05_22-31_2025.pdf,2,2025_April15May312025_05_22-31_2025_p02.png
Kamuning,2025-05-23,11,2025-05-23 11:00,101,verified,05_22-31_2025.pdf,2,2025_April15May312025_05_22-31_2025_p02.png
Kamuning,2025-05-23,12,2025-05-23 12:00,87,verified,05_22-31_2025.pdf,2,2025_April15May312025_05_22-31_2025_p02.png
Kamuning,2025-05-23,13,2025-05-23 13:00,80,verified,05_22-31_2025.pdf,2,2025_April15May312025_05_22-31_2025_p02.png
Kamuning,2025-05-23,14,2025-05-23 14:00,96,verified,05_22-31_2025.pdf,2,2025_April15May312025_05_22-31_2025_p02.png
Kamuning,2025-05-23,15,2025-05-23 15:00,226,verified,05_22-31_2025.pdf,2,2025_April15May312025_05_22-31_2025_p02.png
Kamuning,2025-05-23,16,2025-05-23 16:00,290,verified,05_22-31_2025.pdf,2,2025_April15May312025_05_22-31_2025_p02.png
Kamuning,2025-05-23,17,2025-05-23 17:00,256,verified,05_22-31_2025.pdf,2,2025_April15May312025_05_22-31_2025_p02.png
Kamuning,2025-05-23,18,2025-05-23 18:00,251,verified,05_22-31_2025.pdf,2,2025_April15May312025_05_22-31_2025_p02.png
Kamuning,2025-05-23,19,2025-05-23 19:00,136,verified,05_22-31_2025.pdf,2,2025_April15May312025_05_22-31_2025_p02.png
Kamuning,2025-05-23,20,2025-05-23 20:00,89,verified,05_22-31_2025.pdf,2,2025_April15May312025_05_22-31_2025_p02.png
Kamuning,2025-05-23,21,2025-05-23 21:00,120,verified,05_22-31_2025.pdf,2,2025_April15May312025_05_22-31_2025_p02.png
Kamuning,2025-05-23,22,2025-05-23 22:00,193,verified,05_22-31_2025.pdf,2,2025_April15May312025_05_22-31_2025_p02.png
Kamuning,2025-05-23,23,2025-05-23 23:00,93,verified,05_22-31_2025.pdf,2,2025_April15May312025_05_22-31_2025_p02.png
Kamuning,2025-05-23,0,2025-05-24 00:00,36,verified,05_22-31_2025.pdf,2,2025_April15May312025_05_22-31_2025_p02.png
Kamuning,2025-05-23,1,2025-05-24 01:00,25,verified,05_22-31_2025.pdf,2,2025_April15May312025_05_22-31_2025_p02.png
Kamuning,2025-05-23,2,2025-05-24 02:00,16,verified,05_22-31_2025.pdf,2,2025_April15May312025_05_22-31_2025_p02.png
Kamuning,2025-05-23,3,2025-05-24 03:00,20,verified,05_22-31_2025.pdf,2,2025_April15May312025_05_22-31_2025_p02.png
Kamuning,2025-05-23,4,2025-05-24 04:00,76,verified,05_22-31_2025.pdf,2,2025_April15May312025_05_22-31_2025_p02.png
Kamuning,2025-05-23,5,2025-05-24 05:00,88,verified,05_22-31_2025.pdf,2,2025_April15May312025_05_22-31_2025_p02.png
Kamuning,2025-05-24,6,2025-05-24 06:00,136,verified,05_22-31_2025.pdf,2,2025_April15May312025_05_22-31_2025_p02.png
Kamuning,2025-05-24,7,2025-05-24 07:00,105,verified,05_22-31_2025.pdf,2,2025_April15May312025_05_22-31_2025_p02.png
Kamuning,2025-05-24,8,2025-05-24 08:00,90,verified,05_22-31_2025.pdf,2,2025_April15May312025_05_22-31_2025_p02.png
Kamuning,2025-05-24,9,2025-05-24 09:00,65,verified,05_22-31_2025.pdf,2,2025_April15May312025_05_22-31_2025_p02.png
Kamuning,2025-05-24,10,2025-05-24 10:00,67,verified,05_22-31_2025.pdf,2,2025_April15May312025_05_22-31_2025_p02.png
Kamuning,2025-05-24,11,2025-05-24 11:00,56,verified,05_22-31_2025.pdf,2,2025_April15May312025_05_22-31_2025_p02.png
Kamuning,2025-05-24,12,2025-05-24 12:00,71,verified,05_22-31_2025.pdf,2,2025_April15May312025_05_22-31_2025_p02.png
Kamuning,2025-05-24,13,2025-05-24 13:00,78,verified,05_22-31_2025.pdf,2,2025_April15May312025_05_22-31_2025_p02.png
Kamuning,2025-05-24,14,2025-05-24 14:00,91,verified,05_22-31_2025.pdf,2,2025_April15May312025_05_22-31_2025_p02.png
Kamuning,2025-05-24,15,2025-05-24 15:00,86,verified,05_22-31_2025.pdf,2,2025_April15May312025_05_22-31_2025_p02.png
Kamuning,2025-05-24,16,2025-05-24 16:00,126,verified,05_22-31_2025.pdf,2,2025_April15May312025_05_22-31_2025_p02.png
Kamuning,2025-05-24,17,2025-05-24 17:00,133,verified,05_22-31_2025.pdf,2,2025_April15May312025_05_22-31_2025_p02.png
Kamuning,2025-05-24,18,2025-05-24 18:00,106,verified,05_22-31_2025.pdf,2,2025_April15May312025_05_22-31_2025_p02.png
Kamuning,2025-05-24,19,2025-05-24 19:00,88,verified,05_22-31_2025.pdf,2,2025_April15May312025_05_22-31_2025_p02.png
Kamuning,2025-05-24,20,2025-05-24 20:00,91,verified,05_22-31_2025.pdf,2,2025_April15May312025_05_22-31_2025_p02.png
Kamuning,2025-05-24,21,2025-05-24 21:00,110,verified,05_22-31_2025.pdf,2,2025_April15May312025_05_22-31_2025_p02.png
Kamuning,2025-05-24,22,2025-05-24 22:00,167,verified,05_22-31_2025.pdf,2,2025_April15May312025_05_22-31_2025_p02.png
Kamuning,2025-05-24,23,2025-05-24 23:00,69,verified,05_22-31_2025.pdf,2,2025_April15May312025_05_22-31_2025_p02.png
Kamuning,2025-05-24,0,2025-05-25 00:00,45,verified,05_22-31_2025.pdf,2,2025_April15May312025_05_22-31_2025_p02.png
Kamuning,2025-05-24,1,2025-05-25 01:00,27,verified,05_22-31_2025.pdf,2,2025_April15May312025_05_22-31_2025_p02.png
Kamuning,2025-05-24,2,2025-05-25 02:00,58,verified,05_22-31_2025.pdf,2,2025_April15May312025_05_22-31_2025_p02.png
Kamuning,2025-05-24,3,2025-05-25 03:00,44,verified,05_22-31_2025.pdf,2,2025_April15May312025_05_22-31_2025_p02.png
Kamuning,2025-05-24,4,2025-05-25 04:00,68,verified,05_22-31_2025.pdf,2,2025_April15May312025_05_22-31_2025_p02.png
Kamuning,2025-05-24,5,2025-05-25 05:00,84,verified,05_22-31_2025.pdf,2,2025_April15May312025_05_22-31_2025_p02.png
Kamuning,2025-05-25,6,2025-05-25 06:00,97,verified,05_22-31_2025.pdf,3,2025_April15May312025_05_22-31_2025_p03.png
Kamuning,2025-05-25,7,2025-05-25 07:00,63,verified,05_22-31_2025.pdf,3,2025_April15May312025_05_22-31_2025_p03.png
Kamuning,2025-05-25,8,2025-05-25 08:00,50,verified,05_22-31_2025.pdf,3,2025_April15May312025_05_22-31_2025_p03.png
Kamuning,2025-05-25,9,2025-05-25 09:00,100,verified,05_22-31_2025.pdf,3,2025_April15May312025_05_22-31_2025_p03.png
Kamuning,2025-05-25,10,2025-05-25 10:00,79,verified,05_22-31_2025.pdf,3,2025_April15May312025_05_22-31_2025_p03.png
Kamuning,2025-05-25,11,2025-05-25 11:00,51,verified,05_22-31_2025.pdf,3,2025_April15May312025_05_22-31_2025_p03.png
Kamuning,2025-05-25,12,2025-05-25 12:00,149,verified,05_22-31_2025.pdf,3,2025_April15May312025_05_22-31_2025_p03.png
Kamuning,2025-05-25,13,2025-05-25 13:00,103,verified,05_22-31_2025.pdf,3,2025_April15May312025_05_22-31_2025_p03.png
Kamuning,2025-05-25,14,2025-05-25 14:00,112,verified,05_22-31_2025.pdf,3,2025_April15May312025_05_22-31_2025_p03.png
Kamuning,2025-05-25,15,2025-05-25 15:00,89,verified,05_22-31_2025.pdf,3,2025_April15May312025_05_22-31_2025_p03.png
Kamuning,2025-05-25,16,2025-05-25 16:00,196,verified,05_22-31_2025.pdf,3,2025_April15May312025_05_22-31_2025_p03.png
Kamuning,2025-05-25,17,2025-05-25 17:00,139,verified,05_22-31_2025.pdf,3,2025_April15May312025_05_22-31_2025_p03.png
Kamuning,2025-05-25,18,2025-05-25 18:00,93,verified,05_22-31_2025.pdf,3,2025_April15May312025_05_22-31_2025_p03.png
Kamuning,2025-05-25,19,2025-05-25 19:00,101,verified,05_22-31_2025.pdf,3,2025_April15May312025_05_22-31_2025_p03.png
Kamuning,2025-05-25,20,2025-05-25 20:00,96,verified,05_22-31_2025.pdf,3,2025_April15May312025_05_22-31_2025_p03.png
Kamuning,2025-05-25,21,2025-05-25 21:00,113,verified,05_22-31_2025.pdf,3,2025_April15May312025_05_22-31_2025_p03.png
Kamuning,2025-05-25,22,2025-05-25 22:00,196,verified,05_22-31_2025.pdf,3,2025_April15May312025_05_22-31_2025_p03.png
Kamuning,2025-05-25,23,2025-05-25 23:00,69,verified,05_22-31_2025.pdf,3,2025_April15May312025_05_22-31_2025_p03.png
Kamuning,2025-05-25,0,2025-05-26 00:00,55,verified,05_22-31_2025.pdf,3,2025_April15May312025_05_22-31_2025_p03.png
Kamuning,2025-05-25,1,2025-05-26 01:00,27,verified,05_22-31_2025.pdf,3,2025_April15May312025_05_22-31_2025_p03.png
Kamuning,2025-05-25,2,2025-05-26 02:00,71,verified,05_22-31_2025.pdf,3,2025_April15May312025_05_22-31_2025_p03.png
Kamuning,2025-05-25,3,2025-05-26 03:00,230,verified,05_22-31_2025.pdf,3,2025_April15May312025_05_22-31_2025_p03.png
Kamuning,2025-05-25,4,2025-05-26 04:00,311,verified,05_22-31_2025.pdf,3,2025_April15May312025_05_22-31_2025_p03.png
Kamuning,2025-05-25,5,2025-05-26 05:00,301,verified,05_22-31_2025.pdf,3,2025_April15May312025_05_22-31_2025_p03.png
Kamuning,2025-05-26,6,2025-05-26 06:00,246,mismatch,05_22-31_2025.pdf,3,2025_April15May312025_05_22-31_2025_p03.png
Kamuning,2025-05-26,7,2025-05-26 07:00,202,mismatch,05_22-31_2025.pdf,3,2025_April15May312025_05_22-31_2025_p03.png
Kamuning,2025-05-26,8,2025-05-26 08:00,106,mismatch,05_22-31_2025.pdf,3,2025_April15May312025_05_22-31_2025_p03.png
Kamuning,2025-05-26,9,2025-05-26 09:00,98,mismatch,05_22-31_2025.pdf,3,2025_April15May312025_05_22-31_2025_p03.png
Kamuning,2025-05-26,10,2025-05-26 10:00,114,mismatch,05_22-31_2025.pdf,3,2025_April15May312025_05_22-31_2025_p03.png
Kamuning,2025-05-26,11,2025-05-26 11:00,106,mismatch,05_22-31_2025.pdf,3,2025_April15May312025_05_22-31_2025_p03.png
Kamuning,2025-05-26,12,2025-05-26 12:00,109,mismatch,05_22-31_2025.pdf,3,2025_April15May312025_05_22-31_2025_p03.png
Kamuning,2025-05-26,13,2025-05-26 13:00,93,mismatch,05_22-31_2025.pdf,3,2025_April15May312025_05_22-31_2025_p03.png
Kamuning,2025-05-26,14,2025-05-26 14:00,160,mismatch,05_22-31_2025.pdf,3,2025_April15May312025_05_22-31_2025_p03.png
Kamuning,2025-05-26,15,2025-05-26 15:00,119,mismatch,05_22-31_2025.pdf,3,2025_April15May312025_05_22-31_2025_p03.png
Kamuning,2025-05-26,16,2025-05-26 16:00,322,mismatch,05_22-31_2025.pdf,3,2025_April15May312025_05_22-31_2025_p03.png
Kamuning,2025-05-26,17,2025-05-26 17:00,346,mismatch,05_22-31_2025.pdf,3,2025_April15May312025_05_22-31_2025_p03.png
Kamuning,2025-05-26,18,2025-05-26 18:00,243,mismatch,05_22-31_2025.pdf,3,2025_April15May312025_05_22-31_2025_p03.png
Kamuning,2025-05-26,19,2025-05-26 19:00,163,mismatch,05_22-31_2025.pdf,3,2025_April15May312025_05_22-31_2025_p03.png
Kamuning,2025-05-26,20,2025-05-26 20:00,186,mismatch,05_22-31_2025.pdf,3,2025_April15May312025_05_22-31_2025_p03.png
Kamuning,2025-05-26,21,2025-05-26 21:00,129,mismatch,05_22-31_2025.pdf,3,2025_April15May312025_05_22-31_2025_p03.png
Kamuning,2025-05-26,22,2025-05-26 22:00,171,mismatch,05_22-31_2025.pdf,3,2025_April15May312025_05_22-31_2025_p03.png
Kamuning,2025-05-26,23,2025-05-26 23:00,96,mismatch,05_22-31_2025.pdf,3,2025_April15May312025_05_22-31_2025_p03.png
Kamuning,2025-05-26,0,2025-05-27 00:00,101,mismatch,05_22-31_2025.pdf,3,2025_April15May312025_05_22-31_2025_p03.png
Kamuning,2025-05-26,1,2025-05-27 01:00,48,mismatch,05_22-31_2025.pdf,3,2025_April15May312025_05_22-31_2025_p03.png
Kamuning,2025-05-26,2,2025-05-27 02:00,69,mismatch,05_22-31_2025.pdf,3,2025_April15May312025_05_22-31_2025_p03.png
Kamuning,2025-05-26,3,2025-05-27 03:00,129,mismatch,05_22-31_2025.pdf,3,2025_April15May312025_05_22-31_2025_p03.png
Kamuning,2025-05-26,4,2025-05-27 04:00,88,mismatch,05_22-31_2025.pdf,3,2025_April15May312025_05_22-31_2025_p03.png
Kamuning,2025-05-26,5,2025-05-27 05:00,94,mismatch,05_22-31_2025.pdf,3,2025_April15May312025_05_22-31_2025_p03.png
Kamuning,2025-05-27,6,2025-05-27 06:00,257,mismatch,05_22-31_2025.pdf,4,2025_April15May312025_05_22-31_2025_p04.png
Kamuning,2025-05-27,7,2025-05-27 07:00,239,mismatch,05_22-31_2025.pdf,4,2025_April15May312025_05_22-31_2025_p04.png
Kamuning,2025-05-27,8,2025-05-27 08:00,102,mismatch,05_22-31_2025.pdf,4,2025_April15May312025_05_22-31_2025_p04.png
Kamuning,2025-05-27,9,2025-05-27 09:00,108,mismatch,05_22-31_2025.pdf,4,2025_April15May312025_05_22-31_2025_p04.png
Kamuning,2025-05-27,10,2025-05-27 10:00,113,mismatch,05_22-31_2025.pdf,4,2025_April15May312025_05_22-31_2025_p04.png
Kamuning,2025-05-27,11,2025-05-27 11:00,115,mismatch,05_22-31_2025.pdf,4,2025_April15May312025_05_22-31_2025_p04.png
Kamuning,2025-05-27,12,2025-05-27 12:00,152,mismatch,05_22-31_2025.pdf,4,2025_April15May312025_05_22-31_2025_p04.png
Kamuning,2025-05-27,13,2025-05-27 13:00,146,mismatch,05_22-31_2025.pdf,4,2025_April15May312025_05_22-31_2025_p04.png
Kamuning,2025-05-27,14,2025-05-27 14:00,136,mismatch,05_22-31_2025.pdf,4,2025_April15May312025_05_22-31_2025_p04.png
Kamuning,2025-05-27,15,2025-05-27 15:00,121,mismatch,05_22-31_2025.pdf,4,2025_April15May312025_05_22-31_2025_p04.png
Kamuning,2025-05-27,16,2025-05-27 16:00,246,mismatch,05_22-31_2025.pdf,4,2025_April15May312025_05_22-31_2025_p04.png
Kamuning,2025-05-27,17,2025-05-27 17:00,263,mismatch,05_22-31_2025.pdf,4,2025_April15May312025_05_22-31_2025_p04.png
Kamuning,2025-05-27,18,2025-05-27 18:00,373,mismatch,05_22-31_2025.pdf,4,2025_April15May312025_05_22-31_2025_p04.png
Kamuning,2025-05-27,19,2025-05-27 19:00,268,mismatch,05_22-31_2025.pdf,4,2025_April15May312025_05_22-31_2025_p04.png
Kamuning,2025-05-27,20,2025-05-27 20:00,133,mismatch,05_22-31_2025.pdf,4,2025_April15May312025_05_22-31_2025_p04.png
Kamuning,2025-05-27,21,2025-05-27 21:00,93,mismatch,05_22-31_2025.pdf,4,2025_April15May312025_05_22-31_2025_p04.png
Kamuning,2025-05-27,22,2025-05-27 22:00,108,mismatch,05_22-31_2025.pdf,4,2025_April15May312025_05_22-31_2025_p04.png
Kamuning,2025-05-27,23,2025-05-27 23:00,96,mismatch,05_22-31_2025.pdf,4,2025_April15May312025_05_22-31_2025_p04.png
Kamuning,2025-05-27,0,2025-05-28 00:00,89,mismatch,05_22-31_2025.pdf,4,2025_April15May312025_05_22-31_2025_p04.png
Kamuning,2025-05-27,1,2025-05-28 01:00,57,mismatch,05_22-31_2025.pdf,4,2025_April15May312025_05_22-31_2025_p04.png
Kamuning,2025-05-27,2,2025-05-28 02:00,47,mismatch,05_22-31_2025.pdf,4,2025_April15May312025_05_22-31_2025_p04.png
Kamuning,2025-05-27,3,2025-05-28 03:00,36,mismatch,05_22-31_2025.pdf,4,2025_April15May312025_05_22-31_2025_p04.png
Kamuning,2025-05-27,4,2025-05-28 04:00,88,mismatch,05_22-31_2025.pdf,4,2025_April15May312025_05_22-31_2025_p04.png
Kamuning,2025-05-27,5,2025-05-28 05:00,80,mismatch,05_22-31_2025.pdf,4,2025_April15May312025_05_22-31_2025_p04.png
Kamuning,2025-05-28,6,2025-05-28 06:00,240,verified,05_22-31_2025.pdf,4,2025_April15May312025_05_22-31_2025_p04.png
Kamuning,2025-05-28,7,2025-05-28 07:00,210,verified,05_22-31_2025.pdf,4,2025_April15May312025_05_22-31_2025_p04.png
Kamuning,2025-05-28,8,2025-05-28 08:00,173,verified,05_22-31_2025.pdf,4,2025_April15May312025_05_22-31_2025_p04.png
Kamuning,2025-05-28,9,2025-05-28 09:00,127,verified,05_22-31_2025.pdf,4,2025_April15May312025_05_22-31_2025_p04.png
Kamuning,2025-05-28,10,2025-05-28 10:00,139,verified,05_22-31_2025.pdf,4,2025_April15May312025_05_22-31_2025_p04.png
Kamuning,2025-05-28,11,2025-05-28 11:00,156,verified,05_22-31_2025.pdf,4,2025_April15May312025_05_22-31_2025_p04.png
Kamuning,2025-05-28,12,2025-05-28 12:00,135,verified,05_22-31_2025.pdf,4,2025_April15May312025_05_22-31_2025_p04.png
Kamuning,2025-05-28,13,2025-05-28 13:00,169,verified,05_22-31_2025.pdf,4,2025_April15May312025_05_22-31_2025_p04.png
Kamuning,2025-05-28,14,2025-05-28 14:00,124,verified,05_22-31_2025.pdf,4,2025_April15May312025_05_22-31_2025_p04.png
Kamuning,2025-05-28,15,2025-05-28 15:00,136,verified,05_22-31_2025.pdf,4,2025_April15May312025_05_22-31_2025_p04.png
Kamuning,2025-05-28,16,2025-05-28 16:00,283,verified,05_22-31_2025.pdf,4,2025_April15May312025_05_22-31_2025_p04.png
Kamuning,2025-05-28,17,2025-05-28 17:00,490,verified,05_22-31_2025.pdf,4,2025_April15May312025_05_22-31_2025_p04.png
Kamuning,2025-05-28,18,2025-05-28 18:00,363,verified,05_22-31_2025.pdf,4,2025_April15May312025_05_22-31_2025_p04.png
Kamuning,2025-05-28,19,2025-05-28 19:00,401,verified,05_22-31_2025.pdf,4,2025_April15May312025_05_22-31_2025_p04.png
Kamuning,2025-05-28,20,2025-05-28 20:00,163,verified,05_22-31_2025.pdf,4,2025_April15May312025_05_22-31_2025_p04.png
Kamuning,2025-05-28,21,2025-05-28 21:00,139,verified,05_22-31_2025.pdf,4,2025_April15May312025_05_22-31_2025_p04.png
Kamuning,2025-05-28,22,2025-05-28 22:00,181,verified,05_22-31_2025.pdf,4,2025_April15May312025_05_22-31_2025_p04.png
Kamuning,2025-05-28,23,2025-05-28 23:00,69,verified,05_22-31_2025.pdf,4,2025_April15May312025_05_22-31_2025_p04.png
Kamuning,2025-05-28,0,2025-05-29 00:00,27,verified,05_22-31_2025.pdf,4,2025_April15May312025_05_22-31_2025_p04.png
Kamuning,2025-05-28,1,2025-05-29 01:00,33,verified,05_22-31_2025.pdf,4,2025_April15May312025_05_22-31_2025_p04.png
Kamuning,2025-05-28,2,2025-05-29 02:00,45,verified,05_22-31_2025.pdf,4,2025_April15May312025_05_22-31_2025_p04.png
Kamuning,2025-05-28,3,2025-05-29 03:00,29,verified,05_22-31_2025.pdf,4,2025_April15May312025_05_22-31_2025_p04.png
Kamuning,2025-05-28,4,2025-05-29 04:00,109,verified,05_22-31_2025.pdf,4,2025_April15May312025_05_22-31_2025_p04.png
Kamuning,2025-05-28,5,2025-05-29 05:00,166,verified,05_22-31_2025.pdf,4,2025_April15May312025_05_22-31_2025_p04.png
Kamuning,2025-05-29,6,2025-05-29 06:00,204,verified,05_22-31_2025.pdf,5,2025_April15May312025_05_22-31_2025_p05.png
Kamuning,2025-05-29,7,2025-05-29 07:00,125,verified,05_22-31_2025.pdf,5,2025_April15May312025_05_22-31_2025_p05.png
Kamuning,2025-05-29,8,2025-05-29 08:00,90,verified,05_22-31_2025.pdf,5,2025_April15May312025_05_22-31_2025_p05.png
Kamuning,2025-05-29,9,2025-05-29 09:00,73,verified,05_22-31_2025.pdf,5,2025_April15May312025_05_22-31_2025_p05.png
Kamuning,2025-05-29,10,2025-05-29 10:00,82,verified,05_22-31_2025.pdf,5,2025_April15May312025_05_22-31_2025_p05.png
Kamuning,2025-05-29,11,2025-05-29 11:00,68,verified,05_22-31_2025.pdf,5,2025_April15May312025_05_22-31_2025_p05.png
Kamuning,2025-05-29,12,2025-05-29 12:00,80,verified,05_22-31_2025.pdf,5,2025_April15May312025_05_22-31_2025_p05.png
Kamuning,2025-05-29,13,2025-05-29 13:00,93,verified,05_22-31_2025.pdf,5,2025_April15May312025_05_22-31_2025_p05.png
Kamuning,2025-05-29,14,2025-05-29 14:00,147,verified,05_22-31_2025.pdf,5,2025_April15May312025_05_22-31_2025_p05.png
Kamuning,2025-05-29,15,2025-05-29 15:00,112,verified,05_22-31_2025.pdf,5,2025_April15May312025_05_22-31_2025_p05.png
Kamuning,2025-05-29,16,2025-05-29 16:00,286,verified,05_22-31_2025.pdf,5,2025_April15May312025_05_22-31_2025_p05.png
Kamuning,2025-05-29,17,2025-05-29 17:00,346,verified,05_22-31_2025.pdf,5,2025_April15May312025_05_22-31_2025_p05.png
Kamuning,2025-05-29,18,2025-05-29 18:00,286,verified,05_22-31_2025.pdf,5,2025_April15May312025_05_22-31_2025_p05.png
Kamuning,2025-05-29,19,2025-05-29 19:00,191,verified,05_22-31_2025.pdf,5,2025_April15May312025_05_22-31_2025_p05.png
Kamuning,2025-05-29,20,2025-05-29 20:00,161,verified,05_22-31_2025.pdf,5,2025_April15May312025_05_22-31_2025_p05.png
Kamuning,2025-05-29,21,2025-05-29 21:00,169,verified,05_22-31_2025.pdf,5,2025_April15May312025_05_22-31_2025_p05.png
Kamuning,2025-05-29,22,2025-05-29 22:00,227,verified,05_22-31_2025.pdf,5,2025_April15May312025_05_22-31_2025_p05.png
Kamuning,2025-05-29,23,2025-05-29 23:00,145,verified,05_22-31_2025.pdf,5,2025_April15May312025_05_22-31_2025_p05.png
Kamuning,2025-05-29,0,2025-05-30 00:00,61,verified,05_22-31_2025.pdf,5,2025_April15May312025_05_22-31_2025_p05.png
Kamuning,2025-05-29,1,2025-05-30 01:00,38,verified,05_22-31_2025.pdf,5,2025_April15May312025_05_22-31_2025_p05.png
Kamuning,2025-05-29,2,2025-05-30 02:00,29,verified,05_22-31_2025.pdf,5,2025_April15May312025_05_22-31_2025_p05.png
Kamuning,2025-05-29,3,2025-05-30 03:00,45,verified,05_22-31_2025.pdf,5,2025_April15May312025_05_22-31_2025_p05.png
Kamuning,2025-05-29,4,2025-05-30 04:00,69,verified,05_22-31_2025.pdf,5,2025_April15May312025_05_22-31_2025_p05.png
Kamuning,2025-05-29,5,2025-05-30 05:00,116,verified,05_22-31_2025.pdf,5,2025_April15May312025_05_22-31_2025_p05.png
Kamuning,2025-05-30,6,2025-05-30 06:00,215,verified,05_22-31_2025.pdf,5,2025_April15May312025_05_22-31_2025_p05.png
Kamuning,2025-05-30,7,2025-05-30 07:00,86,verified,05_22-31_2025.pdf,5,2025_April15May312025_05_22-31_2025_p05.png
Kamuning,2025-05-30,8,2025-05-30 08:00,92,verified,05_22-31_2025.pdf,5,2025_April15May312025_05_22-31_2025_p05.png
Kamuning,2025-05-30,9,2025-05-30 09:00,110,verified,05_22-31_2025.pdf,5,2025_April15May312025_05_22-31_2025_p05.png
Kamuning,2025-05-30,10,2025-05-30 10:00,137,verified,05_22-31_2025.pdf,5,2025_April15May312025_05_22-31_2025_p05.png
Kamuning,2025-05-30,11,2025-05-30 11:00,88,verified,05_22-31_2025.pdf,5,2025_April15May312025_05_22-31_2025_p05.png
Kamuning,2025-05-30,12,2025-05-30 12:00,97,verified,05_22-31_2025.pdf,5,2025_April15May312025_05_22-31_2025_p05.png
Kamuning,2025-05-30,13,2025-05-30 13:00,81,verified,05_22-31_2025.pdf,5,2025_April15May312025_05_22-31_2025_p05.png
Kamuning,2025-05-30,14,2025-05-30 14:00,109,verified,05_22-31_2025.pdf,5,2025_April15May312025_05_22-31_2025_p05.png
Kamuning,2025-05-30,15,2025-05-30 15:00,126,verified,05_22-31_2025.pdf,5,2025_April15May312025_05_22-31_2025_p05.png
Kamuning,2025-05-30,16,2025-05-30 16:00,299,verified,05_22-31_2025.pdf,5,2025_April15May312025_05_22-31_2025_p05.png
Kamuning,2025-05-30,17,2025-05-30 17:00,356,verified,05_22-31_2025.pdf,5,2025_April15May312025_05_22-31_2025_p05.png
Kamuning,2025-05-30,18,2025-05-30 18:00,336,verified,05_22-31_2025.pdf,5,2025_April15May312025_05_22-31_2025_p05.png
Kamuning,2025-05-30,19,2025-05-30 19:00,330,verified,05_22-31_2025.pdf,5,2025_April15May312025_05_22-31_2025_p05.png
Kamuning,2025-05-30,20,2025-05-30 20:00,161,verified,05_22-31_2025.pdf,5,2025_April15May312025_05_22-31_2025_p05.png
Kamuning,2025-05-30,21,2025-05-30 21:00,156,verified,05_22-31_2025.pdf,5,2025_April15May312025_05_22-31_2025_p05.png
Kamuning,2025-05-30,22,2025-05-30 22:00,205,verified,05_22-31_2025.pdf,5,2025_April15May312025_05_22-31_2025_p05.png
Kamuning,2025-05-30,23,2025-05-30 23:00,69,verified,05_22-31_2025.pdf,5,2025_April15May312025_05_22-31_2025_p05.png
Kamuning,2025-05-30,0,2025-05-31 00:00,27,verified,05_22-31_2025.pdf,5,2025_April15May312025_05_22-31_2025_p05.png
Kamuning,2025-05-30,1,2025-05-31 01:00,22,verified,05_22-31_2025.pdf,5,2025_April15May312025_05_22-31_2025_p05.png
Kamuning,2025-05-30,2,2025-05-31 02:00,21,verified,05_22-31_2025.pdf,5,2025_April15May312025_05_22-31_2025_p05.png
Kamuning,2025-05-30,3,2025-05-31 03:00,46,verified,05_22-31_2025.pdf,5,2025_April15May312025_05_22-31_2025_p05.png
Kamuning,2025-05-30,4,2025-05-31 04:00,67,verified,05_22-31_2025.pdf,5,2025_April15May312025_05_22-31_2025_p05.png
Kamuning,2025-05-30,5,2025-05-31 05:00,70,verified,05_22-31_2025.pdf,5,2025_April15May312025_05_22-31_2025_p05.png
Kamuning,2025-05-31,6,2025-05-31 06:00,154,mismatch,05_22-31_2025.pdf,6,2025_April15May312025_05_22-31_2025_p06.png
Kamuning,2025-05-31,7,2025-05-31 07:00,141,mismatch,05_22-31_2025.pdf,6,2025_April15May312025_05_22-31_2025_p06.png
Kamuning,2025-05-31,8,2025-05-31 08:00,68,mismatch,05_22-31_2025.pdf,6,2025_April15May312025_05_22-31_2025_p06.png
Kamuning,2025-05-31,9,2025-05-31 09:00,59,mismatch,05_22-31_2025.pdf,6,2025_April15May312025_05_22-31_2025_p06.png
Kamuning,2025-05-31,10,2025-05-31 10:00,62,mismatch,05_22-31_2025.pdf,6,2025_April15May312025_05_22-31_2025_p06.png
Kamuning,2025-05-31,11,2025-05-31 11:00,79,mismatch,05_22-31_2025.pdf,6,2025_April15May312025_05_22-31_2025_p06.png
Kamuning,2025-05-31,12,2025-05-31 12:00,74,mismatch,05_22-31_2025.pdf,6,2025_April15May312025_05_22-31_2025_p06.png
Kamuning,2025-05-31,13,2025-05-31 13:00,58,mismatch,05_22-31_2025.pdf,6,2025_April15May312025_05_22-31_2025_p06.png
Kamuning,2025-05-31,14,2025-05-31 14:00,113,mismatch,05_22-31_2025.pdf,6,2025_April15May312025_05_22-31_2025_p06.png
Kamuning,2025-05-31,15,2025-05-31 15:00,106,mismatch,05_22-31_2025.pdf,6,2025_April15May312025_05_22-31_2025_p06.png
Kamuning,2025-05-31,16,2025-05-31 16:00,226,mismatch,05_22-31_2025.pdf,6,2025_April15May312025_05_22-31_2025_p06.png
Kamuning,2025-05-31,17,2025-05-31 17:00,169,mismatch,05_22-31_2025.pdf,6,2025_April15May312025_05_22-31_2025_p06.png
Kamuning,2025-05-31,18,2025-05-31 18:00,241,mismatch,05_22-31_2025.pdf,6,2025_April15May312025_05_22-31_2025_p06.png
Kamuning,2025-05-31,19,2025-05-31 19:00,161,mismatch,05_22-31_2025.pdf,6,2025_April15May312025_05_22-31_2025_p06.png
Kamuning,2025-05-31,20,2025-05-31 20:00,125,mismatch,05_22-31_2025.pdf,6,2025_April15May312025_05_22-31_2025_p06.png
Kamuning,2025-05-31,21,2025-05-31 21:00,146,mismatch,05_22-31_2025.pdf,6,2025_April15May312025_05_22-31_2025_p06.png
Kamuning,2025-05-31,22,2025-05-31 22:00,232,mismatch,05_22-31_2025.pdf,6,2025_April15May312025_05_22-31_2025_p06.png
Kamuning,2025-05-31,23,2025-05-31 23:00,196,mismatch,05_22-31_2025.pdf,6,2025_April15May312025_05_22-31_2025_p06.png
Kamuning,2025-05-31,0,2025-06-01 00:00,55,mismatch,05_22-31_2025.pdf,6,2025_April15May312025_05_22-31_2025_p06.png
Kamuning,2025-05-31,1,2025-06-01 01:00,48,mismatch,05_22-31_2025.pdf,6,2025_April15May312025_05_22-31_2025_p06.png
Kamuning,2025-05-31,2,2025-06-01 02:00,58,mismatch,05_22-31_2025.pdf,6,2025_April15May312025_05_22-31_2025_p06.png
Kamuning,2025-05-31,3,2025-06-01 03:00,52,mismatch,05_22-31_2025.pdf,6,2025_April15May312025_05_22-31_2025_p06.png
Kamuning,2025-05-31,4,2025-06-01 04:00,46,mismatch,05_22-31_2025.pdf,6,2025_April15May312025_05_22-31_2025_p06.png
Kamuning,2025-05-31,5,2025-06-01 05:00,57,mismatch,05_22-31_2025.pdf,6,2025_April15May312025_05_22-31_2025_p06.png
Kamuning,2025-06-01,6,2025-06-01 06:00,128,verified,06_01-07_2025.pdf,1,2025_June1212025_06_01-07_2025_p01.png
Kamuning,2025-06-01,7,2025-06-01 07:00,245,verified,06_01-07_2025.pdf,1,2025_June1212025_06_01-07_2025_p01.png
Kamuning,2025-06-01,8,2025-06-01 08:00,102,verified,06_01-07_2025.pdf,1,2025_June1212025_06_01-07_2025_p01.png
Kamuning,2025-06-01,9,2025-06-01 09:00,93,verified,06_01-07_2025.pdf,1,2025_June1212025_06_01-07_2025_p01.png
Kamuning,2025-06-01,10,2025-06-01 10:00,69,verified,06_01-07_2025.pdf,1,2025_June1212025_06_01-07_2025_p01.png
Kamuning,2025-06-01,11,2025-06-01 11:00,45,verified,06_01-07_2025.pdf,1,2025_June1212025_06_01-07_2025_p01.png
Kamuning,2025-06-01,12,2025-06-01 12:00,98,verified,06_01-07_2025.pdf,1,2025_June1212025_06_01-07_2025_p01.png
Kamuning,2025-06-01,13,2025-06-01 13:00,77,verified,06_01-07_2025.pdf,1,2025_June1212025_06_01-07_2025_p01.png
Kamuning,2025-06-01,14,2025-06-01 14:00,42,verified,06_01-07_2025.pdf,1,2025_June1212025_06_01-07_2025_p01.png
Kamuning,2025-06-01,15,2025-06-01 15:00,119,verified,06_01-07_2025.pdf,1,2025_June1212025_06_01-07_2025_p01.png
Kamuning,2025-06-01,16,2025-06-01 16:00,133,verified,06_01-07_2025.pdf,1,2025_June1212025_06_01-07_2025_p01.png
Kamuning,2025-06-01,17,2025-06-01 17:00,199,verified,06_01-07_2025.pdf,1,2025_June1212025_06_01-07_2025_p01.png
Kamuning,2025-06-01,18,2025-06-01 18:00,102,verified,06_01-07_2025.pdf,1,2025_June1212025_06_01-07_2025_p01.png
Kamuning,2025-06-01,19,2025-06-01 19:00,81,verified,06_01-07_2025.pdf,1,2025_June1212025_06_01-07_2025_p01.png
Kamuning,2025-06-01,20,2025-06-01 20:00,61,verified,06_01-07_2025.pdf,1,2025_June1212025_06_01-07_2025_p01.png
Kamuning,2025-06-01,21,2025-06-01 21:00,72,verified,06_01-07_2025.pdf,1,2025_June1212025_06_01-07_2025_p01.png
Kamuning,2025-06-01,22,2025-06-01 22:00,169,verified,06_01-07_2025.pdf,1,2025_June1212025_06_01-07_2025_p01.png
Kamuning,2025-06-01,23,2025-06-01 23:00,91,verified,06_01-07_2025.pdf,1,2025_June1212025_06_01-07_2025_p01.png
Kamuning,2025-06-01,0,2025-06-02 00:00,44,verified,06_01-07_2025.pdf,1,2025_June1212025_06_01-07_2025_p01.png
Kamuning,2025-06-01,1,2025-06-02 01:00,29,verified,06_01-07_2025.pdf,1,2025_June1212025_06_01-07_2025_p01.png
Kamuning,2025-06-01,2,2025-06-02 02:00,67,verified,06_01-07_2025.pdf,1,2025_June1212025_06_01-07_2025_p01.png
Kamuning,2025-06-01,3,2025-06-02 03:00,111,verified,06_01-07_2025.pdf,1,2025_June1212025_06_01-07_2025_p01.png
Kamuning,2025-06-01,4,2025-06-02 04:00,227,verified,06_01-07_2025.pdf,1,2025_June1212025_06_01-07_2025_p01.png
Kamuning,2025-06-01,5,2025-06-02 05:00,216,verified,06_01-07_2025.pdf,1,2025_June1212025_06_01-07_2025_p01.png
Kamuning,2025-06-02,6,2025-06-02 06:00,292,verified,06_01-07_2025.pdf,2,2025_June1212025_06_01-07_2025_p02.png
Kamuning,2025-06-02,7,2025-06-02 07:00,179,verified,06_01-07_2025.pdf,2,2025_June1212025_06_01-07_2025_p02.png
Kamuning,2025-06-02,8,2025-06-02 08:00,144,verified,06_01-07_2025.pdf,2,2025_June1212025_06_01-07_2025_p02.png
Kamuning,2025-06-02,9,2025-06-02 09:00,138,verified,06_01-07_2025.pdf,2,2025_June1212025_06_01-07_2025_p02.png
Kamuning,2025-06-02,10,2025-06-02 10:00,124,verified,06_01-07_2025.pdf,2,2025_June1212025_06_01-07_2025_p02.png
Kamuning,2025-06-02,11,2025-06-02 11:00,120,verified,06_01-07_2025.pdf,2,2025_June1212025_06_01-07_2025_p02.png
Kamuning,2025-06-02,12,2025-06-02 12:00,116,verified,06_01-07_2025.pdf,2,2025_June1212025_06_01-07_2025_p02.png
Kamuning,2025-06-02,13,2025-06-02 13:00,81,verified,06_01-07_2025.pdf,2,2025_June1212025_06_01-07_2025_p02.png
Kamuning,2025-06-02,14,2025-06-02 14:00,183,verified,06_01-07_2025.pdf,2,2025_June1212025_06_01-07_2025_p02.png
Kamuning,2025-06-02,15,2025-06-02 15:00,176,verified,06_01-07_2025.pdf,2,2025_June1212025_06_01-07_2025_p02.png
Kamuning,2025-06-02,16,2025-06-02 16:00,332,verified,06_01-07_2025.pdf,2,2025_June1212025_06_01-07_2025_p02.png
Kamuning,2025-06-02,17,2025-06-02 17:00,367,verified,06_01-07_2025.pdf,2,2025_June1212025_06_01-07_2025_p02.png
Kamuning,2025-06-02,18,2025-06-02 18:00,323,verified,06_01-07_2025.pdf,2,2025_June1212025_06_01-07_2025_p02.png
Kamuning,2025-06-02,19,2025-06-02 19:00,186,verified,06_01-07_2025.pdf,2,2025_June1212025_06_01-07_2025_p02.png
Kamuning,2025-06-02,20,2025-06-02 20:00,131,verified,06_01-07_2025.pdf,2,2025_June1212025_06_01-07_2025_p02.png
Kamuning,2025-06-02,21,2025-06-02 21:00,103,verified,06_01-07_2025.pdf,2,2025_June1212025_06_01-07_2025_p02.png
Kamuning,2025-06-02,22,2025-06-02 22:00,203,verified,06_01-07_2025.pdf,2,2025_June1212025_06_01-07_2025_p02.png
Kamuning,2025-06-02,23,2025-06-02 23:00,163,verified,06_01-07_2025.pdf,2,2025_June1212025_06_01-07_2025_p02.png
Kamuning,2025-06-02,0,2025-06-03 00:00,66,verified,06_01-07_2025.pdf,2,2025_June1212025_06_01-07_2025_p02.png
Kamuning,2025-06-02,1,2025-06-03 01:00,39,verified,06_01-07_2025.pdf,2,2025_June1212025_06_01-07_2025_p02.png
Kamuning,2025-06-02,2,2025-06-03 02:00,44,verified,06_01-07_2025.pdf,2,2025_June1212025_06_01-07_2025_p02.png
Kamuning,2025-06-02,3,2025-06-03 03:00,96,verified,06_01-07_2025.pdf,2,2025_June1212025_06_01-07_2025_p02.png
Kamuning,2025-06-02,4,2025-06-03 04:00,191,verified,06_01-07_2025.pdf,2,2025_June1212025_06_01-07_2025_p02.png
Kamuning,2025-06-02,5,2025-06-03 05:00,211,verified,06_01-07_2025.pdf,2,2025_June1212025_06_01-07_2025_p02.png
Kamuning,2025-06-03,6,2025-06-03 06:00,348,verified,06_01-07_2025.pdf,2,2025_June1212025_06_01-07_2025_p02.png
Kamuning,2025-06-03,7,2025-06-03 07:00,254,verified,06_01-07_2025.pdf,2,2025_June1212025_06_01-07_2025_p02.png
Kamuning,2025-06-03,8,2025-06-03 08:00,121,verified,06_01-07_2025.pdf,2,2025_June1212025_06_01-07_2025_p02.png
Kamuning,2025-06-03,9,2025-06-03 09:00,134,verified,06_01-07_2025.pdf,2,2025_June1212025_06_01-07_2025_p02.png
Kamuning,2025-06-03,10,2025-06-03 10:00,112,verified,06_01-07_2025.pdf,2,2025_June1212025_06_01-07_2025_p02.png
Kamuning,2025-06-03,11,2025-06-03 11:00,161,verified,06_01-07_2025.pdf,2,2025_June1212025_06_01-07_2025_p02.png
Kamuning,2025-06-03,12,2025-06-03 12:00,172,verified,06_01-07_2025.pdf,2,2025_June1212025_06_01-07_2025_p02.png
Kamuning,2025-06-03,13,2025-06-03 13:00,199,verified,06_01-07_2025.pdf,2,2025_June1212025_06_01-07_2025_p02.png
Kamuning,2025-06-03,14,2025-06-03 14:00,189,verified,06_01-07_2025.pdf,2,2025_June1212025_06_01-07_2025_p02.png
Kamuning,2025-06-03,15,2025-06-03 15:00,172,verified,06_01-07_2025.pdf,2,2025_June1212025_06_01-07_2025_p02.png
Kamuning,2025-06-03,16,2025-06-03 16:00,236,verified,06_01-07_2025.pdf,2,2025_June1212025_06_01-07_2025_p02.png
Kamuning,2025-06-03,17,2025-06-03 17:00,424,verified,06_01-07_2025.pdf,2,2025_June1212025_06_01-07_2025_p02.png
Kamuning,2025-06-03,18,2025-06-03 18:00,331,verified,06_01-07_2025.pdf,2,2025_June1212025_06_01-07_2025_p02.png
Kamuning,2025-06-03,19,2025-06-03 19:00,213,verified,06_01-07_2025.pdf,2,2025_June1212025_06_01-07_2025_p02.png
Kamuning,2025-06-03,20,2025-06-03 20:00,186,verified,06_01-07_2025.pdf,2,2025_June1212025_06_01-07_2025_p02.png
Kamuning,2025-06-03,21,2025-06-03 21:00,153,verified,06_01-07_2025.pdf,2,2025_June1212025_06_01-07_2025_p02.png
Kamuning,2025-06-03,22,2025-06-03 22:00,227,verified,06_01-07_2025.pdf,2,2025_June1212025_06_01-07_2025_p02.png
Kamuning,2025-06-03,23,2025-06-03 23:00,101,verified,06_01-07_2025.pdf,2,2025_June1212025_06_01-07_2025_p02.png
Kamuning,2025-06-03,0,2025-06-04 00:00,88,verified,06_01-07_2025.pdf,2,2025_June1212025_06_01-07_2025_p02.png
Kamuning,2025-06-03,1,2025-06-04 01:00,44,verified,06_01-07_2025.pdf,2,2025_June1212025_06_01-07_2025_p02.png
Kamuning,2025-06-03,2,2025-06-04 02:00,29,verified,06_01-07_2025.pdf,2,2025_June1212025_06_01-07_2025_p02.png
Kamuning,2025-06-03,3,2025-06-04 03:00,54,verified,06_01-07_2025.pdf,2,2025_June1212025_06_01-07_2025_p02.png
Kamuning,2025-06-03,4,2025-06-04 04:00,131,verified,06_01-07_2025.pdf,2,2025_June1212025_06_01-07_2025_p02.png
Kamuning,2025-06-03,5,2025-06-04 05:00,184,verified,06_01-07_2025.pdf,2,2025_June1212025_06_01-07_2025_p02.png
Kamuning,2025-06-04,6,2025-06-04 06:00,368,verified,06_01-07_2025.pdf,3,2025_June1212025_06_01-07_2025_p03.png
Kamuning,2025-06-04,7,2025-06-04 07:00,231,verified,06_01-07_2025.pdf,3,2025_June1212025_06_01-07_2025_p03.png
Kamuning,2025-06-04,8,2025-06-04 08:00,138,verified,06_01-07_2025.pdf,3,2025_June1212025_06_01-07_2025_p03.png
Kamuning,2025-06-04,9,2025-06-04 09:00,127,verified,06_01-07_2025.pdf,3,2025_June1212025_06_01-07_2025_p03.png
Kamuning,2025-06-04,10,2025-06-04 10:00,118,verified,06_01-07_2025.pdf,3,2025_June1212025_06_01-07_2025_p03.png
Kamuning,2025-06-04,11,2025-06-04 11:00,154,verified,06_01-07_2025.pdf,3,2025_June1212025_06_01-07_2025_p03.png
Kamuning,2025-06-04,12,2025-06-04 12:00,139,verified,06_01-07_2025.pdf,3,2025_June1212025_06_01-07_2025_p03.png
Kamuning,2025-06-04,13,2025-06-04 13:00,153,verified,06_01-07_2025.pdf,3,2025_June1212025_06_01-07_2025_p03.png
Kamuning,2025-06-04,14,2025-06-04 14:00,153,verified,06_01-07_2025.pdf,3,2025_June1212025_06_01-07_2025_p03.png
Kamuning,2025-06-04,15,2025-06-04 15:00,141,verified,06_01-07_2025.pdf,3,2025_June1212025_06_01-07_2025_p03.png
Kamuning,2025-06-04,16,2025-06-04 16:00,296,verified,06_01-07_2025.pdf,3,2025_June1212025_06_01-07_2025_p03.png
Kamuning,2025-06-04,17,2025-06-04 17:00,330,verified,06_01-07_2025.pdf,3,2025_June1212025_06_01-07_2025_p03.png
Kamuning,2025-06-04,18,2025-06-04 18:00,277,verified,06_01-07_2025.pdf,3,2025_June1212025_06_01-07_2025_p03.png
Kamuning,2025-06-04,19,2025-06-04 19:00,174,verified,06_01-07_2025.pdf,3,2025_June1212025_06_01-07_2025_p03.png
Kamuning,2025-06-04,20,2025-06-04 20:00,123,verified,06_01-07_2025.pdf,3,2025_June1212025_06_01-07_2025_p03.png
Kamuning,2025-06-04,21,2025-06-04 21:00,132,verified,06_01-07_2025.pdf,3,2025_June1212025_06_01-07_2025_p03.png
Kamuning,2025-06-04,22,2025-06-04 22:00,188,verified,06_01-07_2025.pdf,3,2025_June1212025_06_01-07_2025_p03.png
Kamuning,2025-06-04,23,2025-06-04 23:00,71,verified,06_01-07_2025.pdf,3,2025_June1212025_06_01-07_2025_p03.png
Kamuning,2025-06-04,0,2025-06-05 00:00,45,verified,06_01-07_2025.pdf,3,2025_June1212025_06_01-07_2025_p03.png
Kamuning,2025-06-04,1,2025-06-05 01:00,27,verified,06_01-07_2025.pdf,3,2025_June1212025_06_01-07_2025_p03.png
Kamuning,2025-06-04,2,2025-06-05 02:00,36,verified,06_01-07_2025.pdf,3,2025_June1212025_06_01-07_2025_p03.png
Kamuning,2025-06-04,3,2025-06-05 03:00,111,verified,06_01-07_2025.pdf,3,2025_June1212025_06_01-07_2025_p03.png
Kamuning,2025-06-04,4,2025-06-05 04:00,161,verified,06_01-07_2025.pdf,3,2025_June1212025_06_01-07_2025_p03.png
Kamuning,2025-06-04,5,2025-06-05 05:00,187,verified,06_01-07_2025.pdf,3,2025_June1212025_06_01-07_2025_p03.png
Kamuning,2025-06-05,6,2025-06-05 06:00,145,mismatch,06_01-07_2025.pdf,3,2025_June1212025_06_01-07_2025_p03.png
Kamuning,2025-06-05,7,2025-06-05 07:00,136,mismatch,06_01-07_2025.pdf,3,2025_June1212025_06_01-07_2025_p03.png
Kamuning,2025-06-05,8,2025-06-05 08:00,110,mismatch,06_01-07_2025.pdf,3,2025_June1212025_06_01-07_2025_p03.png
Kamuning,2025-06-05,9,2025-06-05 09:00,120,mismatch,06_01-07_2025.pdf,3,2025_June1212025_06_01-07_2025_p03.png
Kamuning,2025-06-05,10,2025-06-05 10:00,101,mismatch,06_01-07_2025.pdf,3,2025_June1212025_06_01-07_2025_p03.png
Kamuning,2025-06-05,11,2025-06-05 11:00,111,mismatch,06_01-07_2025.pdf,3,2025_June1212025_06_01-07_2025_p03.png
Kamuning,2025-06-05,12,2025-06-05 12:00,97,mismatch,06_01-07_2025.pdf,3,2025_June1212025_06_01-07_2025_p03.png
Kamuning,2025-06-05,13,2025-06-05 13:00,88,mismatch,06_01-07_2025.pdf,3,2025_June1212025_06_01-07_2025_p03.png
Kamuning,2025-06-05,14,2025-06-05 14:00,113,mismatch,06_01-07_2025.pdf,3,2025_June1212025_06_01-07_2025_p03.png
Kamuning,2025-06-05,15,2025-06-05 15:00,146,mismatch,06_01-07_2025.pdf,3,2025_June1212025_06_01-07_2025_p03.png
Kamuning,2025-06-05,16,2025-06-05 16:00,301,mismatch,06_01-07_2025.pdf,3,2025_June1212025_06_01-07_2025_p03.png
Kamuning,2025-06-05,17,2025-06-05 17:00,406,mismatch,06_01-07_2025.pdf,3,2025_June1212025_06_01-07_2025_p03.png
Kamuning,2025-06-05,18,2025-06-05 18:00,281,mismatch,06_01-07_2025.pdf,3,2025_June1212025_06_01-07_2025_p03.png
Kamuning,2025-06-05,19,2025-06-05 19:00,176,mismatch,06_01-07_2025.pdf,3,2025_June1212025_06_01-07_2025_p03.png
Kamuning,2025-06-05,20,2025-06-05 20:00,146,mismatch,06_01-07_2025.pdf,3,2025_June1212025_06_01-07_2025_p03.png
Kamuning,2025-06-05,21,2025-06-05 21:00,98,mismatch,06_01-07_2025.pdf,3,2025_June1212025_06_01-07_2025_p03.png
Kamuning,2025-06-05,22,2025-06-05 22:00,110,mismatch,06_01-07_2025.pdf,3,2025_June1212025_06_01-07_2025_p03.png
Kamuning,2025-06-05,23,2025-06-05 23:00,76,mismatch,06_01-07_2025.pdf,3,2025_June1212025_06_01-07_2025_p03.png
Kamuning,2025-06-05,0,2025-06-06 00:00,44,mismatch,06_01-07_2025.pdf,3,2025_June1212025_06_01-07_2025_p03.png
Kamuning,2025-06-05,1,2025-06-06 01:00,29,mismatch,06_01-07_2025.pdf,3,2025_June1212025_06_01-07_2025_p03.png
Kamuning,2025-06-05,2,2025-06-06 02:00,34,mismatch,06_01-07_2025.pdf,3,2025_June1212025_06_01-07_2025_p03.png
Kamuning,2025-06-05,3,2025-06-06 03:00,41,mismatch,06_01-07_2025.pdf,3,2025_June1212025_06_01-07_2025_p03.png
Kamuning,2025-06-05,4,2025-06-06 04:00,56,mismatch,06_01-07_2025.pdf,3,2025_June1212025_06_01-07_2025_p03.png
Kamuning,2025-06-05,5,2025-06-06 05:00,65,mismatch,06_01-07_2025.pdf,3,2025_June1212025_06_01-07_2025_p03.png
Kamuning,2025-06-06,6,2025-06-06 06:00,82,verified,06_01-07_2025.pdf,4,2025_June1212025_06_01-07_2025_p04.png
Kamuning,2025-06-06,7,2025-06-06 07:00,89,verified,06_01-07_2025.pdf,4,2025_June1212025_06_01-07_2025_p04.png
Kamuning,2025-06-06,8,2025-06-06 08:00,122,verified,06_01-07_2025.pdf,4,2025_June1212025_06_01-07_2025_p04.png
Kamuning,2025-06-06,9,2025-06-06 09:00,139,verified,06_01-07_2025.pdf,4,2025_June1212025_06_01-07_2025_p04.png
Kamuning,2025-06-06,10,2025-06-06 10:00,170,verified,06_01-07_2025.pdf,4,2025_June1212025_06_01-07_2025_p04.png
Kamuning,2025-06-06,11,2025-06-06 11:00,133,verified,06_01-07_2025.pdf,4,2025_June1212025_06_01-07_2025_p04.png
Kamuning,2025-06-06,12,2025-06-06 12:00,87,verified,06_01-07_2025.pdf,4,2025_June1212025_06_01-07_2025_p04.png
Kamuning,2025-06-06,13,2025-06-06 13:00,123,verified,06_01-07_2025.pdf,4,2025_June1212025_06_01-07_2025_p04.png
Kamuning,2025-06-06,14,2025-06-06 14:00,81,verified,06_01-07_2025.pdf,4,2025_June1212025_06_01-07_2025_p04.png
Kamuning,2025-06-06,15,2025-06-06 15:00,96,verified,06_01-07_2025.pdf,4,2025_June1212025_06_01-07_2025_p04.png
Kamuning,2025-06-06,16,2025-06-06 16:00,181,verified,06_01-07_2025.pdf,4,2025_June1212025_06_01-07_2025_p04.png
Kamuning,2025-06-06,17,2025-06-06 17:00,133,verified,06_01-07_2025.pdf,4,2025_June1212025_06_01-07_2025_p04.png
Kamuning,2025-06-06,18,2025-06-06 18:00,86,verified,06_01-07_2025.pdf,4,2025_June1212025_06_01-07_2025_p04.png
Kamuning,2025-06-06,19,2025-06-06 19:00,93,verified,06_01-07_2025.pdf,4,2025_June1212025_06_01-07_2025_p04.png
Kamuning,2025-06-06,20,2025-06-06 20:00,71,verified,06_01-07_2025.pdf,4,2025_June1212025_06_01-07_2025_p04.png
Kamuning,2025-06-06,21,2025-06-06 21:00,82,verified,06_01-07_2025.pdf,4,2025_June1212025_06_01-07_2025_p04.png
Kamuning,2025-06-06,22,2025-06-06 22:00,126,verified,06_01-07_2025.pdf,4,2025_June1212025_06_01-07_2025_p04.png
Kamuning,2025-06-06,23,2025-06-06 23:00,90,verified,06_01-07_2025.pdf,4,2025_June1212025_06_01-07_2025_p04.png
Kamuning,2025-06-06,0,2025-06-07 00:00,45,verified,06_01-07_2025.pdf,4,2025_June1212025_06_01-07_2025_p04.png
Kamuning,2025-06-06,1,2025-06-07 01:00,27,verified,06_01-07_2025.pdf,4,2025_June1212025_06_01-07_2025_p04.png
Kamuning,2025-06-06,2,2025-06-07 02:00,66,verified,06_01-07_2025.pdf,4,2025_June1212025_06_01-07_2025_p04.png
Kamuning,2025-06-06,3,2025-06-07 03:00,71,verified,06_01-07_2025.pdf,4,2025_June1212025_06_01-07_2025_p04.png
Kamuning,2025-06-06,4,2025-06-07 04:00,85,verified,06_01-07_2025.pdf,4,2025_June1212025_06_01-07_2025_p04.png
Kamuning,2025-06-06,5,2025-06-07 05:00,94,verified,06_01-07_2025.pdf,4,2025_June1212025_06_01-07_2025_p04.png
Kamuning,2025-06-07,6,2025-06-07 06:00,128,verified,06_01-07_2025.pdf,4,2025_June1212025_06_01-07_2025_p04.png
Kamuning,2025-06-07,7,2025-06-07 07:00,145,verified,06_01-07_2025.pdf,4,2025_June1212025_06_01-07_2025_p04.png
Kamuning,2025-06-07,8,2025-06-07 08:00,219,verified,06_01-07_2025.pdf,4,2025_June1212025_06_01-07_2025_p04.png
Kamuning,2025-06-07,9,2025-06-07 09:00,100,verified,06_01-07_2025.pdf,4,2025_June1212025_06_01-07_2025_p04.png
Kamuning,2025-06-07,10,2025-06-07 10:00,88,verified,06_01-07_2025.pdf,4,2025_June1212025_06_01-07_2025_p04.png
Kamuning,2025-06-07,11,2025-06-07 11:00,70,verified,06_01-07_2025.pdf,4,2025_June1212025_06_01-07_2025_p04.png
Kamuning,2025-06-07,12,2025-06-07 12:00,50,verified,06_01-07_2025.pdf,4,2025_June1212025_06_01-07_2025_p04.png
Kamuning,2025-06-07,13,2025-06-07 13:00,83,verified,06_01-07_2025.pdf,4,2025_June1212025_06_01-07_2025_p04.png
Kamuning,2025-06-07,14,2025-06-07 14:00,112,verified,06_01-07_2025.pdf,4,2025_June1212025_06_01-07_2025_p04.png
Kamuning,2025-06-07,15,2025-06-07 15:00,270,verified,06_01-07_2025.pdf,4,2025_June1212025_06_01-07_2025_p04.png
Kamuning,2025-06-07,16,2025-06-07 16:00,362,verified,06_01-07_2025.pdf,4,2025_June1212025_06_01-07_2025_p04.png
Kamuning,2025-06-07,17,2025-06-07 17:00,276,verified,06_01-07_2025.pdf,4,2025_June1212025_06_01-07_2025_p04.png
Kamuning,2025-06-07,18,2025-06-07 18:00,176,verified,06_01-07_2025.pdf,4,2025_June1212025_06_01-07_2025_p04.png
Kamuning,2025-06-07,19,2025-06-07 19:00,155,verified,06_01-07_2025.pdf,4,2025_June1212025_06_01-07_2025_p04.png
Kamuning,2025-06-07,20,2025-06-07 20:00,76,verified,06_01-07_2025.pdf,4,2025_June1212025_06_01-07_2025_p04.png
Kamuning,2025-06-07,21,2025-06-07 21:00,126,verified,06_01-07_2025.pdf,4,2025_June1212025_06_01-07_2025_p04.png
Kamuning,2025-06-07,22,2025-06-07 22:00,267,verified,06_01-07_2025.pdf,4,2025_June1212025_06_01-07_2025_p04.png
Kamuning,2025-06-07,23,2025-06-07 23:00,180,verified,06_01-07_2025.pdf,4,2025_June1212025_06_01-07_2025_p04.png
Kamuning,2025-06-07,0,2025-06-08 00:00,49,verified,06_01-07_2025.pdf,4,2025_June1212025_06_01-07_2025_p04.png
Kamuning,2025-06-07,1,2025-06-08 01:00,51,verified,06_01-07_2025.pdf,4,2025_June1212025_06_01-07_2025_p04.png
Kamuning,2025-06-07,2,2025-06-08 02:00,69,verified,06_01-07_2025.pdf,4,2025_June1212025_06_01-07_2025_p04.png
Kamuning,2025-06-07,3,2025-06-08 03:00,81,verified,06_01-07_2025.pdf,4,2025_June1212025_06_01-07_2025_p04.png
Kamuning,2025-06-07,4,2025-06-08 04:00,156,verified,06_01-07_2025.pdf,4,2025_June1212025_06_01-07_2025_p04.png
Kamuning,2025-06-07,5,2025-06-08 05:00,133,verified,06_01-07_2025.pdf,4,2025_June1212025_06_01-07_2025_p04.png
Kamuning,2025-06-08,6,2025-06-08 06:00,101,verified,06_08-14_2025.pdf,1,2025_June1212025_06_08-14_2025_p01.png
Kamuning,2025-06-08,7,2025-06-08 07:00,185,verified,06_08-14_2025.pdf,1,2025_June1212025_06_08-14_2025_p01.png
Kamuning,2025-06-08,8,2025-06-08 08:00,60,verified,06_08-14_2025.pdf,1,2025_June1212025_06_08-14_2025_p01.png
Kamuning,2025-06-08,9,2025-06-08 09:00,78,verified,06_08-14_2025.pdf,1,2025_June1212025_06_08-14_2025_p01.png
Kamuning,2025-06-08,10,2025-06-08 10:00,71,verified,06_08-14_2025.pdf,1,2025_June1212025_06_08-14_2025_p01.png
Kamuning,2025-06-08,11,2025-06-08 11:00,67,verified,06_08-14_2025.pdf,1,2025_June1212025_06_08-14_2025_p01.png
Kamuning,2025-06-08,12,2025-06-08 12:00,51,verified,06_08-14_2025.pdf,1,2025_June1212025_06_08-14_2025_p01.png
Kamuning,2025-06-08,13,2025-06-08 13:00,75,verified,06_08-14_2025.pdf,1,2025_June1212025_06_08-14_2025_p01.png
Kamuning,2025-06-08,14,2025-06-08 14:00,89,verified,06_08-14_2025.pdf,1,2025_June1212025_06_08-14_2025_p01.png
Kamuning,2025-06-08,15,2025-06-08 15:00,103,verified,06_08-14_2025.pdf,1,2025_June1212025_06_08-14_2025_p01.png
Kamuning,2025-06-08,16,2025-06-08 16:00,86,verified,06_08-14_2025.pdf,1,2025_June1212025_06_08-14_2025_p01.png
Kamuning,2025-06-08,17,2025-06-08 17:00,126,verified,06_08-14_2025.pdf,1,2025_June1212025_06_08-14_2025_p01.png
Kamuning,2025-06-08,18,2025-06-08 18:00,116,verified,06_08-14_2025.pdf,1,2025_June1212025_06_08-14_2025_p01.png
Kamuning,2025-06-08,19,2025-06-08 19:00,89,verified,06_08-14_2025.pdf,1,2025_June1212025_06_08-14_2025_p01.png
Kamuning,2025-06-08,20,2025-06-08 20:00,76,verified,06_08-14_2025.pdf,1,2025_June1212025_06_08-14_2025_p01.png
Kamuning,2025-06-08,21,2025-06-08 21:00,69,verified,06_08-14_2025.pdf,1,2025_June1212025_06_08-14_2025_p01.png
Kamuning,2025-06-08,22,2025-06-08 22:00,152,verified,06_08-14_2025.pdf,1,2025_June1212025_06_08-14_2025_p01.png
Kamuning,2025-06-08,23,2025-06-08 23:00,130,verified,06_08-14_2025.pdf,1,2025_June1212025_06_08-14_2025_p01.png
Kamuning,2025-06-08,0,2025-06-09 00:00,55,verified,06_08-14_2025.pdf,1,2025_June1212025_06_08-14_2025_p01.png
Kamuning,2025-06-08,1,2025-06-09 01:00,48,verified,06_08-14_2025.pdf,1,2025_June1212025_06_08-14_2025_p01.png
Kamuning,2025-06-08,2,2025-06-09 02:00,61,verified,06_08-14_2025.pdf,1,2025_June1212025_06_08-14_2025_p01.png
Kamuning,2025-06-08,3,2025-06-09 03:00,142,verified,06_08-14_2025.pdf,1,2025_June1212025_06_08-14_2025_p01.png
Kamuning,2025-06-08,4,2025-06-09 04:00,271,verified,06_08-14_2025.pdf,1,2025_June1212025_06_08-14_2025_p01.png
Kamuning,2025-06-08,5,2025-06-09 05:00,147,verified,06_08-14_2025.pdf,1,2025_June1212025_06_08-14_2025_p01.png
Kamuning,2025-06-09,6,2025-06-09 06:00,266,verified,06_08-14_2025.pdf,2,2025_June1212025_06_08-14_2025_p02.png
Kamuning,2025-06-09,7,2025-06-09 07:00,183,verified,06_08-14_2025.pdf,2,2025_June1212025_06_08-14_2025_p02.png
Kamuning,2025-06-09,8,2025-06-09 08:00,132,verified,06_08-14_2025.pdf,2,2025_June1212025_06_08-14_2025_p02.png
Kamuning,2025-06-09,9,2025-06-09 09:00,118,verified,06_08-14_2025.pdf,2,2025_June1212025_06_08-14_2025_p02.png
Kamuning,2025-06-09,10,2025-06-09 10:00,124,verified,06_08-14_2025.pdf,2,2025_June1212025_06_08-14_2025_p02.png
Kamuning,2025-06-09,11,2025-06-09 11:00,136,verified,06_08-14_2025.pdf,2,2025_June1212025_06_08-14_2025_p02.png
Kamuning,2025-06-09,12,2025-06-09 12:00,94,verified,06_08-14_2025.pdf,2,2025_June1212025_06_08-14_2025_p02.png
Kamuning,2025-06-09,13,2025-06-09 13:00,118,verified,06_08-14_2025.pdf,2,2025_June1212025_06_08-14_2025_p02.png
Kamuning,2025-06-09,14,2025-06-09 14:00,181,verified,06_08-14_2025.pdf,2,2025_June1212025_06_08-14_2025_p02.png
Kamuning,2025-06-09,15,2025-06-09 15:00,102,verified,06_08-14_2025.pdf,2,2025_June1212025_06_08-14_2025_p02.png
Kamuning,2025-06-09,16,2025-06-09 16:00,233,verified,06_08-14_2025.pdf,2,2025_June1212025_06_08-14_2025_p02.png
Kamuning,2025-06-09,17,2025-06-09 17:00,338,verified,06_08-14_2025.pdf,2,2025_June1212025_06_08-14_2025_p02.png
Kamuning,2025-06-09,18,2025-06-09 18:00,296,verified,06_08-14_2025.pdf,2,2025_June1212025_06_08-14_2025_p02.png
Kamuning,2025-06-09,19,2025-06-09 19:00,197,verified,06_08-14_2025.pdf,2,2025_June1212025_06_08-14_2025_p02.png
Kamuning,2025-06-09,20,2025-06-09 20:00,132,verified,06_08-14_2025.pdf,2,2025_June1212025_06_08-14_2025_p02.png
Kamuning,2025-06-09,21,2025-06-09 21:00,97,verified,06_08-14_2025.pdf,2,2025_June1212025_06_08-14_2025_p02.png
Kamuning,2025-06-09,22,2025-06-09 22:00,131,verified,06_08-14_2025.pdf,2,2025_June1212025_06_08-14_2025_p02.png
Kamuning,2025-06-09,23,2025-06-09 23:00,84,verified,06_08-14_2025.pdf,2,2025_June1212025_06_08-14_2025_p02.png
Kamuning,2025-06-09,0,2025-06-10 00:00,58,verified,06_08-14_2025.pdf,2,2025_June1212025_06_08-14_2025_p02.png
Kamuning,2025-06-09,1,2025-06-10 01:00,35,verified,06_08-14_2025.pdf,2,2025_June1212025_06_08-14_2025_p02.png
Kamuning,2025-06-09,2,2025-06-10 02:00,43,verified,06_08-14_2025.pdf,2,2025_June1212025_06_08-14_2025_p02.png
Kamuning,2025-06-09,3,2025-06-10 03:00,67,verified,06_08-14_2025.pdf,2,2025_June1212025_06_08-14_2025_p02.png
Kamuning,2025-06-09,4,2025-06-10 04:00,99,verified,06_08-14_2025.pdf,2,2025_June1212025_06_08-14_2025_p02.png
Kamuning,2025-06-09,5,2025-06-10 05:00,81,verified,06_08-14_2025.pdf,2,2025_June1212025_06_08-14_2025_p02.png
Kamuning,2025-06-10,6,2025-06-10 06:00,166,verified,06_08-14_2025.pdf,2,2025_June1212025_06_08-14_2025_p02.png
Kamuning,2025-06-10,7,2025-06-10 07:00,105,verified,06_08-14_2025.pdf,2,2025_June1212025_06_08-14_2025_p02.png
Kamuning,2025-06-10,8,2025-06-10 08:00,94,verified,06_08-14_2025.pdf,2,2025_June1212025_06_08-14_2025_p02.png
Kamuning,2025-06-10,9,2025-06-10 09:00,82,verified,06_08-14_2025.pdf,2,2025_June1212025_06_08-14_2025_p02.png
Kamuning,2025-06-10,10,2025-06-10 10:00,85,verified,06_08-14_2025.pdf,2,2025_June1212025_06_08-14_2025_p02.png
Kamuning,2025-06-10,11,2025-06-10 11:00,77,verified,06_08-14_2025.pdf,2,2025_June1212025_06_08-14_2025_p02.png
Kamuning,2025-06-10,12,2025-06-10 12:00,49,verified,06_08-14_2025.pdf,2,2025_June1212025_06_08-14_2025_p02.png
Kamuning,2025-06-10,13,2025-06-10 13:00,66,verified,06_08-14_2025.pdf,2,2025_June1212025_06_08-14_2025_p02.png
Kamuning,2025-06-10,14,2025-06-10 14:00,112,verified,06_08-14_2025.pdf,2,2025_June1212025_06_08-14_2025_p02.png
Kamuning,2025-06-10,15,2025-06-10 15:00,135,verified,06_08-14_2025.pdf,2,2025_June1212025_06_08-14_2025_p02.png
Kamuning,2025-06-10,16,2025-06-10 16:00,244,verified,06_08-14_2025.pdf,2,2025_June1212025_06_08-14_2025_p02.png
Kamuning,2025-06-10,17,2025-06-10 17:00,432,verified,06_08-14_2025.pdf,2,2025_June1212025_06_08-14_2025_p02.png
Kamuning,2025-06-10,18,2025-06-10 18:00,386,verified,06_08-14_2025.pdf,2,2025_June1212025_06_08-14_2025_p02.png
Kamuning,2025-06-10,19,2025-06-10 19:00,197,verified,06_08-14_2025.pdf,2,2025_June1212025_06_08-14_2025_p02.png
Kamuning,2025-06-10,20,2025-06-10 20:00,86,verified,06_08-14_2025.pdf,2,2025_June1212025_06_08-14_2025_p02.png
Kamuning,2025-06-10,21,2025-06-10 21:00,61,verified,06_08-14_2025.pdf,2,2025_June1212025_06_08-14_2025_p02.png
Kamuning,2025-06-10,22,2025-06-10 22:00,90,verified,06_08-14_2025.pdf,2,2025_June1212025_06_08-14_2025_p02.png
Kamuning,2025-06-10,23,2025-06-10 23:00,76,verified,06_08-14_2025.pdf,2,2025_June1212025_06_08-14_2025_p02.png
Kamuning,2025-06-10,0,2025-06-11 00:00,51,verified,06_08-14_2025.pdf,2,2025_June1212025_06_08-14_2025_p02.png
Kamuning,2025-06-10,1,2025-06-11 01:00,29,verified,06_08-14_2025.pdf,2,2025_June1212025_06_08-14_2025_p02.png
Kamuning,2025-06-10,2,2025-06-11 02:00,33,verified,06_08-14_2025.pdf,2,2025_June1212025_06_08-14_2025_p02.png
Kamuning,2025-06-10,3,2025-06-11 03:00,59,verified,06_08-14_2025.pdf,2,2025_June1212025_06_08-14_2025_p02.png
Kamuning,2025-06-10,4,2025-06-11 04:00,62,verified,06_08-14_2025.pdf,2,2025_June1212025_06_08-14_2025_p02.png
Kamuning,2025-06-10,5,2025-06-11 05:00,78,verified,06_08-14_2025.pdf,2,2025_June1212025_06_08-14_2025_p02.png
Kamuning,2025-06-11,6,2025-06-11 06:00,180,verified,06_08-14_2025.pdf,3,2025_June1212025_06_08-14_2025_p03.png
Kamuning,2025-06-11,7,2025-06-11 07:00,67,verified,06_08-14_2025.pdf,3,2025_June1212025_06_08-14_2025_p03.png
Kamuning,2025-06-11,8,2025-06-11 08:00,123,verified,06_08-14_2025.pdf,3,2025_June1212025_06_08-14_2025_p03.png
Kamuning,2025-06-11,9,2025-06-11 09:00,140,verified,06_08-14_2025.pdf,3,2025_June1212025_06_08-14_2025_p03.png
Kamuning,2025-06-11,10,2025-06-11 10:00,132,verified,06_08-14_2025.pdf,3,2025_June1212025_06_08-14_2025_p03.png
Kamuning,2025-06-11,11,2025-06-11 11:00,98,verified,06_08-14_2025.pdf,3,2025_June1212025_06_08-14_2025_p03.png
Kamuning,2025-06-11,12,2025-06-11 12:00,121,verified,06_08-14_2025.pdf,3,2025_June1212025_06_08-14_2025_p03.png
Kamuning,2025-06-11,13,2025-06-11 13:00,117,verified,06_08-14_2025.pdf,3,2025_June1212025_06_08-14_2025_p03.png
Kamuning,2025-06-11,14,2025-06-11 14:00,114,verified,06_08-14_2025.pdf,3,2025_June1212025_06_08-14_2025_p03.png
Kamuning,2025-06-11,15,2025-06-11 15:00,210,verified,06_08-14_2025.pdf,3,2025_June1212025_06_08-14_2025_p03.png
Kamuning,2025-06-11,16,2025-06-11 16:00,385,verified,06_08-14_2025.pdf,3,2025_June1212025_06_08-14_2025_p03.png
Kamuning,2025-06-11,17,2025-06-11 17:00,246,verified,06_08-14_2025.pdf,3,2025_June1212025_06_08-14_2025_p03.png
Kamuning,2025-06-11,18,2025-06-11 18:00,467,verified,06_08-14_2025.pdf,3,2025_June1212025_06_08-14_2025_p03.png
Kamuning,2025-06-11,19,2025-06-11 19:00,316,verified,06_08-14_2025.pdf,3,2025_June1212025_06_08-14_2025_p03.png
Kamuning,2025-06-11,20,2025-06-11 20:00,325,verified,06_08-14_2025.pdf,3,2025_June1212025_06_08-14_2025_p03.png
Kamuning,2025-06-11,21,2025-06-11 21:00,296,verified,06_08-14_2025.pdf,3,2025_June1212025_06_08-14_2025_p03.png
Kamuning,2025-06-11,22,2025-06-11 22:00,189,verified,06_08-14_2025.pdf,3,2025_June1212025_06_08-14_2025_p03.png
Kamuning,2025-06-11,23,2025-06-11 23:00,93,verified,06_08-14_2025.pdf,3,2025_June1212025_06_08-14_2025_p03.png
Kamuning,2025-06-11,0,2025-06-12 00:00,87,verified,06_08-14_2025.pdf,3,2025_June1212025_06_08-14_2025_p03.png
Kamuning,2025-06-11,1,2025-06-12 01:00,25,verified,06_08-14_2025.pdf,3,2025_June1212025_06_08-14_2025_p03.png
Kamuning,2025-06-11,2,2025-06-12 02:00,31,verified,06_08-14_2025.pdf,3,2025_June1212025_06_08-14_2025_p03.png
Kamuning,2025-06-11,3,2025-06-12 03:00,43,verified,06_08-14_2025.pdf,3,2025_June1212025_06_08-14_2025_p03.png
Kamuning,2025-06-11,4,2025-06-12 04:00,76,verified,06_08-14_2025.pdf,3,2025_June1212025_06_08-14_2025_p03.png
Kamuning,2025-06-11,5,2025-06-12 05:00,171,verified,06_08-14_2025.pdf,3,2025_June1212025_06_08-14_2025_p03.png
Kamuning,2025-06-12,6,2025-06-12 06:00,75,verified,06_08-14_2025.pdf,3,2025_June1212025_06_08-14_2025_p03.png
Kamuning,2025-06-12,7,2025-06-12 07:00,84,verified,06_08-14_2025.pdf,3,2025_June1212025_06_08-14_2025_p03.png
Kamuning,2025-06-12,8,2025-06-12 08:00,68,verified,06_08-14_2025.pdf,3,2025_June1212025_06_08-14_2025_p03.png
Kamuning,2025-06-12,9,2025-06-12 09:00,56,verified,06_08-14_2025.pdf,3,2025_June1212025_06_08-14_2025_p03.png
Kamuning,2025-06-12,10,2025-06-12 10:00,49,verified,06_08-14_2025.pdf,3,2025_June1212025_06_08-14_2025_p03.png
Kamuning,2025-06-12,11,2025-06-12 11:00,46,verified,06_08-14_2025.pdf,3,2025_June1212025_06_08-14_2025_p03.png
Kamuning,2025-06-12,12,2025-06-12 12:00,55,verified,06_08-14_2025.pdf,3,2025_June1212025_06_08-14_2025_p03.png
Kamuning,2025-06-12,13,2025-06-12 13:00,87,verified,06_08-14_2025.pdf,3,2025_June1212025_06_08-14_2025_p03.png
Kamuning,2025-06-12,14,2025-06-12 14:00,81,verified,06_08-14_2025.pdf,3,2025_June1212025_06_08-14_2025_p03.png
Kamuning,2025-06-12,15,2025-06-12 15:00,80,verified,06_08-14_2025.pdf,3,2025_June1212025_06_08-14_2025_p03.png
Kamuning,2025-06-12,16,2025-06-12 16:00,110,verified,06_08-14_2025.pdf,3,2025_June1212025_06_08-14_2025_p03.png
Kamuning,2025-06-12,17,2025-06-12 17:00,125,verified,06_08-14_2025.pdf,3,2025_June1212025_06_08-14_2025_p03.png
Kamuning,2025-06-12,18,2025-06-12 18:00,86,verified,06_08-14_2025.pdf,3,2025_June1212025_06_08-14_2025_p03.png
Kamuning,2025-06-12,19,2025-06-12 19:00,101,verified,06_08-14_2025.pdf,3,2025_June1212025_06_08-14_2025_p03.png
Kamuning,2025-06-12,20,2025-06-12 20:00,81,verified,06_08-14_2025.pdf,3,2025_June1212025_06_08-14_2025_p03.png
Kamuning,2025-06-12,21,2025-06-12 21:00,78,verified,06_08-14_2025.pdf,3,2025_June1212025_06_08-14_2025_p03.png
Kamuning,2025-06-12,22,2025-06-12 22:00,129,verified,06_08-14_2025.pdf,3,2025_June1212025_06_08-14_2025_p03.png
Kamuning,2025-06-12,23,2025-06-12 23:00,45,verified,06_08-14_2025.pdf,3,2025_June1212025_06_08-14_2025_p03.png
Kamuning,2025-06-12,0,2025-06-13 00:00,69,verified,06_08-14_2025.pdf,3,2025_June1212025_06_08-14_2025_p03.png
Kamuning,2025-06-12,1,2025-06-13 01:00,88,verified,06_08-14_2025.pdf,3,2025_June1212025_06_08-14_2025_p03.png
Kamuning,2025-06-12,2,2025-06-13 02:00,57,verified,06_08-14_2025.pdf,3,2025_June1212025_06_08-14_2025_p03.png
Kamuning,2025-06-12,3,2025-06-13 03:00,72,verified,06_08-14_2025.pdf,3,2025_June1212025_06_08-14_2025_p03.png
Kamuning,2025-06-12,4,2025-06-13 04:00,101,verified,06_08-14_2025.pdf,3,2025_June1212025_06_08-14_2025_p03.png
Kamuning,2025-06-12,5,2025-06-13 05:00,245,verified,06_08-14_2025.pdf,3,2025_June1212025_06_08-14_2025_p03.png
Kamuning,2025-06-13,6,2025-06-13 06:00,263,verified,06_08-14_2025.pdf,4,2025_June1212025_06_08-14_2025_p04.png
Kamuning,2025-06-13,7,2025-06-13 07:00,293,verified,06_08-14_2025.pdf,4,2025_June1212025_06_08-14_2025_p04.png
Kamuning,2025-06-13,8,2025-06-13 08:00,129,verified,06_08-14_2025.pdf,4,2025_June1212025_06_08-14_2025_p04.png
Kamuning,2025-06-13,9,2025-06-13 09:00,155,verified,06_08-14_2025.pdf,4,2025_June1212025_06_08-14_2025_p04.png
Kamuning,2025-06-13,10,2025-06-13 10:00,146,verified,06_08-14_2025.pdf,4,2025_June1212025_06_08-14_2025_p04.png
Kamuning,2025-06-13,11,2025-06-13 11:00,148,verified,06_08-14_2025.pdf,4,2025_June1212025_06_08-14_2025_p04.png
Kamuning,2025-06-13,12,2025-06-13 12:00,143,verified,06_08-14_2025.pdf,4,2025_June1212025_06_08-14_2025_p04.png
Kamuning,2025-06-13,13,2025-06-13 13:00,127,verified,06_08-14_2025.pdf,4,2025_June1212025_06_08-14_2025_p04.png
Kamuning,2025-06-13,14,2025-06-13 14:00,86,verified,06_08-14_2025.pdf,4,2025_June1212025_06_08-14_2025_p04.png
Kamuning,2025-06-13,15,2025-06-13 15:00,181,verified,06_08-14_2025.pdf,4,2025_June1212025_06_08-14_2025_p04.png
Kamuning,2025-06-13,16,2025-06-13 16:00,339,verified,06_08-14_2025.pdf,4,2025_June1212025_06_08-14_2025_p04.png
Kamuning,2025-06-13,17,2025-06-13 17:00,464,verified,06_08-14_2025.pdf,4,2025_June1212025_06_08-14_2025_p04.png
Kamuning,2025-06-13,18,2025-06-13 18:00,332,verified,06_08-14_2025.pdf,4,2025_June1212025_06_08-14_2025_p04.png
Kamuning,2025-06-13,19,2025-06-13 19:00,220,verified,06_08-14_2025.pdf,4,2025_June1212025_06_08-14_2025_p04.png
Kamuning,2025-06-13,20,2025-06-13 20:00,108,verified,06_08-14_2025.pdf,4,2025_June1212025_06_08-14_2025_p04.png
Kamuning,2025-06-13,21,2025-06-13 21:00,98,verified,06_08-14_2025.pdf,4,2025_June1212025_06_08-14_2025_p04.png
Kamuning,2025-06-13,22,2025-06-13 22:00,269,verified,06_08-14_2025.pdf,4,2025_June1212025_06_08-14_2025_p04.png
Kamuning,2025-06-13,23,2025-06-13 23:00,181,verified,06_08-14_2025.pdf,4,2025_June1212025_06_08-14_2025_p04.png
Kamuning,2025-06-13,0,2025-06-14 00:00,61,verified,06_08-14_2025.pdf,4,2025_June1212025_06_08-14_2025_p04.png
Kamuning,2025-06-13,1,2025-06-14 01:00,45,verified,06_08-14_2025.pdf,4,2025_June1212025_06_08-14_2025_p04.png
Kamuning,2025-06-13,2,2025-06-14 02:00,39,verified,06_08-14_2025.pdf,4,2025_June1212025_06_08-14_2025_p04.png
Kamuning,2025-06-13,3,2025-06-14 03:00,48,verified,06_08-14_2025.pdf,4,2025_June1212025_06_08-14_2025_p04.png
Kamuning,2025-06-13,4,2025-06-14 04:00,66,verified,06_08-14_2025.pdf,4,2025_June1212025_06_08-14_2025_p04.png
Kamuning,2025-06-13,5,2025-06-14 05:00,89,verified,06_08-14_2025.pdf,4,2025_June1212025_06_08-14_2025_p04.png
Kamuning,2025-06-14,6,2025-06-14 06:00,132,verified,06_08-14_2025.pdf,4,2025_June1212025_06_08-14_2025_p04.png
Kamuning,2025-06-14,7,2025-06-14 07:00,108,verified,06_08-14_2025.pdf,4,2025_June1212025_06_08-14_2025_p04.png
Kamuning,2025-06-14,8,2025-06-14 08:00,101,verified,06_08-14_2025.pdf,4,2025_June1212025_06_08-14_2025_p04.png
Kamuning,2025-06-14,9,2025-06-14 09:00,67,verified,06_08-14_2025.pdf,4,2025_June1212025_06_08-14_2025_p04.png
Kamuning,2025-06-14,10,2025-06-14 10:00,63,verified,06_08-14_2025.pdf,4,2025_June1212025_06_08-14_2025_p04.png
Kamuning,2025-06-14,11,2025-06-14 11:00,94,verified,06_08-14_2025.pdf,4,2025_June1212025_06_08-14_2025_p04.png
Kamuning,2025-06-14,12,2025-06-14 12:00,85,verified,06_08-14_2025.pdf,4,2025_June1212025_06_08-14_2025_p04.png
Kamuning,2025-06-14,13,2025-06-14 13:00,67,verified,06_08-14_2025.pdf,4,2025_June1212025_06_08-14_2025_p04.png
Kamuning,2025-06-14,14,2025-06-14 14:00,73,verified,06_08-14_2025.pdf,4,2025_June1212025_06_08-14_2025_p04.png
Kamuning,2025-06-14,15,2025-06-14 15:00,88,verified,06_08-14_2025.pdf,4,2025_June1212025_06_08-14_2025_p04.png
Kamuning,2025-06-14,16,2025-06-14 16:00,128,verified,06_08-14_2025.pdf,4,2025_June1212025_06_08-14_2025_p04.png
Kamuning,2025-06-14,17,2025-06-14 17:00,144,verified,06_08-14_2025.pdf,4,2025_June1212025_06_08-14_2025_p04.png
Kamuning,2025-06-14,18,2025-06-14 18:00,149,verified,06_08-14_2025.pdf,4,2025_June1212025_06_08-14_2025_p04.png
Kamuning,2025-06-14,19,2025-06-14 19:00,121,verified,06_08-14_2025.pdf,4,2025_June1212025_06_08-14_2025_p04.png
Kamuning,2025-06-14,20,2025-06-14 20:00,117,verified,06_08-14_2025.pdf,4,2025_June1212025_06_08-14_2025_p04.png
Kamuning,2025-06-14,21,2025-06-14 21:00,113,verified,06_08-14_2025.pdf,4,2025_June1212025_06_08-14_2025_p04.png
Kamuning,2025-06-14,22,2025-06-14 22:00,161,verified,06_08-14_2025.pdf,4,2025_June1212025_06_08-14_2025_p04.png
Kamuning,2025-06-14,23,2025-06-14 23:00,86,verified,06_08-14_2025.pdf,4,2025_June1212025_06_08-14_2025_p04.png
Kamuning,2025-06-14,0,2025-06-15 00:00,41,verified,06_08-14_2025.pdf,4,2025_June1212025_06_08-14_2025_p04.png
Kamuning,2025-06-14,1,2025-06-15 01:00,27,verified,06_08-14_2025.pdf,4,2025_June1212025_06_08-14_2025_p04.png
Kamuning,2025-06-14,2,2025-06-15 02:00,39,verified,06_08-14_2025.pdf,4,2025_June1212025_06_08-14_2025_p04.png
Kamuning,2025-06-14,3,2025-06-15 03:00,29,verified,06_08-14_2025.pdf,4,2025_June1212025_06_08-14_2025_p04.png
Kamuning,2025-06-14,4,2025-06-15 04:00,57,verified,06_08-14_2025.pdf,4,2025_June1212025_06_08-14_2025_p04.png
Kamuning,2025-06-14,5,2025-06-15 05:00,66,verified,06_08-14_2025.pdf,4,2025_June1212025_06_08-14_2025_p04.png
Kamuning,2025-06-15,6,2025-06-15 06:00,94,verified,06_15-21_2025.pdf,1,2025_June1212025_06_15-21_2025_p01.png
Kamuning,2025-06-15,7,2025-06-15 07:00,101,verified,06_15-21_2025.pdf,1,2025_June1212025_06_15-21_2025_p01.png
Kamuning,2025-06-15,8,2025-06-15 08:00,66,verified,06_15-21_2025.pdf,1,2025_June1212025_06_15-21_2025_p01.png
Kamuning,2025-06-15,9,2025-06-15 09:00,77,verified,06_15-21_2025.pdf,1,2025_June1212025_06_15-21_2025_p01.png
Kamuning,2025-06-15,10,2025-06-15 10:00,59,verified,06_15-21_2025.pdf,1,2025_June1212025_06_15-21_2025_p01.png
Kamuning,2025-06-15,11,2025-06-15 11:00,113,verified,06_15-21_2025.pdf,1,2025_June1212025_06_15-21_2025_p01.png
Kamuning,2025-06-15,12,2025-06-15 12:00,84,verified,06_15-21_2025.pdf,1,2025_June1212025_06_15-21_2025_p01.png
Kamuning,2025-06-15,13,2025-06-15 13:00,129,verified,06_15-21_2025.pdf,1,2025_June1212025_06_15-21_2025_p01.png
Kamuning,2025-06-15,14,2025-06-15 14:00,78,verified,06_15-21_2025.pdf,1,2025_June1212025_06_15-21_2025_p01.png
Kamuning,2025-06-15,15,2025-06-15 15:00,198,verified,06_15-21_2025.pdf,1,2025_June1212025_06_15-21_2025_p01.png
Kamuning,2025-06-15,16,2025-06-15 16:00,267,verified,06_15-21_2025.pdf,1,2025_June1212025_06_15-21_2025_p01.png
Kamuning,2025-06-15,17,2025-06-15 17:00,74,verified,06_15-21_2025.pdf,1,2025_June1212025_06_15-21_2025_p01.png
Kamuning,2025-06-15,18,2025-06-15 18:00,66,verified,06_15-21_2025.pdf,1,2025_June1212025_06_15-21_2025_p01.png
Kamuning,2025-06-15,19,2025-06-15 19:00,72,verified,06_15-21_2025.pdf,1,2025_June1212025_06_15-21_2025_p01.png
Kamuning,2025-06-15,20,2025-06-15 20:00,70,verified,06_15-21_2025.pdf,1,2025_June1212025_06_15-21_2025_p01.png
Kamuning,2025-06-15,21,2025-06-15 21:00,65,verified,06_15-21_2025.pdf,1,2025_June1212025_06_15-21_2025_p01.png
Kamuning,2025-06-15,22,2025-06-15 22:00,180,verified,06_15-21_2025.pdf,1,2025_June1212025_06_15-21_2025_p01.png
Kamuning,2025-06-15,23,2025-06-15 23:00,121,verified,06_15-21_2025.pdf,1,2025_June1212025_06_15-21_2025_p01.png
Kamuning,2025-06-15,0,2025-06-16 00:00,57,verified,06_15-21_2025.pdf,1,2025_June1212025_06_15-21_2025_p01.png
Kamuning,2025-06-15,1,2025-06-16 01:00,66,verified,06_15-21_2025.pdf,1,2025_June1212025_06_15-21_2025_p01.png
Kamuning,2025-06-15,2,2025-06-16 02:00,211,verified,06_15-21_2025.pdf,1,2025_June1212025_06_15-21_2025_p01.png
Kamuning,2025-06-15,3,2025-06-16 03:00,496,verified,06_15-21_2025.pdf,1,2025_June1212025_06_15-21_2025_p01.png
Kamuning,2025-06-15,4,2025-06-16 04:00,338,verified,06_15-21_2025.pdf,1,2025_June1212025_06_15-21_2025_p01.png
Kamuning,2025-06-15,5,2025-06-16 05:00,240,verified,06_15-21_2025.pdf,1,2025_June1212025_06_15-21_2025_p01.png
Kamuning,2025-06-16,6,2025-06-16 06:00,667,verified,06_15-21_2025.pdf,2,2025_June1212025_06_15-21_2025_p02.png
Kamuning,2025-06-16,7,2025-06-16 07:00,491,verified,06_15-21_2025.pdf,2,2025_June1212025_06_15-21_2025_p02.png
Kamuning,2025-06-16,8,2025-06-16 08:00,203,verified,06_15-21_2025.pdf,2,2025_June1212025_06_15-21_2025_p02.png
Kamuning,2025-06-16,9,2025-06-16 09:00,140,verified,06_15-21_2025.pdf,2,2025_June1212025_06_15-21_2025_p02.png
Kamuning,2025-06-16,10,2025-06-16 10:00,124,verified,06_15-21_2025.pdf,2,2025_June1212025_06_15-21_2025_p02.png
Kamuning,2025-06-16,11,2025-06-16 11:00,128,verified,06_15-21_2025.pdf,2,2025_June1212025_06_15-21_2025_p02.png
Kamuning,2025-06-16,12,2025-06-16 12:00,137,verified,06_15-21_2025.pdf,2,2025_June1212025_06_15-21_2025_p02.png
Kamuning,2025-06-16,13,2025-06-16 13:00,145,verified,06_15-21_2025.pdf,2,2025_June1212025_06_15-21_2025_p02.png
Kamuning,2025-06-16,14,2025-06-16 14:00,168,verified,06_15-21_2025.pdf,2,2025_June1212025_06_15-21_2025_p02.png
Kamuning,2025-06-16,15,2025-06-16 15:00,141,verified,06_15-21_2025.pdf,2,2025_June1212025_06_15-21_2025_p02.png
Kamuning,2025-06-16,16,2025-06-16 16:00,365,verified,06_15-21_2025.pdf,2,2025_June1212025_06_15-21_2025_p02.png
Kamuning,2025-06-16,17,2025-06-16 17:00,410,verified,06_15-21_2025.pdf,2,2025_June1212025_06_15-21_2025_p02.png
Kamuning,2025-06-16,18,2025-06-16 18:00,251,verified,06_15-21_2025.pdf,2,2025_June1212025_06_15-21_2025_p02.png
Kamuning,2025-06-16,19,2025-06-16 19:00,303,verified,06_15-21_2025.pdf,2,2025_June1212025_06_15-21_2025_p02.png
Kamuning,2025-06-16,20,2025-06-16 20:00,181,verified,06_15-21_2025.pdf,2,2025_June1212025_06_15-21_2025_p02.png
Kamuning,2025-06-16,21,2025-06-16 21:00,168,verified,06_15-21_2025.pdf,2,2025_June1212025_06_15-21_2025_p02.png
Kamuning,2025-06-16,22,2025-06-16 22:00,110,verified,06_15-21_2025.pdf,2,2025_June1212025_06_15-21_2025_p02.png
Kamuning,2025-06-16,23,2025-06-16 23:00,96,verified,06_15-21_2025.pdf,2,2025_June1212025_06_15-21_2025_p02.png
Kamuning,2025-06-16,0,2025-06-17 00:00,45,verified,06_15-21_2025.pdf,2,2025_June1212025_06_15-21_2025_p02.png
Kamuning,2025-06-16,1,2025-06-17 01:00,69,verified,06_15-21_2025.pdf,2,2025_June1212025_06_15-21_2025_p02.png
Kamuning,2025-06-16,2,2025-06-17 02:00,27,verified,06_15-21_2025.pdf,2,2025_June1212025_06_15-21_2025_p02.png
Kamuning,2025-06-16,3,2025-06-17 03:00,66,verified,06_15-21_2025.pdf,2,2025_June1212025_06_15-21_2025_p02.png
Kamuning,2025-06-16,4,2025-06-17 04:00,85,verified,06_15-21_2025.pdf,2,2025_June1212025_06_15-21_2025_p02.png
Kamuning,2025-06-16,5,2025-06-17 05:00,117,verified,06_15-21_2025.pdf,2,2025_June1212025_06_15-21_2025_p02.png
Kamuning,2025-06-17,6,2025-06-17 06:00,249,verified,06_15-21_2025.pdf,2,2025_June1212025_06_15-21_2025_p02.png
Kamuning,2025-06-17,7,2025-06-17 07:00,202,verified,06_15-21_2025.pdf,2,2025_June1212025_06_15-21_2025_p02.png
Kamuning,2025-06-17,8,2025-06-17 08:00,746,verified,06_15-21_2025.pdf,2,2025_June1212025_06_15-21_2025_p02.png
Kamuning,2025-06-17,9,2025-06-17 09:00,93,verified,06_15-21_2025.pdf,2,2025_June1212025_06_15-21_2025_p02.png
Kamuning,2025-06-17,10,2025-06-17 10:00,101,verified,06_15-21_2025.pdf,2,2025_June1212025_06_15-21_2025_p02.png
Kamuning,2025-06-17,11,2025-06-17 11:00,106,verified,06_15-21_2025.pdf,2,2025_June1212025_06_15-21_2025_p02.png
Kamuning,2025-06-17,12,2025-06-17 12:00,70,verified,06_15-21_2025.pdf,2,2025_June1212025_06_15-21_2025_p02.png
Kamuning,2025-06-17,13,2025-06-17 13:00,97,verified,06_15-21_2025.pdf,2,2025_June1212025_06_15-21_2025_p02.png
Kamuning,2025-06-17,14,2025-06-17 14:00,171,verified,06_15-21_2025.pdf,2,2025_June1212025_06_15-21_2025_p02.png
Kamuning,2025-06-17,15,2025-06-17 15:00,187,verified,06_15-21_2025.pdf,2,2025_June1212025_06_15-21_2025_p02.png
Kamuning,2025-06-17,16,2025-06-17 16:00,289,verified,06_15-21_2025.pdf,2,2025_June1212025_06_15-21_2025_p02.png
Kamuning,2025-06-17,17,2025-06-17 17:00,352,verified,06_15-21_2025.pdf,2,2025_June1212025_06_15-21_2025_p02.png
Kamuning,2025-06-17,18,2025-06-17 18:00,398,verified,06_15-21_2025.pdf,2,2025_June1212025_06_15-21_2025_p02.png
Kamuning,2025-06-17,19,2025-06-17 19:00,334,verified,06_15-21_2025.pdf,2,2025_June1212025_06_15-21_2025_p02.png
Kamuning,2025-06-17,20,2025-06-17 20:00,163,verified,06_15-21_2025.pdf,2,2025_June1212025_06_15-21_2025_p02.png
Kamuning,2025-06-17,21,2025-06-17 21:00,115,verified,06_15-21_2025.pdf,2,2025_June1212025_06_15-21_2025_p02.png
Kamuning,2025-06-17,22,2025-06-17 22:00,122,verified,06_15-21_2025.pdf,2,2025_June1212025_06_15-21_2025_p02.png
Kamuning,2025-06-17,23,2025-06-17 23:00,93,verified,06_15-21_2025.pdf,2,2025_June1212025_06_15-21_2025_p02.png
Kamuning,2025-06-17,0,2025-06-18 00:00,63,verified,06_15-21_2025.pdf,2,2025_June1212025_06_15-21_2025_p02.png
Kamuning,2025-06-17,1,2025-06-18 01:00,52,verified,06_15-21_2025.pdf,2,2025_June1212025_06_15-21_2025_p02.png
Kamuning,2025-06-17,2,2025-06-18 02:00,42,verified,06_15-21_2025.pdf,2,2025_June1212025_06_15-21_2025_p02.png
Kamuning,2025-06-17,3,2025-06-18 03:00,62,verified,06_15-21_2025.pdf,2,2025_June1212025_06_15-21_2025_p02.png
Kamuning,2025-06-17,4,2025-06-18 04:00,76,verified,06_15-21_2025.pdf,2,2025_June1212025_06_15-21_2025_p02.png
Kamuning,2025-06-17,5,2025-06-18 05:00,128,verified,06_15-21_2025.pdf,2,2025_June1212025_06_15-21_2025_p02.png
Kamuning,2025-06-18,6,2025-06-18 06:00,256,verified,06_15-21_2025.pdf,3,2025_June1212025_06_15-21_2025_p03.png
Kamuning,2025-06-18,7,2025-06-18 07:00,382,verified,06_15-21_2025.pdf,3,2025_June1212025_06_15-21_2025_p03.png
Kamuning,2025-06-18,8,2025-06-18 08:00,140,verified,06_15-21_2025.pdf,3,2025_June1212025_06_15-21_2025_p03.png
Kamuning,2025-06-18,9,2025-06-18 09:00,96,verified,06_15-21_2025.pdf,3,2025_June1212025_06_15-21_2025_p03.png
Kamuning,2025-06-18,10,2025-06-18 10:00,76,verified,06_15-21_2025.pdf,3,2025_June1212025_06_15-21_2025_p03.png
Kamuning,2025-06-18,11,2025-06-18 11:00,71,verified,06_15-21_2025.pdf,3,2025_June1212025_06_15-21_2025_p03.png
Kamuning,2025-06-18,12,2025-06-18 12:00,145,verified,06_15-21_2025.pdf,3,2025_June1212025_06_15-21_2025_p03.png
Kamuning,2025-06-18,13,2025-06-18 13:00,121,verified,06_15-21_2025.pdf,3,2025_June1212025_06_15-21_2025_p03.png
Kamuning,2025-06-18,14,2025-06-18 14:00,128,verified,06_15-21_2025.pdf,3,2025_June1212025_06_15-21_2025_p03.png
Kamuning,2025-06-18,15,2025-06-18 15:00,151,verified,06_15-21_2025.pdf,3,2025_June1212025_06_15-21_2025_p03.png
Kamuning,2025-06-18,16,2025-06-18 16:00,302,verified,06_15-21_2025.pdf,3,2025_June1212025_06_15-21_2025_p03.png
Kamuning,2025-06-18,17,2025-06-18 17:00,396,verified,06_15-21_2025.pdf,3,2025_June1212025_06_15-21_2025_p03.png
Kamuning,2025-06-18,18,2025-06-18 18:00,226,verified,06_15-21_2025.pdf,3,2025_June1212025_06_15-21_2025_p03.png
Kamuning,2025-06-18,19,2025-06-18 19:00,165,verified,06_15-21_2025.pdf,3,2025_June1212025_06_15-21_2025_p03.png
Kamuning,2025-06-18,20,2025-06-18 20:00,134,verified,06_15-21_2025.pdf,3,2025_June1212025_06_15-21_2025_p03.png
Kamuning,2025-06-18,21,2025-06-18 21:00,186,verified,06_15-21_2025.pdf,3,2025_June1212025_06_15-21_2025_p03.png
Kamuning,2025-06-18,22,2025-06-18 22:00,312,verified,06_15-21_2025.pdf,3,2025_June1212025_06_15-21_2025_p03.png
Kamuning,2025-06-18,23,2025-06-18 23:00,114,verified,06_15-21_2025.pdf,3,2025_June1212025_06_15-21_2025_p03.png
Kamuning,2025-06-18,0,2025-06-19 00:00,57,verified,06_15-21_2025.pdf,3,2025_June1212025_06_15-21_2025_p03.png
Kamuning,2025-06-18,1,2025-06-19 01:00,45,verified,06_15-21_2025.pdf,3,2025_June1212025_06_15-21_2025_p03.png
Kamuning,2025-06-18,2,2025-06-19 02:00,39,verified,06_15-21_2025.pdf,3,2025_June1212025_06_15-21_2025_p03.png
Kamuning,2025-06-18,3,2025-06-19 03:00,61,verified,06_15-21_2025.pdf,3,2025_June1212025_06_15-21_2025_p03.png
Kamuning,2025-06-18,4,2025-06-19 04:00,77,verified,06_15-21_2025.pdf,3,2025_June1212025_06_15-21_2025_p03.png
Kamuning,2025-06-18,5,2025-06-19 05:00,169,verified,06_15-21_2025.pdf,3,2025_June1212025_06_15-21_2025_p03.png
Kamuning,2025-06-19,6,2025-06-19 06:00,216,verified,06_15-21_2025.pdf,3,2025_June1212025_06_15-21_2025_p03.png
Kamuning,2025-06-19,7,2025-06-19 07:00,268,verified,06_15-21_2025.pdf,3,2025_June1212025_06_15-21_2025_p03.png
Kamuning,2025-06-19,8,2025-06-19 08:00,161,verified,06_15-21_2025.pdf,3,2025_June1212025_06_15-21_2025_p03.png
Kamuning,2025-06-19,9,2025-06-19 09:00,100,verified,06_15-21_2025.pdf,3,2025_June1212025_06_15-21_2025_p03.png
Kamuning,2025-06-19,10,2025-06-19 10:00,98,verified,06_15-21_2025.pdf,3,2025_June1212025_06_15-21_2025_p03.png
Kamuning,2025-06-19,11,2025-06-19 11:00,86,verified,06_15-21_2025.pdf,3,2025_June1212025_06_15-21_2025_p03.png
Kamuning,2025-06-19,12,2025-06-19 12:00,88,verified,06_15-21_2025.pdf,3,2025_June1212025_06_15-21_2025_p03.png
Kamuning,2025-06-19,13,2025-06-19 13:00,72,verified,06_15-21_2025.pdf,3,2025_June1212025_06_15-21_2025_p03.png
Kamuning,2025-06-19,14,2025-06-19 14:00,175,verified,06_15-21_2025.pdf,3,2025_June1212025_06_15-21_2025_p03.png
Kamuning,2025-06-19,15,2025-06-19 15:00,183,verified,06_15-21_2025.pdf,3,2025_June1212025_06_15-21_2025_p03.png
Kamuning,2025-06-19,16,2025-06-19 16:00,406,verified,06_15-21_2025.pdf,3,2025_June1212025_06_15-21_2025_p03.png
Kamuning,2025-06-19,17,2025-06-19 17:00,352,verified,06_15-21_2025.pdf,3,2025_June1212025_06_15-21_2025_p03.png
Kamuning,2025-06-19,18,2025-06-19 18:00,310,verified,06_15-21_2025.pdf,3,2025_June1212025_06_15-21_2025_p03.png
Kamuning,2025-06-19,19,2025-06-19 19:00,213,verified,06_15-21_2025.pdf,3,2025_June1212025_06_15-21_2025_p03.png
Kamuning,2025-06-19,20,2025-06-19 20:00,181,verified,06_15-21_2025.pdf,3,2025_June1212025_06_15-21_2025_p03.png
Kamuning,2025-06-19,21,2025-06-19 21:00,169,verified,06_15-21_2025.pdf,3,2025_June1212025_06_15-21_2025_p03.png
Kamuning,2025-06-19,22,2025-06-19 22:00,108,verified,06_15-21_2025.pdf,3,2025_June1212025_06_15-21_2025_p03.png
Kamuning,2025-06-19,23,2025-06-19 23:00,89,verified,06_15-21_2025.pdf,3,2025_June1212025_06_15-21_2025_p03.png
Kamuning,2025-06-19,0,2025-06-20 00:00,71,verified,06_15-21_2025.pdf,3,2025_June1212025_06_15-21_2025_p03.png
Kamuning,2025-06-19,1,2025-06-20 01:00,68,verified,06_15-21_2025.pdf,3,2025_June1212025_06_15-21_2025_p03.png
Kamuning,2025-06-19,2,2025-06-20 02:00,65,verified,06_15-21_2025.pdf,3,2025_June1212025_06_15-21_2025_p03.png
Kamuning,2025-06-19,3,2025-06-20 03:00,59,verified,06_15-21_2025.pdf,3,2025_June1212025_06_15-21_2025_p03.png
Kamuning,2025-06-19,4,2025-06-20 04:00,62,verified,06_15-21_2025.pdf,3,2025_June1212025_06_15-21_2025_p03.png
Kamuning,2025-06-19,5,2025-06-20 05:00,116,verified,06_15-21_2025.pdf,3,2025_June1212025_06_15-21_2025_p03.png
Kamuning,2025-06-20,6,2025-06-20 06:00,127,verified,06_15-21_2025.pdf,4,2025_June1212025_06_15-21_2025_p04.png
Kamuning,2025-06-20,7,2025-06-20 07:00,219,verified,06_15-21_2025.pdf,4,2025_June1212025_06_15-21_2025_p04.png
Kamuning,2025-06-20,8,2025-06-20 08:00,96,verified,06_15-21_2025.pdf,4,2025_June1212025_06_15-21_2025_p04.png
Kamuning,2025-06-20,9,2025-06-20 09:00,111,verified,06_15-21_2025.pdf,4,2025_June1212025_06_15-21_2025_p04.png
Kamuning,2025-06-20,10,2025-06-20 10:00,121,verified,06_15-21_2025.pdf,4,2025_June1212025_06_15-21_2025_p04.png
Kamuning,2025-06-20,11,2025-06-20 11:00,101,verified,06_15-21_2025.pdf,4,2025_June1212025_06_15-21_2025_p04.png
Kamuning,2025-06-20,12,2025-06-20 12:00,119,verified,06_15-21_2025.pdf,4,2025_June1212025_06_15-21_2025_p04.png
Kamuning,2025-06-20,13,2025-06-20 13:00,105,verified,06_15-21_2025.pdf,4,2025_June1212025_06_15-21_2025_p04.png
Kamuning,2025-06-20,14,2025-06-20 14:00,146,verified,06_15-21_2025.pdf,4,2025_June1212025_06_15-21_2025_p04.png
Kamuning,2025-06-20,15,2025-06-20 15:00,384,verified,06_15-21_2025.pdf,4,2025_June1212025_06_15-21_2025_p04.png
Kamuning,2025-06-20,16,2025-06-20 16:00,417,verified,06_15-21_2025.pdf,4,2025_June1212025_06_15-21_2025_p04.png
Kamuning,2025-06-20,17,2025-06-20 17:00,510,verified,06_15-21_2025.pdf,4,2025_June1212025_06_15-21_2025_p04.png
Kamuning,2025-06-20,18,2025-06-20 18:00,213,verified,06_15-21_2025.pdf,4,2025_June1212025_06_15-21_2025_p04.png
Kamuning,2025-06-20,19,2025-06-20 19:00,134,verified,06_15-21_2025.pdf,4,2025_June1212025_06_15-21_2025_p04.png
Kamuning,2025-06-20,20,2025-06-20 20:00,114,verified,06_15-21_2025.pdf,4,2025_June1212025_06_15-21_2025_p04.png
Kamuning,2025-06-20,21,2025-06-20 21:00,156,verified,06_15-21_2025.pdf,4,2025_June1212025_06_15-21_2025_p04.png
Kamuning,2025-06-20,22,2025-06-20 22:00,107,verified,06_15-21_2025.pdf,4,2025_June1212025_06_15-21_2025_p04.png
Kamuning,2025-06-20,23,2025-06-20 23:00,76,verified,06_15-21_2025.pdf,4,2025_June1212025_06_15-21_2025_p04.png
Kamuning,2025-06-20,0,2025-06-21 00:00,52,verified,06_15-21_2025.pdf,4,2025_June1212025_06_15-21_2025_p04.png
Kamuning,2025-06-20,1,2025-06-21 01:00,49,verified,06_15-21_2025.pdf,4,2025_June1212025_06_15-21_2025_p04.png
Kamuning,2025-06-20,2,2025-06-21 02:00,59,verified,06_15-21_2025.pdf,4,2025_June1212025_06_15-21_2025_p04.png
Kamuning,2025-06-20,3,2025-06-21 03:00,64,verified,06_15-21_2025.pdf,4,2025_June1212025_06_15-21_2025_p04.png
Kamuning,2025-06-20,4,2025-06-21 04:00,77,verified,06_15-21_2025.pdf,4,2025_June1212025_06_15-21_2025_p04.png
Kamuning,2025-06-20,5,2025-06-21 05:00,179,verified,06_15-21_2025.pdf,4,2025_June1212025_06_15-21_2025_p04.png
Kamuning,2025-06-21,6,2025-06-21 06:00,128,verified,06_15-21_2025.pdf,4,2025_June1212025_06_15-21_2025_p04.png
Kamuning,2025-06-21,7,2025-06-21 07:00,102,verified,06_15-21_2025.pdf,4,2025_June1212025_06_15-21_2025_p04.png
Kamuning,2025-06-21,8,2025-06-21 08:00,84,verified,06_15-21_2025.pdf,4,2025_June1212025_06_15-21_2025_p04.png
Kamuning,2025-06-21,9,2025-06-21 09:00,92,verified,06_15-21_2025.pdf,4,2025_June1212025_06_15-21_2025_p04.png
Kamuning,2025-06-21,10,2025-06-21 10:00,52,verified,06_15-21_2025.pdf,4,2025_June1212025_06_15-21_2025_p04.png
Kamuning,2025-06-21,11,2025-06-21 11:00,59,verified,06_15-21_2025.pdf,4,2025_June1212025_06_15-21_2025_p04.png
Kamuning,2025-06-21,12,2025-06-21 12:00,66,verified,06_15-21_2025.pdf,4,2025_June1212025_06_15-21_2025_p04.png
Kamuning,2025-06-21,13,2025-06-21 13:00,49,verified,06_15-21_2025.pdf,4,2025_June1212025_06_15-21_2025_p04.png
Kamuning,2025-06-21,14,2025-06-21 14:00,84,verified,06_15-21_2025.pdf,4,2025_June1212025_06_15-21_2025_p04.png
Kamuning,2025-06-21,15,2025-06-21 15:00,136,verified,06_15-21_2025.pdf,4,2025_June1212025_06_15-21_2025_p04.png
Kamuning,2025-06-21,16,2025-06-21 16:00,214,verified,06_15-21_2025.pdf,4,2025_June1212025_06_15-21_2025_p04.png
Kamuning,2025-06-21,17,2025-06-21 17:00,188,verified,06_15-21_2025.pdf,4,2025_June1212025_06_15-21_2025_p04.png
Kamuning,2025-06-21,18,2025-06-21 18:00,154,verified,06_15-21_2025.pdf,4,2025_June1212025_06_15-21_2025_p04.png
Kamuning,2025-06-21,19,2025-06-21 19:00,109,verified,06_15-21_2025.pdf,4,2025_June1212025_06_15-21_2025_p04.png
Kamuning,2025-06-21,20,2025-06-21 20:00,112,verified,06_15-21_2025.pdf,4,2025_June1212025_06_15-21_2025_p04.png
Kamuning,2025-06-21,21,2025-06-21 21:00,148,verified,06_15-21_2025.pdf,4,2025_June1212025_06_15-21_2025_p04.png
Kamuning,2025-06-21,22,2025-06-21 22:00,142,verified,06_15-21_2025.pdf,4,2025_June1212025_06_15-21_2025_p04.png
Kamuning,2025-06-21,23,2025-06-21 23:00,96,verified,06_15-21_2025.pdf,4,2025_June1212025_06_15-21_2025_p04.png
Kamuning,2025-06-21,0,2025-06-22 00:00,69,verified,06_15-21_2025.pdf,4,2025_June1212025_06_15-21_2025_p04.png
Kamuning,2025-06-21,1,2025-06-22 01:00,45,verified,06_15-21_2025.pdf,4,2025_June1212025_06_15-21_2025_p04.png
Kamuning,2025-06-21,2,2025-06-22 02:00,29,verified,06_15-21_2025.pdf,4,2025_June1212025_06_15-21_2025_p04.png
Kamuning,2025-06-21,3,2025-06-22 03:00,81,verified,06_15-21_2025.pdf,4,2025_June1212025_06_15-21_2025_p04.png
Kamuning,2025-06-21,4,2025-06-22 04:00,119,verified,06_15-21_2025.pdf,4,2025_June1212025_06_15-21_2025_p04.png
Kamuning,2025-06-21,5,2025-06-22 05:00,161,verified,06_15-21_2025.pdf,4,2025_June1212025_06_15-21_2025_p04.png
Kamuning,2025-08-07,6,2025-08-07 06:00,86,verified,080725-081325.pdf,1,2025_August7September15_080725-081325_p01.png
Kamuning,2025-08-07,7,2025-08-07 07:00,91,verified,080725-081325.pdf,1,2025_August7September15_080725-081325_p01.png
Kamuning,2025-08-07,8,2025-08-07 08:00,48,verified,080725-081325.pdf,1,2025_August7September15_080725-081325_p01.png
Kamuning,2025-08-07,9,2025-08-07 09:00,61,verified,080725-081325.pdf,1,2025_August7September15_080725-081325_p01.png
Kamuning,2025-08-07,10,2025-08-07 10:00,38,verified,080725-081325.pdf,1,2025_August7September15_080725-081325_p01.png
Kamuning,2025-08-07,11,2025-08-07 11:00,35,verified,080725-081325.pdf,1,2025_August7September15_080725-081325_p01.png
Kamuning,2025-08-07,12,2025-08-07 12:00,41,verified,080725-081325.pdf,1,2025_August7September15_080725-081325_p01.png
Kamuning,2025-08-07,13,2025-08-07 13:00,20,verified,080725-081325.pdf,1,2025_August7September15_080725-081325_p01.png
Kamuning,2025-08-07,14,2025-08-07 14:00,29,verified,080725-081325.pdf,1,2025_August7September15_080725-081325_p01.png
Kamuning,2025-08-07,15,2025-08-07 15:00,18,verified,080725-081325.pdf,1,2025_August7September15_080725-081325_p01.png
Kamuning,2025-08-07,16,2025-08-07 16:00,26,verified,080725-081325.pdf,1,2025_August7September15_080725-081325_p01.png
Kamuning,2025-08-07,17,2025-08-07 17:00,44,verified,080725-081325.pdf,1,2025_August7September15_080725-081325_p01.png
Kamuning,2025-08-07,18,2025-08-07 18:00,1,verified,080725-081325.pdf,1,2025_August7September15_080725-081325_p01.png
Kamuning,2025-08-07,19,2025-08-07 19:00,38,verified,080725-081325.pdf,1,2025_August7September15_080725-081325_p01.png
Kamuning,2025-08-07,20,2025-08-07 20:00,48,verified,080725-081325.pdf,1,2025_August7September15_080725-081325_p01.png
Kamuning,2025-08-07,21,2025-08-07 21:00,58,verified,080725-081325.pdf,1,2025_August7September15_080725-081325_p01.png
Kamuning,2025-08-07,22,2025-08-07 22:00,7,verified,080725-081325.pdf,1,2025_August7September15_080725-081325_p01.png
Kamuning,2025-08-07,23,2025-08-07 23:00,35,verified,080725-081325.pdf,1,2025_August7September15_080725-081325_p01.png
Kamuning,2025-08-07,0,2025-08-08 00:00,14,verified,080725-081325.pdf,1,2025_August7September15_080725-081325_p01.png
Kamuning,2025-08-07,1,2025-08-08 01:00,11,verified,080725-081325.pdf,1,2025_August7September15_080725-081325_p01.png
Kamuning,2025-08-07,2,2025-08-08 02:00,12,verified,080725-081325.pdf,1,2025_August7September15_080725-081325_p01.png
Kamuning,2025-08-07,3,2025-08-08 03:00,30,verified,080725-081325.pdf,1,2025_August7September15_080725-081325_p01.png
Kamuning,2025-08-07,4,2025-08-08 04:00,40,verified,080725-081325.pdf,1,2025_August7September15_080725-081325_p01.png
Kamuning,2025-08-07,5,2025-08-08 05:00,57,verified,080725-081325.pdf,1,2025_August7September15_080725-081325_p01.png
Kamuning,2025-08-08,6,2025-08-08 06:00,26,mismatch,080725-081325.pdf,2,2025_August7September15_080725-081325_p02.png
Kamuning,2025-08-08,7,2025-08-08 07:00,36,mismatch,080725-081325.pdf,2,2025_August7September15_080725-081325_p02.png
Kamuning,2025-08-08,8,2025-08-08 08:00,19,mismatch,080725-081325.pdf,2,2025_August7September15_080725-081325_p02.png
Kamuning,2025-08-08,9,2025-08-08 09:00,11,mismatch,080725-081325.pdf,2,2025_August7September15_080725-081325_p02.png
Kamuning,2025-08-08,10,2025-08-08 10:00,10,mismatch,080725-081325.pdf,2,2025_August7September15_080725-081325_p02.png
Kamuning,2025-08-08,11,2025-08-08 11:00,6,mismatch,080725-081325.pdf,2,2025_August7September15_080725-081325_p02.png
Kamuning,2025-08-08,12,2025-08-08 12:00,6,mismatch,080725-081325.pdf,2,2025_August7September15_080725-081325_p02.png
Kamuning,2025-08-08,13,2025-08-08 13:00,5,mismatch,080725-081325.pdf,2,2025_August7September15_080725-081325_p02.png
Kamuning,2025-08-08,14,2025-08-08 14:00,7,mismatch,080725-081325.pdf,2,2025_August7September15_080725-081325_p02.png
Kamuning,2025-08-08,15,2025-08-08 15:00,13,mismatch,080725-081325.pdf,2,2025_August7September15_080725-081325_p02.png
Kamuning,2025-08-08,16,2025-08-08 16:00,10,mismatch,080725-081325.pdf,2,2025_August7September15_080725-081325_p02.png
Kamuning,2025-08-08,17,2025-08-08 17:00,13,mismatch,080725-081325.pdf,2,2025_August7September15_080725-081325_p02.png
Kamuning,2025-08-08,18,2025-08-08 18:00,23,mismatch,080725-081325.pdf,2,2025_August7September15_080725-081325_p02.png
Kamuning,2025-08-08,19,2025-08-08 19:00,48,mismatch,080725-081325.pdf,2,2025_August7September15_080725-081325_p02.png
Kamuning,2025-08-08,20,2025-08-08 20:00,29,mismatch,080725-081325.pdf,2,2025_August7September15_080725-081325_p02.png
Kamuning,2025-08-08,21,2025-08-08 21:00,41,mismatch,080725-081325.pdf,2,2025_August7September15_080725-081325_p02.png
Kamuning,2025-08-08,22,2025-08-08 22:00,24,mismatch,080725-081325.pdf,2,2025_August7September15_080725-081325_p02.png
Kamuning,2025-08-08,23,2025-08-08 23:00,14,mismatch,080725-081325.pdf,2,2025_August7September15_080725-081325_p02.png
Kamuning,2025-08-08,0,2025-08-09 00:00,16,mismatch,080725-081325.pdf,2,2025_August7September15_080725-081325_p02.png
Kamuning,2025-08-08,1,2025-08-09 01:00,22,mismatch,080725-081325.pdf,2,2025_August7September15_080725-081325_p02.png
Kamuning,2025-08-08,2,2025-08-09 02:00,12,mismatch,080725-081325.pdf,2,2025_August7September15_080725-081325_p02.png
Kamuning,2025-08-08,3,2025-08-09 03:00,35,mismatch,080725-081325.pdf,2,2025_August7September15_080725-081325_p02.png
Kamuning,2025-08-08,4,2025-08-09 04:00,60,mismatch,080725-081325.pdf,2,2025_August7September15_080725-081325_p02.png
Kamuning,2025-08-08,5,2025-08-09 05:00,81,mismatch,080725-081325.pdf,2,2025_August7September15_080725-081325_p02.png
Kamuning,2025-08-09,6,2025-08-09 06:00,40,mismatch,080725-081325.pdf,2,2025_August7September15_080725-081325_p02.png
Kamuning,2025-08-09,7,2025-08-09 07:00,61,mismatch,080725-081325.pdf,2,2025_August7September15_080725-081325_p02.png
Kamuning,2025-08-09,8,2025-08-09 08:00,70,mismatch,080725-081325.pdf,2,2025_August7September15_080725-081325_p02.png
Kamuning,2025-08-09,9,2025-08-09 09:00,50,mismatch,080725-081325.pdf,2,2025_August7September15_080725-081325_p02.png
Kamuning,2025-08-09,10,2025-08-09 10:00,90,mismatch,080725-081325.pdf,2,2025_August7September15_080725-081325_p02.png
Kamuning,2025-08-09,11,2025-08-09 11:00,30,mismatch,080725-081325.pdf,2,2025_August7September15_080725-081325_p02.png
Kamuning,2025-08-09,12,2025-08-09 12:00,31,mismatch,080725-081325.pdf,2,2025_August7September15_080725-081325_p02.png
Kamuning,2025-08-09,13,2025-08-09 13:00,15,mismatch,080725-081325.pdf,2,2025_August7September15_080725-081325_p02.png
Kamuning,2025-08-09,14,2025-08-09 14:00,30,mismatch,080725-081325.pdf,2,2025_August7September15_080725-081325_p02.png
Kamuning,2025-08-09,15,2025-08-09 15:00,40,mismatch,080725-081325.pdf,2,2025_August7September15_080725-081325_p02.png
Kamuning,2025-08-09,16,2025-08-09 16:00,50,mismatch,080725-081325.pdf,2,2025_August7September15_080725-081325_p02.png
Kamuning,2025-08-09,17,2025-08-09 17:00,60,mismatch,080725-081325.pdf,2,2025_August7September15_080725-081325_p02.png
Kamuning,2025-08-09,18,2025-08-09 18:00,73,mismatch,080725-081325.pdf,2,2025_August7September15_080725-081325_p02.png
Kamuning,2025-08-09,19,2025-08-09 19:00,105,mismatch,080725-081325.pdf,2,2025_August7September15_080725-081325_p02.png
Kamuning,2025-08-09,20,2025-08-09 20:00,97,mismatch,080725-081325.pdf,2,2025_August7September15_080725-081325_p02.png
Kamuning,2025-08-09,21,2025-08-09 21:00,70,mismatch,080725-081325.pdf,2,2025_August7September15_080725-081325_p02.png
Kamuning,2025-08-09,22,2025-08-09 22:00,43,mismatch,080725-081325.pdf,2,2025_August7September15_080725-081325_p02.png
Kamuning,2025-08-09,23,2025-08-09 23:00,19,mismatch,080725-081325.pdf,2,2025_August7September15_080725-081325_p02.png
Kamuning,2025-08-09,0,2025-08-10 00:00,37,mismatch,080725-081325.pdf,2,2025_August7September15_080725-081325_p02.png
Kamuning,2025-08-09,1,2025-08-10 01:00,15,mismatch,080725-081325.pdf,2,2025_August7September15_080725-081325_p02.png
Kamuning,2025-08-09,2,2025-08-10 02:00,128,mismatch,080725-081325.pdf,2,2025_August7September15_080725-081325_p02.png
Kamuning,2025-08-09,3,2025-08-10 03:00,221,mismatch,080725-081325.pdf,2,2025_August7September15_080725-081325_p02.png
Kamuning,2025-08-09,4,2025-08-10 04:00,157,mismatch,080725-081325.pdf,2,2025_August7September15_080725-081325_p02.png
Kamuning,2025-08-09,5,2025-08-10 05:00,80,mismatch,080725-081325.pdf,2,2025_August7September15_080725-081325_p02.png
Kamuning,2025-08-10,6,2025-08-10 06:00,140,mismatch,080725-081325.pdf,3,2025_August7September15_080725-081325_p03.png
Kamuning,2025-08-10,7,2025-08-10 07:00,113,mismatch,080725-081325.pdf,3,2025_August7September15_080725-081325_p03.png
Kamuning,2025-08-10,8,2025-08-10 08:00,90,mismatch,080725-081325.pdf,3,2025_August7September15_080725-081325_p03.png
Kamuning,2025-08-10,9,2025-08-10 09:00,60,mismatch,080725-081325.pdf,3,2025_August7September15_080725-081325_p03.png
Kamuning,2025-08-10,10,2025-08-10 10:00,35,mismatch,080725-081325.pdf,3,2025_August7September15_080725-081325_p03.png
Kamuning,2025-08-10,11,2025-08-10 11:00,67,mismatch,080725-081325.pdf,3,2025_August7September15_080725-081325_p03.png
Kamuning,2025-08-10,12,2025-08-10 12:00,57,mismatch,080725-081325.pdf,3,2025_August7September15_080725-081325_p03.png
Kamuning,2025-08-10,13,2025-08-10 13:00,80,mismatch,080725-081325.pdf,3,2025_August7September15_080725-081325_p03.png
Kamuning,2025-08-10,14,2025-08-10 14:00,56,mismatch,080725-081325.pdf,3,2025_August7September15_080725-081325_p03.png
Kamuning,2025-08-10,15,2025-08-10 15:00,106,mismatch,080725-081325.pdf,3,2025_August7September15_080725-081325_p03.png
Kamuning,2025-08-10,16,2025-08-10 16:00,150,mismatch,080725-081325.pdf,3,2025_August7September15_080725-081325_p03.png
Kamuning,2025-08-10,17,2025-08-10 17:00,57,mismatch,080725-081325.pdf,3,2025_August7September15_080725-081325_p03.png
Kamuning,2025-08-10,18,2025-08-10 18:00,68,mismatch,080725-081325.pdf,3,2025_August7September15_080725-081325_p03.png
Kamuning,2025-08-10,19,2025-08-10 19:00,90,mismatch,080725-081325.pdf,3,2025_August7September15_080725-081325_p03.png
Kamuning,2025-08-10,20,2025-08-10 20:00,89,mismatch,080725-081325.pdf,3,2025_August7September15_080725-081325_p03.png
Kamuning,2025-08-10,21,2025-08-10 21:00,69,mismatch,080725-081325.pdf,3,2025_August7September15_080725-081325_p03.png
Kamuning,2025-08-10,22,2025-08-10 22:00,101,mismatch,080725-081325.pdf,3,2025_August7September15_080725-081325_p03.png
Kamuning,2025-08-10,23,2025-08-10 23:00,98,mismatch,080725-081325.pdf,3,2025_August7September15_080725-081325_p03.png
Kamuning,2025-08-10,0,2025-08-11 00:00,18,mismatch,080725-081325.pdf,3,2025_August7September15_080725-081325_p03.png
Kamuning,2025-08-10,1,2025-08-11 01:00,12,mismatch,080725-081325.pdf,3,2025_August7September15_080725-081325_p03.png
Kamuning,2025-08-10,2,2025-08-11 02:00,21,mismatch,080725-081325.pdf,3,2025_August7September15_080725-081325_p03.png
Kamuning,2025-08-10,3,2025-08-11 03:00,23,mismatch,080725-081325.pdf,3,2025_August7September15_080725-081325_p03.png
Kamuning,2025-08-10,4,2025-08-11 04:00,48,mismatch,080725-081325.pdf,3,2025_August7September15_080725-081325_p03.png
Kamuning,2025-08-10,5,2025-08-11 05:00,60,mismatch,080725-081325.pdf,3,2025_August7September15_080725-081325_p03.png
Kamuning,2025-08-11,6,2025-08-11 06:00,140,mismatch,080725-081325.pdf,3,2025_August7September15_080725-081325_p03.png
Kamuning,2025-08-11,7,2025-08-11 07:00,89,mismatch,080725-081325.pdf,3,2025_August7September15_080725-081325_p03.png
Kamuning,2025-08-11,8,2025-08-11 08:00,120,mismatch,080725-081325.pdf,3,2025_August7September15_080725-081325_p03.png
Kamuning,2025-08-11,9,2025-08-11 09:00,35,mismatch,080725-081325.pdf,3,2025_August7September15_080725-081325_p03.png
Kamuning,2025-08-11,10,2025-08-11 10:00,58,mismatch,080725-081325.pdf,3,2025_August7September15_080725-081325_p03.png
Kamuning,2025-08-11,11,2025-08-11 11:00,67,mismatch,080725-081325.pdf,3,2025_August7September15_080725-081325_p03.png
Kamuning,2025-08-11,12,2025-08-11 12:00,28,mismatch,080725-081325.pdf,3,2025_August7September15_080725-081325_p03.png
Kamuning,2025-08-11,13,2025-08-11 13:00,49,mismatch,080725-081325.pdf,3,2025_August7September15_080725-081325_p03.png
Kamuning,2025-08-11,14,2025-08-11 14:00,56,mismatch,080725-081325.pdf,3,2025_August7September15_080725-081325_p03.png
Kamuning,2025-08-11,15,2025-08-11 15:00,130,mismatch,080725-081325.pdf,3,2025_August7September15_080725-081325_p03.png
Kamuning,2025-08-11,16,2025-08-11 16:00,148,mismatch,080725-081325.pdf,3,2025_August7September15_080725-081325_p03.png
Kamuning,2025-08-11,17,2025-08-11 17:00,96,mismatch,080725-081325.pdf,3,2025_August7September15_080725-081325_p03.png
Kamuning,2025-08-11,18,2025-08-11 18:00,35,mismatch,080725-081325.pdf,3,2025_August7September15_080725-081325_p03.png
Kamuning,2025-08-11,19,2025-08-11 19:00,49,mismatch,080725-081325.pdf,3,2025_August7September15_080725-081325_p03.png
Kamuning,2025-08-11,20,2025-08-11 20:00,74,mismatch,080725-081325.pdf,3,2025_August7September15_080725-081325_p03.png
Kamuning,2025-08-11,21,2025-08-11 21:00,59,mismatch,080725-081325.pdf,3,2025_August7September15_080725-081325_p03.png
Kamuning,2025-08-11,22,2025-08-11 22:00,42,mismatch,080725-081325.pdf,3,2025_August7September15_080725-081325_p03.png
Kamuning,2025-08-11,23,2025-08-11 23:00,34,mismatch,080725-081325.pdf,3,2025_August7September15_080725-081325_p03.png
Kamuning,2025-08-11,0,2025-08-12 00:00,18,mismatch,080725-081325.pdf,3,2025_August7September15_080725-081325_p03.png
Kamuning,2025-08-11,1,2025-08-12 01:00,18,mismatch,080725-081325.pdf,3,2025_August7September15_080725-081325_p03.png
Kamuning,2025-08-11,2,2025-08-12 02:00,23,mismatch,080725-081325.pdf,3,2025_August7September15_080725-081325_p03.png
Kamuning,2025-08-11,3,2025-08-12 03:00,24,mismatch,080725-081325.pdf,3,2025_August7September15_080725-081325_p03.png
Kamuning,2025-08-11,4,2025-08-12 04:00,52,mismatch,080725-081325.pdf,3,2025_August7September15_080725-081325_p03.png
Kamuning,2025-08-11,5,2025-08-12 05:00,138,mismatch,080725-081325.pdf,3,2025_August7September15_080725-081325_p03.png
Kamuning,2025-08-12,6,2025-08-12 06:00,91,verified,080725-081325.pdf,4,2025_August7September15_080725-081325_p04.png
Kamuning,2025-08-12,7,2025-08-12 07:00,87,verified,080725-081325.pdf,4,2025_August7September15_080725-081325_p04.png
Kamuning,2025-08-12,8,2025-08-12 08:00,67,verified,080725-081325.pdf,4,2025_August7September15_080725-081325_p04.png
Kamuning,2025-08-12,9,2025-08-12 09:00,41,verified,080725-081325.pdf,4,2025_August7September15_080725-081325_p04.png
Kamuning,2025-08-12,10,2025-08-12 10:00,53,verified,080725-081325.pdf,4,2025_August7September15_080725-081325_p04.png
Kamuning,2025-08-12,11,2025-08-12 11:00,60,verified,080725-081325.pdf,4,2025_August7September15_080725-081325_p04.png
Kamuning,2025-08-12,12,2025-08-12 12:00,71,verified,080725-081325.pdf,4,2025_August7September15_080725-081325_p04.png
Kamuning,2025-08-12,13,2025-08-12 13:00,64,verified,080725-081325.pdf,4,2025_August7September15_080725-081325_p04.png
Kamuning,2025-08-12,14,2025-08-12 14:00,55,verified,080725-081325.pdf,4,2025_August7September15_080725-081325_p04.png
Kamuning,2025-08-12,15,2025-08-12 15:00,70,verified,080725-081325.pdf,4,2025_August7September15_080725-081325_p04.png
Kamuning,2025-08-12,16,2025-08-12 16:00,81,verified,080725-081325.pdf,4,2025_August7September15_080725-081325_p04.png
Kamuning,2025-08-12,17,2025-08-12 17:00,56,verified,080725-081325.pdf,4,2025_August7September15_080725-081325_p04.png
Kamuning,2025-08-12,18,2025-08-12 18:00,105,verified,080725-081325.pdf,4,2025_August7September15_080725-081325_p04.png
Kamuning,2025-08-12,19,2025-08-12 19:00,170,verified,080725-081325.pdf,4,2025_August7September15_080725-081325_p04.png
Kamuning,2025-08-12,20,2025-08-12 20:00,100,verified,080725-081325.pdf,4,2025_August7September15_080725-081325_p04.png
Kamuning,2025-08-12,21,2025-08-12 21:00,105,verified,080725-081325.pdf,4,2025_August7September15_080725-081325_p04.png
Kamuning,2025-08-12,22,2025-08-12 22:00,34,verified,080725-081325.pdf,4,2025_August7September15_080725-081325_p04.png
Kamuning,2025-08-12,23,2025-08-12 23:00,20,verified,080725-081325.pdf,4,2025_August7September15_080725-081325_p04.png
Kamuning,2025-08-12,0,2025-08-13 00:00,17,verified,080725-081325.pdf,4,2025_August7September15_080725-081325_p04.png
Kamuning,2025-08-12,1,2025-08-13 01:00,30,verified,080725-081325.pdf,4,2025_August7September15_080725-081325_p04.png
Kamuning,2025-08-12,2,2025-08-13 02:00,27,verified,080725-081325.pdf,4,2025_August7September15_080725-081325_p04.png
Kamuning,2025-08-12,3,2025-08-13 03:00,40,verified,080725-081325.pdf,4,2025_August7September15_080725-081325_p04.png
Kamuning,2025-08-12,4,2025-08-13 04:00,51,verified,080725-081325.pdf,4,2025_August7September15_080725-081325_p04.png
Kamuning,2025-08-12,5,2025-08-13 05:00,42,verified,080725-081325.pdf,4,2025_August7September15_080725-081325_p04.png
Kamuning,2025-08-13,6,2025-08-13 06:00,15,verified,080725-081325.pdf,4,2025_August7September15_080725-081325_p04.png
Kamuning,2025-08-13,7,2025-08-13 07:00,28,verified,080725-081325.pdf,4,2025_August7September15_080725-081325_p04.png
Kamuning,2025-08-13,8,2025-08-13 08:00,37,verified,080725-081325.pdf,4,2025_August7September15_080725-081325_p04.png
Kamuning,2025-08-13,9,2025-08-13 09:00,26,verified,080725-081325.pdf,4,2025_August7September15_080725-081325_p04.png
Kamuning,2025-08-13,10,2025-08-13 10:00,31,verified,080725-081325.pdf,4,2025_August7September15_080725-081325_p04.png
Kamuning,2025-08-13,11,2025-08-13 11:00,28,verified,080725-081325.pdf,4,2025_August7September15_080725-081325_p04.png
Kamuning,2025-08-13,12,2025-08-13 12:00,47,verified,080725-081325.pdf,4,2025_August7September15_080725-081325_p04.png
Kamuning,2025-08-13,13,2025-08-13 13:00,50,verified,080725-081325.pdf,4,2025_August7September15_080725-081325_p04.png
Kamuning,2025-08-13,14,2025-08-13 14:00,94,verified,080725-081325.pdf,4,2025_August7September15_080725-081325_p04.png
Kamuning,2025-08-13,15,2025-08-13 15:00,206,verified,080725-081325.pdf,4,2025_August7September15_080725-081325_p04.png
Kamuning,2025-08-13,16,2025-08-13 16:00,196,verified,080725-081325.pdf,4,2025_August7September15_080725-081325_p04.png
Kamuning,2025-08-13,17,2025-08-13 17:00,301,verified,080725-081325.pdf,4,2025_August7September15_080725-081325_p04.png
Kamuning,2025-08-13,18,2025-08-13 18:00,295,verified,080725-081325.pdf,4,2025_August7September15_080725-081325_p04.png
Kamuning,2025-08-13,19,2025-08-13 19:00,788,verified,080725-081325.pdf,4,2025_August7September15_080725-081325_p04.png
Kamuning,2025-08-13,20,2025-08-13 20:00,159,verified,080725-081325.pdf,4,2025_August7September15_080725-081325_p04.png
Kamuning,2025-08-13,21,2025-08-13 21:00,90,verified,080725-081325.pdf,4,2025_August7September15_080725-081325_p04.png
Kamuning,2025-08-13,22,2025-08-13 22:00,73,verified,080725-081325.pdf,4,2025_August7September15_080725-081325_p04.png
Kamuning,2025-08-13,23,2025-08-13 23:00,40,verified,080725-081325.pdf,4,2025_August7September15_080725-081325_p04.png
Kamuning,2025-08-13,0,2025-08-14 00:00,20,verified,080725-081325.pdf,4,2025_August7September15_080725-081325_p04.png
Kamuning,2025-08-13,1,2025-08-14 01:00,7,verified,080725-081325.pdf,4,2025_August7September15_080725-081325_p04.png
Kamuning,2025-08-13,2,2025-08-14 02:00,11,verified,080725-081325.pdf,4,2025_August7September15_080725-081325_p04.png
Kamuning,2025-08-13,3,2025-08-14 03:00,9,verified,080725-081325.pdf,4,2025_August7September15_080725-081325_p04.png
Kamuning,2025-08-13,4,2025-08-14 04:00,25,verified,080725-081325.pdf,4,2025_August7September15_080725-081325_p04.png
Kamuning,2025-08-13,5,2025-08-14 05:00,67,verified,080725-081325.pdf,4,2025_August7September15_080725-081325_p04.png
Kamuning,2025-08-14,6,2025-08-14 06:00,297,verified,081425-083125.pdf,1,2025_August7September15_081425-083125_p01.png
Kamuning,2025-08-14,7,2025-08-14 07:00,124,verified,081425-083125.pdf,1,2025_August7September15_081425-083125_p01.png
Kamuning,2025-08-14,8,2025-08-14 08:00,366,verified,081425-083125.pdf,1,2025_August7September15_081425-083125_p01.png
Kamuning,2025-08-14,9,2025-08-14 09:00,151,verified,081425-083125.pdf,1,2025_August7September15_081425-083125_p01.png
Kamuning,2025-08-14,10,2025-08-14 10:00,66,verified,081425-083125.pdf,1,2025_August7September15_081425-083125_p01.png
Kamuning,2025-08-14,11,2025-08-14 11:00,40,verified,081425-083125.pdf,1,2025_August7September15_081425-083125_p01.png
Kamuning,2025-08-14,12,2025-08-14 12:00,21,verified,081425-083125.pdf,1,2025_August7September15_081425-083125_p01.png
Kamuning,2025-08-14,13,2025-08-14 13:00,14,verified,081425-083125.pdf,1,2025_August7September15_081425-083125_p01.png
Kamuning,2025-08-14,14,2025-08-14 14:00,27,verified,081425-083125.pdf,1,2025_August7September15_081425-083125_p01.png
Kamuning,2025-08-14,15,2025-08-14 15:00,19,verified,081425-083125.pdf,1,2025_August7September15_081425-083125_p01.png
Kamuning,2025-08-14,16,2025-08-14 16:00,52,verified,081425-083125.pdf,1,2025_August7September15_081425-083125_p01.png
Kamuning,2025-08-14,17,2025-08-14 17:00,59,verified,081425-083125.pdf,1,2025_August7September15_081425-083125_p01.png
Kamuning,2025-08-14,18,2025-08-14 18:00,100,verified,081425-083125.pdf,1,2025_August7September15_081425-083125_p01.png
Kamuning,2025-08-14,19,2025-08-14 19:00,65,verified,081425-083125.pdf,1,2025_August7September15_081425-083125_p01.png
Kamuning,2025-08-14,20,2025-08-14 20:00,126,verified,081425-083125.pdf,1,2025_August7September15_081425-083125_p01.png
Kamuning,2025-08-14,21,2025-08-14 21:00,190,verified,081425-083125.pdf,1,2025_August7September15_081425-083125_p01.png
Kamuning,2025-08-14,22,2025-08-14 22:00,38,verified,081425-083125.pdf,1,2025_August7September15_081425-083125_p01.png
Kamuning,2025-08-14,23,2025-08-14 23:00,57,verified,081425-083125.pdf,1,2025_August7September15_081425-083125_p01.png
Kamuning,2025-08-14,0,2025-08-15 00:00,136,verified,081425-083125.pdf,1,2025_August7September15_081425-083125_p01.png
Kamuning,2025-08-14,1,2025-08-15 01:00,173,verified,081425-083125.pdf,1,2025_August7September15_081425-083125_p01.png
Kamuning,2025-08-14,2,2025-08-15 02:00,78,verified,081425-083125.pdf,1,2025_August7September15_081425-083125_p01.png
Kamuning,2025-08-14,3,2025-08-15 03:00,167,verified,081425-083125.pdf,1,2025_August7September15_081425-083125_p01.png
Kamuning,2025-08-14,4,2025-08-15 04:00,262,verified,081425-083125.pdf,1,2025_August7September15_081425-083125_p01.png
Kamuning,2025-08-14,5,2025-08-15 05:00,241,verified,081425-083125.pdf,1,2025_August7September15_081425-083125_p01.png
Kamuning,2025-08-15,6,2025-08-15 06:00,321,verified,081425-083125.pdf,2,2025_August7September15_081425-083125_p02.png
Kamuning,2025-08-15,7,2025-08-15 07:00,227,verified,081425-083125.pdf,2,2025_August7September15_081425-083125_p02.png
Kamuning,2025-08-15,8,2025-08-15 08:00,67,verified,081425-083125.pdf,2,2025_August7September15_081425-083125_p02.png
Kamuning,2025-08-15,9,2025-08-15 09:00,183,verified,081425-083125.pdf,2,2025_August7September15_081425-083125_p02.png
Kamuning,2025-08-15,10,2025-08-15 10:00,131,verified,081425-083125.pdf,2,2025_August7September15_081425-083125_p02.png
Kamuning,2025-08-15,11,2025-08-15 11:00,95,verified,081425-083125.pdf,2,2025_August7September15_081425-083125_p02.png
Kamuning,2025-08-15,12,2025-08-15 12:00,37,verified,081425-083125.pdf,2,2025_August7September15_081425-083125_p02.png
Kamuning,2025-08-15,13,2025-08-15 13:00,27,verified,081425-083125.pdf,2,2025_August7September15_081425-083125_p02.png
Kamuning,2025-08-15,14,2025-08-15 14:00,19,verified,081425-083125.pdf,2,2025_August7September15_081425-083125_p02.png
Kamuning,2025-08-15,15,2025-08-15 15:00,27,verified,081425-083125.pdf,2,2025_August7September15_081425-083125_p02.png
Kamuning,2025-08-15,16,2025-08-15 16:00,12,verified,081425-083125.pdf,2,2025_August7September15_081425-083125_p02.png
Kamuning,2025-08-15,17,2025-08-15 17:00,23,verified,081425-083125.pdf,2,2025_August7September15_081425-083125_p02.png
Kamuning,2025-08-15,18,2025-08-15 18:00,91,verified,081425-083125.pdf,2,2025_August7September15_081425-083125_p02.png
Kamuning,2025-08-15,19,2025-08-15 19:00,62,verified,081425-083125.pdf,2,2025_August7September15_081425-083125_p02.png
Kamuning,2025-08-15,20,2025-08-15 20:00,30,verified,081425-083125.pdf,2,2025_August7September15_081425-083125_p02.png
Kamuning,2025-08-15,21,2025-08-15 21:00,40,verified,081425-083125.pdf,2,2025_August7September15_081425-083125_p02.png
Kamuning,2025-08-15,22,2025-08-15 22:00,50,verified,081425-083125.pdf,2,2025_August7September15_081425-083125_p02.png
Kamuning,2025-08-15,23,2025-08-15 23:00,52,verified,081425-083125.pdf,2,2025_August7September15_081425-083125_p02.png
Kamuning,2025-08-15,0,2025-08-16 00:00,93,verified,081425-083125.pdf,2,2025_August7September15_081425-083125_p02.png
Kamuning,2025-08-15,1,2025-08-16 01:00,77,verified,081425-083125.pdf,2,2025_August7September15_081425-083125_p02.png
Kamuning,2025-08-15,2,2025-08-16 02:00,55,verified,081425-083125.pdf,2,2025_August7September15_081425-083125_p02.png
Kamuning,2025-08-15,3,2025-08-16 03:00,50,verified,081425-083125.pdf,2,2025_August7September15_081425-083125_p02.png
Kamuning,2025-08-15,4,2025-08-16 04:00,102,verified,081425-083125.pdf,2,2025_August7September15_081425-083125_p02.png
Kamuning,2025-08-15,5,2025-08-16 05:00,120,verified,081425-083125.pdf,2,2025_August7September15_081425-083125_p02.png
Kamuning,2025-08-16,6,2025-08-16 06:00,83,verified,081425-083125.pdf,2,2025_August7September15_081425-083125_p02.png
Kamuning,2025-08-16,7,2025-08-16 07:00,77,verified,081425-083125.pdf,2,2025_August7September15_081425-083125_p02.png
Kamuning,2025-08-16,8,2025-08-16 08:00,105,verified,081425-083125.pdf,2,2025_August7September15_081425-083125_p02.png
Kamuning,2025-08-16,9,2025-08-16 09:00,51,verified,081425-083125.pdf,2,2025_August7September15_081425-083125_p02.png
Kamuning,2025-08-16,10,2025-08-16 10:00,47,verified,081425-083125.pdf,2,2025_August7September15_081425-083125_p02.png
Kamuning,2025-08-16,11,2025-08-16 11:00,50,verified,081425-083125.pdf,2,2025_August7September15_081425-083125_p02.png
Kamuning,2025-08-16,12,2025-08-16 12:00,24,verified,081425-083125.pdf,2,2025_August7September15_081425-083125_p02.png
Kamuning,2025-08-16,13,2025-08-16 13:00,49,verified,081425-083125.pdf,2,2025_August7September15_081425-083125_p02.png
Kamuning,2025-08-16,14,2025-08-16 14:00,76,verified,081425-083125.pdf,2,2025_August7September15_081425-083125_p02.png
Kamuning,2025-08-16,15,2025-08-16 15:00,81,verified,081425-083125.pdf,2,2025_August7September15_081425-083125_p02.png
Kamuning,2025-08-16,16,2025-08-16 16:00,253,verified,081425-083125.pdf,2,2025_August7September15_081425-083125_p02.png
Kamuning,2025-08-16,17,2025-08-16 17:00,194,verified,081425-083125.pdf,2,2025_August7September15_081425-083125_p02.png
Kamuning,2025-08-16,18,2025-08-16 18:00,146,verified,081425-083125.pdf,2,2025_August7September15_081425-083125_p02.png
Kamuning,2025-08-16,19,2025-08-16 19:00,173,verified,081425-083125.pdf,2,2025_August7September15_081425-083125_p02.png
Kamuning,2025-08-16,20,2025-08-16 20:00,97,verified,081425-083125.pdf,2,2025_August7September15_081425-083125_p02.png
Kamuning,2025-08-16,21,2025-08-16 21:00,72,verified,081425-083125.pdf,2,2025_August7September15_081425-083125_p02.png
Kamuning,2025-08-16,22,2025-08-16 22:00,86,verified,081425-083125.pdf,2,2025_August7September15_081425-083125_p02.png
Kamuning,2025-08-16,23,2025-08-16 23:00,94,verified,081425-083125.pdf,2,2025_August7September15_081425-083125_p02.png
Kamuning,2025-08-16,0,2025-08-17 00:00,27,verified,081425-083125.pdf,2,2025_August7September15_081425-083125_p02.png
Kamuning,2025-08-16,1,2025-08-17 01:00,16,verified,081425-083125.pdf,2,2025_August7September15_081425-083125_p02.png
Kamuning,2025-08-16,2,2025-08-17 02:00,9,verified,081425-083125.pdf,2,2025_August7September15_081425-083125_p02.png
Kamuning,2025-08-16,3,2025-08-17 03:00,11,verified,081425-083125.pdf,2,2025_August7September15_081425-083125_p02.png
Kamuning,2025-08-16,4,2025-08-17 04:00,19,verified,081425-083125.pdf,2,2025_August7September15_081425-083125_p02.png
Kamuning,2025-08-16,5,2025-08-17 05:00,36,verified,081425-083125.pdf,2,2025_August7September15_081425-083125_p02.png
Kamuning,2025-08-17,6,2025-08-17 06:00,62,verified,081425-083125.pdf,3,2025_August7September15_081425-083125_p03.png
Kamuning,2025-08-17,7,2025-08-17 07:00,45,verified,081425-083125.pdf,3,2025_August7September15_081425-083125_p03.png
Kamuning,2025-08-17,8,2025-08-17 08:00,51,verified,081425-083125.pdf,3,2025_August7September15_081425-083125_p03.png
Kamuning,2025-08-17,9,2025-08-17 09:00,71,verified,081425-083125.pdf,3,2025_August7September15_081425-083125_p03.png
Kamuning,2025-08-17,10,2025-08-17 10:00,43,verified,081425-083125.pdf,3,2025_August7September15_081425-083125_p03.png
Kamuning,2025-08-17,11,2025-08-17 11:00,79,verified,081425-083125.pdf,3,2025_August7September15_081425-083125_p03.png
Kamuning,2025-08-17,12,2025-08-17 12:00,140,verified,081425-083125.pdf,3,2025_August7September15_081425-083125_p03.png
Kamuning,2025-08-17,13,2025-08-17 13:00,76,verified,081425-083125.pdf,3,2025_August7September15_081425-083125_p03.png
Kamuning,2025-08-17,14,2025-08-17 14:00,66,verified,081425-083125.pdf,3,2025_August7September15_081425-083125_p03.png
Kamuning,2025-08-17,15,2025-08-17 15:00,181,verified,081425-083125.pdf,3,2025_August7September15_081425-083125_p03.png
Kamuning,2025-08-17,16,2025-08-17 16:00,91,verified,081425-083125.pdf,3,2025_August7September15_081425-083125_p03.png
Kamuning,2025-08-17,17,2025-08-17 17:00,152,verified,081425-083125.pdf,3,2025_August7September15_081425-083125_p03.png
Kamuning,2025-08-17,18,2025-08-17 18:00,88,verified,081425-083125.pdf,3,2025_August7September15_081425-083125_p03.png
Kamuning,2025-08-17,19,2025-08-17 19:00,57,verified,081425-083125.pdf,3,2025_August7September15_081425-083125_p03.png
Kamuning,2025-08-17,20,2025-08-17 20:00,72,verified,081425-083125.pdf,3,2025_August7September15_081425-083125_p03.png
Kamuning,2025-08-17,21,2025-08-17 21:00,94,verified,081425-083125.pdf,3,2025_August7September15_081425-083125_p03.png
Kamuning,2025-08-17,22,2025-08-17 22:00,43,verified,081425-083125.pdf,3,2025_August7September15_081425-083125_p03.png
Kamuning,2025-08-17,23,2025-08-17 23:00,50,verified,081425-083125.pdf,3,2025_August7September15_081425-083125_p03.png
Kamuning,2025-08-17,0,2025-08-18 00:00,40,verified,081425-083125.pdf,3,2025_August7September15_081425-083125_p03.png
Kamuning,2025-08-17,1,2025-08-18 01:00,51,verified,081425-083125.pdf,3,2025_August7September15_081425-083125_p03.png
Kamuning,2025-08-17,2,2025-08-18 02:00,30,verified,081425-083125.pdf,3,2025_August7September15_081425-083125_p03.png
Kamuning,2025-08-17,3,2025-08-18 03:00,45,verified,081425-083125.pdf,3,2025_August7September15_081425-083125_p03.png
Kamuning,2025-08-17,4,2025-08-18 04:00,87,verified,081425-083125.pdf,3,2025_August7September15_081425-083125_p03.png
Kamuning,2025-08-17,5,2025-08-18 05:00,126,verified,081425-083125.pdf,3,2025_August7September15_081425-083125_p03.png
Kamuning,2025-08-18,6,2025-08-18 06:00,255,mismatch,081425-083125.pdf,3,2025_August7September15_081425-083125_p03.png
Kamuning,2025-08-18,7,2025-08-18 07:00,202,mismatch,081425-083125.pdf,3,2025_August7September15_081425-083125_p03.png
Kamuning,2025-08-18,8,2025-08-18 08:00,179,mismatch,081425-083125.pdf,3,2025_August7September15_081425-083125_p03.png
Kamuning,2025-08-18,9,2025-08-18 09:00,122,mismatch,081425-083125.pdf,3,2025_August7September15_081425-083125_p03.png
Kamuning,2025-08-18,10,2025-08-18 10:00,95,mismatch,081425-083125.pdf,3,2025_August7September15_081425-083125_p03.png
Kamuning,2025-08-18,11,2025-08-18 11:00,90,mismatch,081425-083125.pdf,3,2025_August7September15_081425-083125_p03.png
Kamuning,2025-08-18,12,2025-08-18 12:00,85,mismatch,081425-083125.pdf,3,2025_August7September15_081425-083125_p03.png
Kamuning,2025-08-18,13,2025-08-18 13:00,86,mismatch,081425-083125.pdf,3,2025_August7September15_081425-083125_p03.png
Kamuning,2025-08-18,14,2025-08-18 14:00,134,mismatch,081425-083125.pdf,3,2025_August7September15_081425-083125_p03.png
Kamuning,2025-08-18,15,2025-08-18 15:00,143,mismatch,081425-083125.pdf,3,2025_August7September15_081425-083125_p03.png
Kamuning,2025-08-18,16,2025-08-18 16:00,284,mismatch,081425-083125.pdf,3,2025_August7September15_081425-083125_p03.png
Kamuning,2025-08-18,17,2025-08-18 17:00,223,mismatch,081425-083125.pdf,3,2025_August7September15_081425-083125_p03.png
Kamuning,2025-08-18,18,2025-08-18 18:00,97,mismatch,081425-083125.pdf,3,2025_August7September15_081425-083125_p03.png
Kamuning,2025-08-18,19,2025-08-18 19:00,176,mismatch,081425-083125.pdf,3,2025_August7September15_081425-083125_p03.png
Kamuning,2025-08-18,20,2025-08-18 20:00,134,mismatch,081425-083125.pdf,3,2025_August7September15_081425-083125_p03.png
Kamuning,2025-08-18,21,2025-08-18 21:00,113,mismatch,081425-083125.pdf,3,2025_August7September15_081425-083125_p03.png
Kamuning,2025-08-18,22,2025-08-18 22:00,84,mismatch,081425-083125.pdf,3,2025_August7September15_081425-083125_p03.png
Kamuning,2025-08-18,23,2025-08-18 23:00,52,mismatch,081425-083125.pdf,3,2025_August7September15_081425-083125_p03.png
Kamuning,2025-08-18,0,2025-08-19 00:00,32,mismatch,081425-083125.pdf,3,2025_August7September15_081425-083125_p03.png
Kamuning,2025-08-18,1,2025-08-19 01:00,28,mismatch,081425-083125.pdf,3,2025_August7September15_081425-083125_p03.png
Kamuning,2025-08-18,2,2025-08-19 02:00,32,mismatch,081425-083125.pdf,3,2025_August7September15_081425-083125_p03.png
Kamuning,2025-08-18,3,2025-08-19 03:00,43,mismatch,081425-083125.pdf,3,2025_August7September15_081425-083125_p03.png
Kamuning,2025-08-18,4,2025-08-19 04:00,83,mismatch,081425-083125.pdf,3,2025_August7September15_081425-083125_p03.png
Kamuning,2025-08-18,5,2025-08-19 05:00,112,mismatch,081425-083125.pdf,3,2025_August7September15_081425-083125_p03.png
Kamuning,2025-08-19,6,2025-08-19 06:00,267,verified,081425-083125.pdf,4,2025_August7September15_081425-083125_p04.png
Kamuning,2025-08-19,7,2025-08-19 07:00,238,verified,081425-083125.pdf,4,2025_August7September15_081425-083125_p04.png
Kamuning,2025-08-19,8,2025-08-19 08:00,115,verified,081425-083125.pdf,4,2025_August7September15_081425-083125_p04.png
Kamuning,2025-08-19,9,2025-08-19 09:00,75,verified,081425-083125.pdf,4,2025_August7September15_081425-083125_p04.png
Kamuning,2025-08-19,10,2025-08-19 10:00,54,verified,081425-083125.pdf,4,2025_August7September15_081425-083125_p04.png
Kamuning,2025-08-19,11,2025-08-19 11:00,60,verified,081425-083125.pdf,4,2025_August7September15_081425-083125_p04.png
Kamuning,2025-08-19,12,2025-08-19 12:00,90,verified,081425-083125.pdf,4,2025_August7September15_081425-083125_p04.png
Kamuning,2025-08-19,13,2025-08-19 13:00,105,verified,081425-083125.pdf,4,2025_August7September15_081425-083125_p04.png
Kamuning,2025-08-19,14,2025-08-19 14:00,83,verified,081425-083125.pdf,4,2025_August7September15_081425-083125_p04.png
Kamuning,2025-08-19,15,2025-08-19 15:00,121,verified,081425-083125.pdf,4,2025_August7September15_081425-083125_p04.png
Kamuning,2025-08-19,16,2025-08-19 16:00,123,verified,081425-083125.pdf,4,2025_August7September15_081425-083125_p04.png
Kamuning,2025-08-19,17,2025-08-19 17:00,160,verified,081425-083125.pdf,4,2025_August7September15_081425-083125_p04.png
Kamuning,2025-08-19,18,2025-08-19 18:00,142,verified,081425-083125.pdf,4,2025_August7September15_081425-083125_p04.png
Kamuning,2025-08-19,19,2025-08-19 19:00,124,verified,081425-083125.pdf,4,2025_August7September15_081425-083125_p04.png
Kamuning,2025-08-19,20,2025-08-19 20:00,100,verified,081425-083125.pdf,4,2025_August7September15_081425-083125_p04.png
Kamuning,2025-08-19,21,2025-08-19 21:00,83,verified,081425-083125.pdf,4,2025_August7September15_081425-083125_p04.png
Kamuning,2025-08-19,22,2025-08-19 22:00,52,verified,081425-083125.pdf,4,2025_August7September15_081425-083125_p04.png
Kamuning,2025-08-19,23,2025-08-19 23:00,36,verified,081425-083125.pdf,4,2025_August7September15_081425-083125_p04.png
Kamuning,2025-08-19,0,2025-08-20 00:00,19,verified,081425-083125.pdf,4,2025_August7September15_081425-083125_p04.png
Kamuning,2025-08-19,1,2025-08-20 01:00,13,verified,081425-083125.pdf,4,2025_August7September15_081425-083125_p04.png
Kamuning,2025-08-19,2,2025-08-20 02:00,16,verified,081425-083125.pdf,4,2025_August7September15_081425-083125_p04.png
Kamuning,2025-08-19,3,2025-08-20 03:00,24,verified,081425-083125.pdf,4,2025_August7September15_081425-083125_p04.png
Kamuning,2025-08-19,4,2025-08-20 04:00,56,verified,081425-083125.pdf,4,2025_August7September15_081425-083125_p04.png
Kamuning,2025-08-19,5,2025-08-20 05:00,71,verified,081425-083125.pdf,4,2025_August7September15_081425-083125_p04.png
Kamuning,2025-08-20,6,2025-08-20 06:00,175,verified,081425-083125.pdf,4,2025_August7September15_081425-083125_p04.png
Kamuning,2025-08-20,7,2025-08-20 07:00,149,verified,081425-083125.pdf,4,2025_August7September15_081425-083125_p04.png
Kamuning,2025-08-20,8,2025-08-20 08:00,127,verified,081425-083125.pdf,4,2025_August7September15_081425-083125_p04.png
Kamuning,2025-08-20,9,2025-08-20 09:00,118,verified,081425-083125.pdf,4,2025_August7September15_081425-083125_p04.png
Kamuning,2025-08-20,10,2025-08-20 10:00,73,verified,081425-083125.pdf,4,2025_August7September15_081425-083125_p04.png
Kamuning,2025-08-20,11,2025-08-20 11:00,63,verified,081425-083125.pdf,4,2025_August7September15_081425-083125_p04.png
Kamuning,2025-08-20,12,2025-08-20 12:00,74,verified,081425-083125.pdf,4,2025_August7September15_081425-083125_p04.png
Kamuning,2025-08-20,13,2025-08-20 13:00,87,verified,081425-083125.pdf,4,2025_August7September15_081425-083125_p04.png
Kamuning,2025-08-20,14,2025-08-20 14:00,105,verified,081425-083125.pdf,4,2025_August7September15_081425-083125_p04.png
Kamuning,2025-08-20,15,2025-08-20 15:00,128,verified,081425-083125.pdf,4,2025_August7September15_081425-083125_p04.png
Kamuning,2025-08-20,16,2025-08-20 16:00,232,verified,081425-083125.pdf,4,2025_August7September15_081425-083125_p04.png
Kamuning,2025-08-20,17,2025-08-20 17:00,198,verified,081425-083125.pdf,4,2025_August7September15_081425-083125_p04.png
Kamuning,2025-08-20,18,2025-08-20 18:00,332,verified,081425-083125.pdf,4,2025_August7September15_081425-083125_p04.png
Kamuning,2025-08-20,19,2025-08-20 19:00,234,verified,081425-083125.pdf,4,2025_August7September15_081425-083125_p04.png
Kamuning,2025-08-20,20,2025-08-20 20:00,204,verified,081425-083125.pdf,4,2025_August7September15_081425-083125_p04.png
Kamuning,2025-08-20,21,2025-08-20 21:00,144,verified,081425-083125.pdf,4,2025_August7September15_081425-083125_p04.png
Kamuning,2025-08-20,22,2025-08-20 22:00,87,verified,081425-083125.pdf,4,2025_August7September15_081425-083125_p04.png
Kamuning,2025-08-20,23,2025-08-20 23:00,31,verified,081425-083125.pdf,4,2025_August7September15_081425-083125_p04.png
Kamuning,2025-08-20,0,2025-08-21 00:00,16,verified,081425-083125.pdf,4,2025_August7September15_081425-083125_p04.png
Kamuning,2025-08-20,1,2025-08-21 01:00,17,verified,081425-083125.pdf,4,2025_August7September15_081425-083125_p04.png
Kamuning,2025-08-20,2,2025-08-21 02:00,12,verified,081425-083125.pdf,4,2025_August7September15_081425-083125_p04.png
Kamuning,2025-08-20,3,2025-08-21 03:00,9,verified,081425-083125.pdf,4,2025_August7September15_081425-083125_p04.png
Kamuning,2025-08-20,4,2025-08-21 04:00,14,verified,081425-083125.pdf,4,2025_August7September15_081425-083125_p04.png
Kamuning,2025-08-20,5,2025-08-21 05:00,26,verified,081425-083125.pdf,4,2025_August7September15_081425-083125_p04.png
Kamuning,2025-08-21,6,2025-08-21 06:00,135,mismatch,081425-083125.pdf,5,2025_August7September15_081425-083125_p05.png
Kamuning,2025-08-21,7,2025-08-21 07:00,112,mismatch,081425-083125.pdf,5,2025_August7September15_081425-083125_p05.png
Kamuning,2025-08-21,8,2025-08-21 08:00,65,mismatch,081425-083125.pdf,5,2025_August7September15_081425-083125_p05.png
Kamuning,2025-08-21,9,2025-08-21 09:00,86,mismatch,081425-083125.pdf,5,2025_August7September15_081425-083125_p05.png
Kamuning,2025-08-21,10,2025-08-21 10:00,69,mismatch,081425-083125.pdf,5,2025_August7September15_081425-083125_p05.png
Kamuning,2025-08-21,11,2025-08-21 11:00,61,mismatch,081425-083125.pdf,5,2025_August7September15_081425-083125_p05.png
Kamuning,2025-08-21,12,2025-08-21 12:00,55,mismatch,081425-083125.pdf,5,2025_August7September15_081425-083125_p05.png
Kamuning,2025-08-21,13,2025-08-21 13:00,71,mismatch,081425-083125.pdf,5,2025_August7September15_081425-083125_p05.png
Kamuning,2025-08-21,14,2025-08-21 14:00,73,mismatch,081425-083125.pdf,5,2025_August7September15_081425-083125_p05.png
Kamuning,2025-08-21,15,2025-08-21 15:00,105,mismatch,081425-083125.pdf,5,2025_August7September15_081425-083125_p05.png
Kamuning,2025-08-21,16,2025-08-21 16:00,197,mismatch,081425-083125.pdf,5,2025_August7September15_081425-083125_p05.png
Kamuning,2025-08-21,17,2025-08-21 17:00,146,mismatch,081425-083125.pdf,5,2025_August7September15_081425-083125_p05.png
Kamuning,2025-08-21,18,2025-08-21 18:00,129,mismatch,081425-083125.pdf,5,2025_August7September15_081425-083125_p05.png
Kamuning,2025-08-21,19,2025-08-21 19:00,141,mismatch,081425-083125.pdf,5,2025_August7September15_081425-083125_p05.png
Kamuning,2025-08-21,20,2025-08-21 20:00,86,mismatch,081425-083125.pdf,5,2025_August7September15_081425-083125_p05.png
Kamuning,2025-08-21,21,2025-08-21 21:00,88,mismatch,081425-083125.pdf,5,2025_August7September15_081425-083125_p05.png
Kamuning,2025-08-21,22,2025-08-21 22:00,64,mismatch,081425-083125.pdf,5,2025_August7September15_081425-083125_p05.png
Kamuning,2025-08-21,23,2025-08-21 23:00,23,mismatch,081425-083125.pdf,5,2025_August7September15_081425-083125_p05.png
Kamuning,2025-08-21,0,2025-08-22 00:00,7,mismatch,081425-083125.pdf,5,2025_August7September15_081425-083125_p05.png
Kamuning,2025-08-21,1,2025-08-22 01:00,12,mismatch,081425-083125.pdf,5,2025_August7September15_081425-083125_p05.png
Kamuning,2025-08-21,2,2025-08-22 02:00,4,mismatch,081425-083125.pdf,5,2025_August7September15_081425-083125_p05.png
Kamuning,2025-08-21,3,2025-08-22 03:00,9,mismatch,081425-083125.pdf,5,2025_August7September15_081425-083125_p05.png
Kamuning,2025-08-21,4,2025-08-22 04:00,27,mismatch,081425-083125.pdf,5,2025_August7September15_081425-083125_p05.png
Kamuning,2025-08-21,5,2025-08-22 05:00,34,mismatch,081425-083125.pdf,5,2025_August7September15_081425-083125_p05.png
Kamuning,2025-08-22,6,2025-08-22 06:00,142,mismatch,081425-083125.pdf,5,2025_August7September15_081425-083125_p05.png
Kamuning,2025-08-22,7,2025-08-22 07:00,115,mismatch,081425-083125.pdf,5,2025_August7September15_081425-083125_p05.png
Kamuning,2025-08-22,8,2025-08-22 08:00,103,mismatch,081425-083125.pdf,5,2025_August7September15_081425-083125_p05.png
Kamuning,2025-08-22,9,2025-08-22 09:00,64,mismatch,081425-083125.pdf,5,2025_August7September15_081425-083125_p05.png
Kamuning,2025-08-22,10,2025-08-22 10:00,91,mismatch,081425-083125.pdf,5,2025_August7September15_081425-083125_p05.png
Kamuning,2025-08-22,11,2025-08-22 11:00,82,mismatch,081425-083125.pdf,5,2025_August7September15_081425-083125_p05.png
Kamuning,2025-08-22,12,2025-08-22 12:00,78,mismatch,081425-083125.pdf,5,2025_August7September15_081425-083125_p05.png
Kamuning,2025-08-22,13,2025-08-22 13:00,95,mismatch,081425-083125.pdf,5,2025_August7September15_081425-083125_p05.png
Kamuning,2025-08-22,14,2025-08-22 14:00,67,mismatch,081425-083125.pdf,5,2025_August7September15_081425-083125_p05.png
Kamuning,2025-08-22,15,2025-08-22 15:00,161,mismatch,081425-083125.pdf,5,2025_August7September15_081425-083125_p05.png
Kamuning,2025-08-22,16,2025-08-22 16:00,190,mismatch,081425-083125.pdf,5,2025_August7September15_081425-083125_p05.png
Kamuning,2025-08-22,17,2025-08-22 17:00,185,mismatch,081425-083125.pdf,5,2025_August7September15_081425-083125_p05.png
Kamuning,2025-08-22,18,2025-08-22 18:00,284,mismatch,081425-083125.pdf,5,2025_August7September15_081425-083125_p05.png
Kamuning,2025-08-22,19,2025-08-22 19:00,163,mismatch,081425-083125.pdf,5,2025_August7September15_081425-083125_p05.png
Kamuning,2025-08-22,20,2025-08-22 20:00,129,mismatch,081425-083125.pdf,5,2025_August7September15_081425-083125_p05.png
Kamuning,2025-08-22,21,2025-08-22 21:00,102,mismatch,081425-083125.pdf,5,2025_August7September15_081425-083125_p05.png
Kamuning,2025-08-22,22,2025-08-22 22:00,72,mismatch,081425-083125.pdf,5,2025_August7September15_081425-083125_p05.png
Kamuning,2025-08-22,23,2025-08-22 23:00,37,mismatch,081425-083125.pdf,5,2025_August7September15_081425-083125_p05.png
Kamuning,2025-08-22,0,2025-08-23 00:00,11,mismatch,081425-083125.pdf,5,2025_August7September15_081425-083125_p05.png
Kamuning,2025-08-22,1,2025-08-23 01:00,9,mismatch,081425-083125.pdf,5,2025_August7September15_081425-083125_p05.png
Kamuning,2025-08-22,2,2025-08-23 02:00,10,mismatch,081425-083125.pdf,5,2025_August7September15_081425-083125_p05.png
Kamuning,2025-08-22,3,2025-08-23 03:00,17,mismatch,081425-083125.pdf,5,2025_August7September15_081425-083125_p05.png
Kamuning,2025-08-22,4,2025-08-23 04:00,29,mismatch,081425-083125.pdf,5,2025_August7September15_081425-083125_p05.png
Kamuning,2025-08-22,5,2025-08-23 05:00,24,mismatch,081425-083125.pdf,5,2025_August7September15_081425-083125_p05.png
Kamuning,2025-08-23,6,2025-08-23 06:00,177,mismatch,081425-083125.pdf,6,2025_August7September15_081425-083125_p06.png
Kamuning,2025-08-23,7,2025-08-23 07:00,108,mismatch,081425-083125.pdf,6,2025_August7September15_081425-083125_p06.png
Kamuning,2025-08-23,8,2025-08-23 08:00,69,mismatch,081425-083125.pdf,6,2025_August7September15_081425-083125_p06.png
Kamuning,2025-08-23,9,2025-08-23 09:00,51,mismatch,081425-083125.pdf,6,2025_August7September15_081425-083125_p06.png
Kamuning,2025-08-23,10,2025-08-23 10:00,58,mismatch,081425-083125.pdf,6,2025_August7September15_081425-083125_p06.png
Kamuning,2025-08-23,11,2025-08-23 11:00,75,mismatch,081425-083125.pdf,6,2025_August7September15_081425-083125_p06.png
Kamuning,2025-08-23,12,2025-08-23 12:00,60,mismatch,081425-083125.pdf,6,2025_August7September15_081425-083125_p06.png
Kamuning,2025-08-23,13,2025-08-23 13:00,38,mismatch,081425-083125.pdf,6,2025_August7September15_081425-083125_p06.png
Kamuning,2025-08-23,14,2025-08-23 14:00,90,mismatch,081425-083125.pdf,6,2025_August7September15_081425-083125_p06.png
Kamuning,2025-08-23,15,2025-08-23 15:00,145,mismatch,081425-083125.pdf,6,2025_August7September15_081425-083125_p06.png
Kamuning,2025-08-23,16,2025-08-23 16:00,261,mismatch,081425-083125.pdf,6,2025_August7September15_081425-083125_p06.png
Kamuning,2025-08-23,17,2025-08-23 17:00,147,mismatch,081425-083125.pdf,6,2025_August7September15_081425-083125_p06.png
Kamuning,2025-08-23,18,2025-08-23 18:00,237,mismatch,081425-083125.pdf,6,2025_August7September15_081425-083125_p06.png
Kamuning,2025-08-23,19,2025-08-23 19:00,154,mismatch,081425-083125.pdf,6,2025_August7September15_081425-083125_p06.png
Kamuning,2025-08-23,20,2025-08-23 20:00,73,mismatch,081425-083125.pdf,6,2025_August7September15_081425-083125_p06.png
Kamuning,2025-08-23,21,2025-08-23 21:00,104,mismatch,081425-083125.pdf,6,2025_August7September15_081425-083125_p06.png
Kamuning,2025-08-23,22,2025-08-23 22:00,66,mismatch,081425-083125.pdf,6,2025_August7September15_081425-083125_p06.png
Kamuning,2025-08-23,23,2025-08-23 23:00,14,mismatch,081425-083125.pdf,6,2025_August7September15_081425-083125_p06.png
Kamuning,2025-08-23,0,2025-08-24 00:00,14,mismatch,081425-083125.pdf,6,2025_August7September15_081425-083125_p06.png
Kamuning,2025-08-23,1,2025-08-24 01:00,9,mismatch,081425-083125.pdf,6,2025_August7September15_081425-083125_p06.png
Kamuning,2025-08-23,2,2025-08-24 02:00,5,mismatch,081425-083125.pdf,6,2025_August7September15_081425-083125_p06.png
Kamuning,2025-08-23,3,2025-08-24 03:00,13,mismatch,081425-083125.pdf,6,2025_August7September15_081425-083125_p06.png
Kamuning,2025-08-23,4,2025-08-24 04:00,16,mismatch,081425-083125.pdf,6,2025_August7September15_081425-083125_p06.png
Kamuning,2025-08-23,5,2025-08-24 05:00,21,mismatch,081425-083125.pdf,6,2025_August7September15_081425-083125_p06.png
Kamuning,2025-08-24,6,2025-08-24 06:00,210,mismatch,081425-083125.pdf,6,2025_August7September15_081425-083125_p06.png
Kamuning,2025-08-24,7,2025-08-24 07:00,89,mismatch,081425-083125.pdf,6,2025_August7September15_081425-083125_p06.png
Kamuning,2025-08-24,8,2025-08-24 08:00,71,mismatch,081425-083125.pdf,6,2025_August7September15_081425-083125_p06.png
Kamuning,2025-08-24,9,2025-08-24 09:00,79,mismatch,081425-083125.pdf,6,2025_August7September15_081425-083125_p06.png
Kamuning,2025-08-24,10,2025-08-24 10:00,89,mismatch,081425-083125.pdf,6,2025_August7September15_081425-083125_p06.png
Kamuning,2025-08-24,11,2025-08-24 11:00,66,mismatch,081425-083125.pdf,6,2025_August7September15_081425-083125_p06.png
Kamuning,2025-08-24,12,2025-08-24 12:00,57,mismatch,081425-083125.pdf,6,2025_August7September15_081425-083125_p06.png
Kamuning,2025-08-24,13,2025-08-24 13:00,77,mismatch,081425-083125.pdf,6,2025_August7September15_081425-083125_p06.png
Kamuning,2025-08-24,14,2025-08-24 14:00,82,mismatch,081425-083125.pdf,6,2025_August7September15_081425-083125_p06.png
Kamuning,2025-08-24,15,2025-08-24 15:00,110,mismatch,081425-083125.pdf,6,2025_August7September15_081425-083125_p06.png
Kamuning,2025-08-24,16,2025-08-24 16:00,77,mismatch,081425-083125.pdf,6,2025_August7September15_081425-083125_p06.png
Kamuning,2025-08-24,17,2025-08-24 17:00,91,mismatch,081425-083125.pdf,6,2025_August7September15_081425-083125_p06.png
Kamuning,2025-08-24,18,2025-08-24 18:00,107,mismatch,081425-083125.pdf,6,2025_August7September15_081425-083125_p06.png
Kamuning,2025-08-24,19,2025-08-24 19:00,65,mismatch,081425-083125.pdf,6,2025_August7September15_081425-083125_p06.png
Kamuning,2025-08-24,20,2025-08-24 20:00,57,mismatch,081425-083125.pdf,6,2025_August7September15_081425-083125_p06.png
Kamuning,2025-08-24,21,2025-08-24 21:00,91,mismatch,081425-083125.pdf,6,2025_August7September15_081425-083125_p06.png
Kamuning,2025-08-24,22,2025-08-24 22:00,62,mismatch,081425-083125.pdf,6,2025_August7September15_081425-083125_p06.png
Kamuning,2025-08-24,23,2025-08-24 23:00,76,mismatch,081425-083125.pdf,6,2025_August7September15_081425-083125_p06.png
Kamuning,2025-08-24,0,2025-08-25 00:00,11,mismatch,081425-083125.pdf,6,2025_August7September15_081425-083125_p06.png
Kamuning,2025-08-24,1,2025-08-25 01:00,7,mismatch,081425-083125.pdf,6,2025_August7September15_081425-083125_p06.png
Kamuning,2025-08-24,2,2025-08-25 02:00,14,mismatch,081425-083125.pdf,6,2025_August7September15_081425-083125_p06.png
Kamuning,2025-08-24,3,2025-08-25 03:00,17,mismatch,081425-083125.pdf,6,2025_August7September15_081425-083125_p06.png
Kamuning,2025-08-24,4,2025-08-25 04:00,24,mismatch,081425-083125.pdf,6,2025_August7September15_081425-083125_p06.png
Kamuning,2025-08-24,5,2025-08-25 05:00,36,mismatch,081425-083125.pdf,6,2025_August7September15_081425-083125_p06.png
Kamuning,2025-08-25,6,2025-08-25 06:00,97,verified,081425-083125.pdf,7,2025_August7September15_081425-083125_p07.png
Kamuning,2025-08-25,7,2025-08-25 07:00,71,verified,081425-083125.pdf,7,2025_August7September15_081425-083125_p07.png
Kamuning,2025-08-25,8,2025-08-25 08:00,41,verified,081425-083125.pdf,7,2025_August7September15_081425-083125_p07.png
Kamuning,2025-08-25,9,2025-08-25 09:00,87,verified,081425-083125.pdf,7,2025_August7September15_081425-083125_p07.png
Kamuning,2025-08-25,10,2025-08-25 10:00,56,verified,081425-083125.pdf,7,2025_August7September15_081425-083125_p07.png
Kamuning,2025-08-25,11,2025-08-25 11:00,53,verified,081425-083125.pdf,7,2025_August7September15_081425-083125_p07.png
Kamuning,2025-08-25,12,2025-08-25 12:00,72,verified,081425-083125.pdf,7,2025_August7September15_081425-083125_p07.png
Kamuning,2025-08-25,13,2025-08-25 13:00,55,verified,081425-083125.pdf,7,2025_August7September15_081425-083125_p07.png
Kamuning,2025-08-25,14,2025-08-25 14:00,66,verified,081425-083125.pdf,7,2025_August7September15_081425-083125_p07.png
Kamuning,2025-08-25,15,2025-08-25 15:00,59,verified,081425-083125.pdf,7,2025_August7September15_081425-083125_p07.png
Kamuning,2025-08-25,16,2025-08-25 16:00,105,verified,081425-083125.pdf,7,2025_August7September15_081425-083125_p07.png
Kamuning,2025-08-25,17,2025-08-25 17:00,97,verified,081425-083125.pdf,7,2025_August7September15_081425-083125_p07.png
Kamuning,2025-08-25,18,2025-08-25 18:00,10,verified,081425-083125.pdf,7,2025_August7September15_081425-083125_p07.png
Kamuning,2025-08-25,19,2025-08-25 19:00,95,verified,081425-083125.pdf,7,2025_August7September15_081425-083125_p07.png
Kamuning,2025-08-25,20,2025-08-25 20:00,57,verified,081425-083125.pdf,7,2025_August7September15_081425-083125_p07.png
Kamuning,2025-08-25,21,2025-08-25 21:00,72,verified,081425-083125.pdf,7,2025_August7September15_081425-083125_p07.png
Kamuning,2025-08-25,22,2025-08-25 22:00,46,verified,081425-083125.pdf,7,2025_August7September15_081425-083125_p07.png
Kamuning,2025-08-25,23,2025-08-25 23:00,27,verified,081425-083125.pdf,7,2025_August7September15_081425-083125_p07.png
Kamuning,2025-08-25,0,2025-08-26 00:00,12,verified,081425-083125.pdf,7,2025_August7September15_081425-083125_p07.png
Kamuning,2025-08-25,1,2025-08-26 01:00,9,verified,081425-083125.pdf,7,2025_August7September15_081425-083125_p07.png
Kamuning,2025-08-25,2,2025-08-26 02:00,14,verified,081425-083125.pdf,7,2025_August7September15_081425-083125_p07.png
Kamuning,2025-08-25,3,2025-08-26 03:00,8,verified,081425-083125.pdf,7,2025_August7September15_081425-083125_p07.png
Kamuning,2025-08-25,4,2025-08-26 04:00,16,verified,081425-083125.pdf,7,2025_August7September15_081425-083125_p07.png
Kamuning,2025-08-25,5,2025-08-26 05:00,28,verified,081425-083125.pdf,7,2025_August7September15_081425-083125_p07.png
Kamuning,2025-08-26,6,2025-08-26 06:00,247,verified,081425-083125.pdf,7,2025_August7September15_081425-083125_p07.png
Kamuning,2025-08-26,7,2025-08-26 07:00,180,verified,081425-083125.pdf,7,2025_August7September15_081425-083125_p07.png
Kamuning,2025-08-26,8,2025-08-26 08:00,111,verified,081425-083125.pdf,7,2025_August7September15_081425-083125_p07.png
Kamuning,2025-08-26,9,2025-08-26 09:00,101,verified,081425-083125.pdf,7,2025_August7September15_081425-083125_p07.png
Kamuning,2025-08-26,10,2025-08-26 10:00,55,verified,081425-083125.pdf,7,2025_August7September15_081425-083125_p07.png
Kamuning,2025-08-26,11,2025-08-26 11:00,73,verified,081425-083125.pdf,7,2025_August7September15_081425-083125_p07.png
Kamuning,2025-08-26,12,2025-08-26 12:00,57,verified,081425-083125.pdf,7,2025_August7September15_081425-083125_p07.png
Kamuning,2025-08-26,13,2025-08-26 13:00,94,verified,081425-083125.pdf,7,2025_August7September15_081425-083125_p07.png
Kamuning,2025-08-26,14,2025-08-26 14:00,201,verified,081425-083125.pdf,7,2025_August7September15_081425-083125_p07.png
Kamuning,2025-08-26,15,2025-08-26 15:00,82,verified,081425-083125.pdf,7,2025_August7September15_081425-083125_p07.png
Kamuning,2025-08-26,16,2025-08-26 16:00,181,verified,081425-083125.pdf,7,2025_August7September15_081425-083125_p07.png
Kamuning,2025-08-26,17,2025-08-26 17:00,70,verified,081425-083125.pdf,7,2025_August7September15_081425-083125_p07.png
Kamuning,2025-08-26,18,2025-08-26 18:00,427,verified,081425-083125.pdf,7,2025_August7September15_081425-083125_p07.png
Kamuning,2025-08-26,19,2025-08-26 19:00,252,verified,081425-083125.pdf,7,2025_August7September15_081425-083125_p07.png
Kamuning,2025-08-26,20,2025-08-26 20:00,104,verified,081425-083125.pdf,7,2025_August7September15_081425-083125_p07.png
Kamuning,2025-08-26,21,2025-08-26 21:00,116,verified,081425-083125.pdf,7,2025_August7September15_081425-083125_p07.png
Kamuning,2025-08-26,22,2025-08-26 22:00,95,verified,081425-083125.pdf,7,2025_August7September15_081425-083125_p07.png
Kamuning,2025-08-26,23,2025-08-26 23:00,31,verified,081425-083125.pdf,7,2025_August7September15_081425-083125_p07.png
Kamuning,2025-08-26,0,2025-08-27 00:00,11,verified,081425-083125.pdf,7,2025_August7September15_081425-083125_p07.png
Kamuning,2025-08-26,1,2025-08-27 01:00,9,verified,081425-083125.pdf,7,2025_August7September15_081425-083125_p07.png
Kamuning,2025-08-26,2,2025-08-27 02:00,4,verified,081425-083125.pdf,7,2025_August7September15_081425-083125_p07.png
Kamuning,2025-08-26,3,2025-08-27 03:00,13,verified,081425-083125.pdf,7,2025_August7September15_081425-083125_p07.png
Kamuning,2025-08-26,4,2025-08-27 04:00,27,verified,081425-083125.pdf,7,2025_August7September15_081425-083125_p07.png
Kamuning,2025-08-26,5,2025-08-27 05:00,46,verified,081425-083125.pdf,7,2025_August7September15_081425-083125_p07.png
Kamuning,2025-08-27,6,2025-08-27 06:00,223,verified,081425-083125.pdf,8,2025_August7September15_081425-083125_p08.png
Kamuning,2025-08-27,7,2025-08-27 07:00,214,verified,081425-083125.pdf,8,2025_August7September15_081425-083125_p08.png
Kamuning,2025-08-27,8,2025-08-27 08:00,204,verified,081425-083125.pdf,8,2025_August7September15_081425-083125_p08.png
Kamuning,2025-08-27,9,2025-08-27 09:00,105,verified,081425-083125.pdf,8,2025_August7September15_081425-083125_p08.png
Kamuning,2025-08-27,10,2025-08-27 10:00,84,verified,081425-083125.pdf,8,2025_August7September15_081425-083125_p08.png
Kamuning,2025-08-27,11,2025-08-27 11:00,91,verified,081425-083125.pdf,8,2025_August7September15_081425-083125_p08.png
Kamuning,2025-08-27,12,2025-08-27 12:00,67,verified,081425-083125.pdf,8,2025_August7September15_081425-083125_p08.png
Kamuning,2025-08-27,13,2025-08-27 13:00,74,verified,081425-083125.pdf,8,2025_August7September15_081425-083125_p08.png
Kamuning,2025-08-27,14,2025-08-27 14:00,119,verified,081425-083125.pdf,8,2025_August7September15_081425-083125_p08.png
Kamuning,2025-08-27,15,2025-08-27 15:00,179,verified,081425-083125.pdf,8,2025_August7September15_081425-083125_p08.png
Kamuning,2025-08-27,16,2025-08-27 16:00,127,verified,081425-083125.pdf,8,2025_August7September15_081425-083125_p08.png
Kamuning,2025-08-27,17,2025-08-27 17:00,164,verified,081425-083125.pdf,8,2025_August7September15_081425-083125_p08.png
Kamuning,2025-08-27,18,2025-08-27 18:00,410,verified,081425-083125.pdf,8,2025_August7September15_081425-083125_p08.png
Kamuning,2025-08-27,19,2025-08-27 19:00,295,verified,081425-083125.pdf,8,2025_August7September15_081425-083125_p08.png
Kamuning,2025-08-27,20,2025-08-27 20:00,147,verified,081425-083125.pdf,8,2025_August7September15_081425-083125_p08.png
Kamuning,2025-08-27,21,2025-08-27 21:00,112,verified,081425-083125.pdf,8,2025_August7September15_081425-083125_p08.png
Kamuning,2025-08-27,22,2025-08-27 22:00,91,verified,081425-083125.pdf,8,2025_August7September15_081425-083125_p08.png
Kamuning,2025-08-27,23,2025-08-27 23:00,27,verified,081425-083125.pdf,8,2025_August7September15_081425-083125_p08.png
Kamuning,2025-08-27,0,2025-08-28 00:00,13,verified,081425-083125.pdf,8,2025_August7September15_081425-083125_p08.png
Kamuning,2025-08-27,1,2025-08-28 01:00,16,verified,081425-083125.pdf,8,2025_August7September15_081425-083125_p08.png
Kamuning,2025-08-27,2,2025-08-28 02:00,9,verified,081425-083125.pdf,8,2025_August7September15_081425-083125_p08.png
Kamuning,2025-08-27,3,2025-08-28 03:00,21,verified,081425-083125.pdf,8,2025_August7September15_081425-083125_p08.png
Kamuning,2025-08-27,4,2025-08-28 04:00,27,verified,081425-083125.pdf,8,2025_August7September15_081425-083125_p08.png
Kamuning,2025-08-27,5,2025-08-28 05:00,30,verified,081425-083125.pdf,8,2025_August7September15_081425-083125_p08.png
Kamuning,2025-08-28,6,2025-08-28 06:00,170,mismatch,081425-083125.pdf,8,2025_August7September15_081425-083125_p08.png
Kamuning,2025-08-28,7,2025-08-28 07:00,146,mismatch,081425-083125.pdf,8,2025_August7September15_081425-083125_p08.png
Kamuning,2025-08-28,8,2025-08-28 08:00,80,mismatch,081425-083125.pdf,8,2025_August7September15_081425-083125_p08.png
Kamuning,2025-08-28,9,2025-08-28 09:00,98,mismatch,081425-083125.pdf,8,2025_August7September15_081425-083125_p08.png
Kamuning,2025-08-28,10,2025-08-28 10:00,91,mismatch,081425-083125.pdf,8,2025_August7September15_081425-083125_p08.png
Kamuning,2025-08-28,11,2025-08-28 11:00,52,mismatch,081425-083125.pdf,8,2025_August7September15_081425-083125_p08.png
Kamuning,2025-08-28,12,2025-08-28 12:00,85,mismatch,081425-083125.pdf,8,2025_August7September15_081425-083125_p08.png
Kamuning,2025-08-28,13,2025-08-28 13:00,73,mismatch,081425-083125.pdf,8,2025_August7September15_081425-083125_p08.png
Kamuning,2025-08-28,14,2025-08-28 14:00,104,mismatch,081425-083125.pdf,8,2025_August7September15_081425-083125_p08.png
Kamuning,2025-08-28,15,2025-08-28 15:00,169,mismatch,081425-083125.pdf,8,2025_August7September15_081425-083125_p08.png
Kamuning,2025-08-28,16,2025-08-28 16:00,220,mismatch,081425-083125.pdf,8,2025_August7September15_081425-083125_p08.png
Kamuning,2025-08-28,17,2025-08-28 17:00,201,mismatch,081425-083125.pdf,8,2025_August7September15_081425-083125_p08.png
Kamuning,2025-08-28,18,2025-08-28 18:00,417,mismatch,081425-083125.pdf,8,2025_August7September15_081425-083125_p08.png
Kamuning,2025-08-28,19,2025-08-28 19:00,241,mismatch,081425-083125.pdf,8,2025_August7September15_081425-083125_p08.png
Kamuning,2025-08-28,20,2025-08-28 20:00,164,mismatch,081425-083125.pdf,8,2025_August7September15_081425-083125_p08.png
Kamuning,2025-08-28,21,2025-08-28 21:00,97,mismatch,081425-083125.pdf,8,2025_August7September15_081425-083125_p08.png
Kamuning,2025-08-28,22,2025-08-28 22:00,69,mismatch,081425-083125.pdf,8,2025_August7September15_081425-083125_p08.png
Kamuning,2025-08-28,23,2025-08-28 23:00,14,mismatch,081425-083125.pdf,8,2025_August7September15_081425-083125_p08.png
Kamuning,2025-08-28,0,2025-08-29 00:00,9,mismatch,081425-083125.pdf,8,2025_August7September15_081425-083125_p08.png
Kamuning,2025-08-28,1,2025-08-29 01:00,7,mismatch,081425-083125.pdf,8,2025_August7September15_081425-083125_p08.png
Kamuning,2025-08-28,2,2025-08-29 02:00,46,mismatch,081425-083125.pdf,8,2025_August7September15_081425-083125_p08.png
Kamuning,2025-08-28,3,2025-08-29 03:00,121,mismatch,081425-083125.pdf,8,2025_August7September15_081425-083125_p08.png
Kamuning,2025-08-28,4,2025-08-29 04:00,31,mismatch,081425-083125.pdf,8,2025_August7September15_081425-083125_p08.png
Kamuning,2025-08-28,5,2025-08-29 05:00,69,mismatch,081425-083125.pdf,8,2025_August7September15_081425-083125_p08.png
Kamuning,2025-08-29,6,2025-08-29 06:00,165,verified,081425-083125.pdf,9,2025_August7September15_081425-083125_p09.png
Kamuning,2025-08-29,7,2025-08-29 07:00,152,verified,081425-083125.pdf,9,2025_August7September15_081425-083125_p09.png
Kamuning,2025-08-29,8,2025-08-29 08:00,128,verified,081425-083125.pdf,9,2025_August7September15_081425-083125_p09.png
Kamuning,2025-08-29,9,2025-08-29 09:00,61,verified,081425-083125.pdf,9,2025_August7September15_081425-083125_p09.png
Kamuning,2025-08-29,10,2025-08-29 10:00,69,verified,081425-083125.pdf,9,2025_August7September15_081425-083125_p09.png
Kamuning,2025-08-29,11,2025-08-29 11:00,56,verified,081425-083125.pdf,9,2025_August7September15_081425-083125_p09.png
Kamuning,2025-08-29,12,2025-08-29 12:00,81,verified,081425-083125.pdf,9,2025_August7September15_081425-083125_p09.png
Kamuning,2025-08-29,13,2025-08-29 13:00,75,verified,081425-083125.pdf,9,2025_August7September15_081425-083125_p09.png
Kamuning,2025-08-29,14,2025-08-29 14:00,109,verified,081425-083125.pdf,9,2025_August7September15_081425-083125_p09.png
Kamuning,2025-08-29,15,2025-08-29 15:00,184,verified,081425-083125.pdf,9,2025_August7September15_081425-083125_p09.png
Kamuning,2025-08-29,16,2025-08-29 16:00,194,verified,081425-083125.pdf,9,2025_August7September15_081425-083125_p09.png
Kamuning,2025-08-29,17,2025-08-29 17:00,120,verified,081425-083125.pdf,9,2025_August7September15_081425-083125_p09.png
Kamuning,2025-08-29,18,2025-08-29 18:00,472,verified,081425-083125.pdf,9,2025_August7September15_081425-083125_p09.png
Kamuning,2025-08-29,19,2025-08-29 19:00,194,verified,081425-083125.pdf,9,2025_August7September15_081425-083125_p09.png
Kamuning,2025-08-29,20,2025-08-29 20:00,81,verified,081425-083125.pdf,9,2025_August7September15_081425-083125_p09.png
Kamuning,2025-08-29,21,2025-08-29 21:00,139,verified,081425-083125.pdf,9,2025_August7September15_081425-083125_p09.png
Kamuning,2025-08-29,22,2025-08-29 22:00,116,verified,081425-083125.pdf,9,2025_August7September15_081425-083125_p09.png
Kamuning,2025-08-29,23,2025-08-29 23:00,23,verified,081425-083125.pdf,9,2025_August7September15_081425-083125_p09.png
Kamuning,2025-08-29,0,2025-08-30 00:00,13,verified,081425-083125.pdf,9,2025_August7September15_081425-083125_p09.png
Kamuning,2025-08-29,1,2025-08-30 01:00,16,verified,081425-083125.pdf,9,2025_August7September15_081425-083125_p09.png
Kamuning,2025-08-29,2,2025-08-30 02:00,12,verified,081425-083125.pdf,9,2025_August7September15_081425-083125_p09.png
Kamuning,2025-08-29,3,2025-08-30 03:00,9,verified,081425-083125.pdf,9,2025_August7September15_081425-083125_p09.png
Kamuning,2025-08-29,4,2025-08-30 04:00,27,verified,081425-083125.pdf,9,2025_August7September15_081425-083125_p09.png
Kamuning,2025-08-29,5,2025-08-30 05:00,22,verified,081425-083125.pdf,9,2025_August7September15_081425-083125_p09.png
Kamuning,2025-08-30,6,2025-08-30 06:00,137,verified,081425-083125.pdf,9,2025_August7September15_081425-083125_p09.png
Kamuning,2025-08-30,7,2025-08-30 07:00,91,verified,081425-083125.pdf,9,2025_August7September15_081425-083125_p09.png
Kamuning,2025-08-30,8,2025-08-30 08:00,106,verified,081425-083125.pdf,9,2025_August7September15_081425-083125_p09.png
Kamuning,2025-08-30,9,2025-08-30 09:00,64,verified,081425-083125.pdf,9,2025_August7September15_081425-083125_p09.png
Kamuning,2025-08-30,10,2025-08-30 10:00,71,verified,081425-083125.pdf,9,2025_August7September15_081425-083125_p09.png
Kamuning,2025-08-30,11,2025-08-30 11:00,60,verified,081425-083125.pdf,9,2025_August7September15_081425-083125_p09.png
Kamuning,2025-08-30,12,2025-08-30 12:00,87,verified,081425-083125.pdf,9,2025_August7September15_081425-083125_p09.png
Kamuning,2025-08-30,13,2025-08-30 13:00,65,verified,081425-083125.pdf,9,2025_August7September15_081425-083125_p09.png
Kamuning,2025-08-30,14,2025-08-30 14:00,100,verified,081425-083125.pdf,9,2025_August7September15_081425-083125_p09.png
Kamuning,2025-08-30,15,2025-08-30 15:00,162,verified,081425-083125.pdf,9,2025_August7September15_081425-083125_p09.png
Kamuning,2025-08-30,16,2025-08-30 16:00,235,verified,081425-083125.pdf,9,2025_August7September15_081425-083125_p09.png
Kamuning,2025-08-30,17,2025-08-30 17:00,157,verified,081425-083125.pdf,9,2025_August7September15_081425-083125_p09.png
Kamuning,2025-08-30,18,2025-08-30 18:00,314,verified,081425-083125.pdf,9,2025_August7September15_081425-083125_p09.png
Kamuning,2025-08-30,19,2025-08-30 19:00,207,verified,081425-083125.pdf,9,2025_August7September15_081425-083125_p09.png
Kamuning,2025-08-30,20,2025-08-30 20:00,94,verified,081425-083125.pdf,9,2025_August7September15_081425-083125_p09.png
Kamuning,2025-08-30,21,2025-08-30 21:00,97,verified,081425-083125.pdf,9,2025_August7September15_081425-083125_p09.png
Kamuning,2025-08-30,22,2025-08-30 22:00,104,verified,081425-083125.pdf,9,2025_August7September15_081425-083125_p09.png
Kamuning,2025-08-30,23,2025-08-30 23:00,27,verified,081425-083125.pdf,9,2025_August7September15_081425-083125_p09.png
Kamuning,2025-08-30,0,2025-08-31 00:00,6,verified,081425-083125.pdf,9,2025_August7September15_081425-083125_p09.png
Kamuning,2025-08-30,1,2025-08-31 01:00,4,verified,081425-083125.pdf,9,2025_August7September15_081425-083125_p09.png
Kamuning,2025-08-30,2,2025-08-31 02:00,7,verified,081425-083125.pdf,9,2025_August7September15_081425-083125_p09.png
Kamuning,2025-08-30,3,2025-08-31 03:00,5,verified,081425-083125.pdf,9,2025_August7September15_081425-083125_p09.png
Kamuning,2025-08-30,4,2025-08-31 04:00,24,verified,081425-083125.pdf,9,2025_August7September15_081425-083125_p09.png
Kamuning,2025-08-30,5,2025-08-31 05:00,32,verified,081425-083125.pdf,9,2025_August7September15_081425-083125_p09.png
Kamuning,2025-08-31,6,2025-08-31 06:00,96,verified,081425-083125.pdf,10,2025_August7September15_081425-083125_p10.png
Kamuning,2025-08-31,7,2025-08-31 07:00,61,verified,081425-083125.pdf,10,2025_August7September15_081425-083125_p10.png
Kamuning,2025-08-31,8,2025-08-31 08:00,76,verified,081425-083125.pdf,10,2025_August7September15_081425-083125_p10.png
Kamuning,2025-08-31,9,2025-08-31 09:00,60,verified,081425-083125.pdf,10,2025_August7September15_081425-083125_p10.png
Kamuning,2025-08-31,10,2025-08-31 10:00,58,verified,081425-083125.pdf,10,2025_August7September15_081425-083125_p10.png
Kamuning,2025-08-31,11,2025-08-31 11:00,26,verified,081425-083125.pdf,10,2025_August7September15_081425-083125_p10.png
Kamuning,2025-08-31,12,2025-08-31 12:00,53,verified,081425-083125.pdf,10,2025_August7September15_081425-083125_p10.png
Kamuning,2025-08-31,13,2025-08-31 13:00,69,verified,081425-083125.pdf,10,2025_August7September15_081425-083125_p10.png
Kamuning,2025-08-31,14,2025-08-31 14:00,66,verified,081425-083125.pdf,10,2025_August7September15_081425-083125_p10.png
Kamuning,2025-08-31,15,2025-08-31 15:00,72,verified,081425-083125.pdf,10,2025_August7September15_081425-083125_p10.png
Kamuning,2025-08-31,16,2025-08-31 16:00,96,verified,081425-083125.pdf,10,2025_August7September15_081425-083125_p10.png
Kamuning,2025-08-31,17,2025-08-31 17:00,56,verified,081425-083125.pdf,10,2025_August7September15_081425-083125_p10.png
Kamuning,2025-08-31,18,2025-08-31 18:00,134,verified,081425-083125.pdf,10,2025_August7September15_081425-083125_p10.png
Kamuning,2025-08-31,19,2025-08-31 19:00,76,verified,081425-083125.pdf,10,2025_August7September15_081425-083125_p10.png
Kamuning,2025-08-31,20,2025-08-31 20:00,127,verified,081425-083125.pdf,10,2025_August7September15_081425-083125_p10.png
Kamuning,2025-08-31,21,2025-08-31 21:00,92,verified,081425-083125.pdf,10,2025_August7September15_081425-083125_p10.png
Kamuning,2025-08-31,22,2025-08-31 22:00,74,verified,081425-083125.pdf,10,2025_August7September15_081425-083125_p10.png
Kamuning,2025-08-31,23,2025-08-31 23:00,92,verified,081425-083125.pdf,10,2025_August7September15_081425-083125_p10.png
Kamuning,2025-08-31,0,2025-09-01 00:00,10,verified,081425-083125.pdf,10,2025_August7September15_081425-083125_p10.png
Kamuning,2025-08-31,1,2025-09-01 01:00,4,verified,081425-083125.pdf,10,2025_August7September15_081425-083125_p10.png
Kamuning,2025-08-31,2,2025-09-01 02:00,12,verified,081425-083125.pdf,10,2025_August7September15_081425-083125_p10.png
Kamuning,2025-08-31,3,2025-09-01 03:00,17,verified,081425-083125.pdf,10,2025_August7September15_081425-083125_p10.png
Kamuning,2025-08-31,4,2025-09-01 04:00,21,verified,081425-083125.pdf,10,2025_August7September15_081425-083125_p10.png
Kamuning,2025-08-31,5,2025-09-01 05:00,34,verified,081425-083125.pdf,10,2025_August7September15_081425-083125_p10.png
Kamuning,2025-09-01,6,2025-09-01 06:00,360,verified,090125-091425.pdf,1,2025_August7September15_090125-091425_p01.png
Kamuning,2025-09-01,7,2025-09-01 07:00,431,verified,090125-091425.pdf,1,2025_August7September15_090125-091425_p01.png
Kamuning,2025-09-01,8,2025-09-01 08:00,35,verified,090125-091425.pdf,1,2025_August7September15_090125-091425_p01.png
Kamuning,2025-09-01,9,2025-09-01 09:00,198,verified,090125-091425.pdf,1,2025_August7September15_090125-091425_p01.png
Kamuning,2025-09-01,10,2025-09-01 10:00,181,verified,090125-091425.pdf,1,2025_August7September15_090125-091425_p01.png
Kamuning,2025-09-01,11,2025-09-01 11:00,222,verified,090125-091425.pdf,1,2025_August7September15_090125-091425_p01.png
Kamuning,2025-09-01,12,2025-09-01 12:00,212,verified,090125-091425.pdf,1,2025_August7September15_090125-091425_p01.png
Kamuning,2025-09-01,13,2025-09-01 13:00,229,verified,090125-091425.pdf,1,2025_August7September15_090125-091425_p01.png
Kamuning,2025-09-01,14,2025-09-01 14:00,127,verified,090125-091425.pdf,1,2025_August7September15_090125-091425_p01.png
Kamuning,2025-09-01,15,2025-09-01 15:00,159,verified,090125-091425.pdf,1,2025_August7September15_090125-091425_p01.png
Kamuning,2025-09-01,16,2025-09-01 16:00,83,verified,090125-091425.pdf,1,2025_August7September15_090125-091425_p01.png
Kamuning,2025-09-01,17,2025-09-01 17:00,62,verified,090125-091425.pdf,1,2025_August7September15_090125-091425_p01.png
Kamuning,2025-09-01,18,2025-09-01 18:00,524,verified,090125-091425.pdf,1,2025_August7September15_090125-091425_p01.png
Kamuning,2025-09-01,19,2025-09-01 19:00,280,verified,090125-091425.pdf,1,2025_August7September15_090125-091425_p01.png
Kamuning,2025-09-01,20,2025-09-01 20:00,217,verified,090125-091425.pdf,1,2025_August7September15_090125-091425_p01.png
Kamuning,2025-09-01,21,2025-09-01 21:00,40,verified,090125-091425.pdf,1,2025_August7September15_090125-091425_p01.png
Kamuning,2025-09-01,22,2025-09-01 22:00,32,verified,090125-091425.pdf,1,2025_August7September15_090125-091425_p01.png
Kamuning,2025-09-01,23,2025-09-01 23:00,160,verified,090125-091425.pdf,1,2025_August7September15_090125-091425_p01.png
Kamuning,2025-09-01,0,2025-09-02 00:00,26,verified,090125-091425.pdf,1,2025_August7September15_090125-091425_p01.png
Kamuning,2025-09-01,1,2025-09-02 01:00,42,verified,090125-091425.pdf,1,2025_August7September15_090125-091425_p01.png
Kamuning,2025-09-01,2,2025-09-02 02:00,57,verified,090125-091425.pdf,1,2025_August7September15_090125-091425_p01.png
Kamuning,2025-09-01,3,2025-09-02 03:00,40,verified,090125-091425.pdf,1,2025_August7September15_090125-091425_p01.png
Kamuning,2025-09-01,4,2025-09-02 04:00,136,verified,090125-091425.pdf,1,2025_August7September15_090125-091425_p01.png
Kamuning,2025-09-01,5,2025-09-02 05:00,100,verified,090125-091425.pdf,1,2025_August7September15_090125-091425_p01.png
Kamuning,2025-09-02,6,2025-09-02 06:00,109,verified,090125-091425.pdf,2,2025_August7September15_090125-091425_p02.png
Kamuning,2025-09-02,7,2025-09-02 07:00,230,verified,090125-091425.pdf,2,2025_August7September15_090125-091425_p02.png
Kamuning,2025-09-02,8,2025-09-02 08:00,103,verified,090125-091425.pdf,2,2025_August7September15_090125-091425_p02.png
Kamuning,2025-09-02,9,2025-09-02 09:00,140,verified,090125-091425.pdf,2,2025_August7September15_090125-091425_p02.png
Kamuning,2025-09-02,10,2025-09-02 10:00,102,verified,090125-091425.pdf,2,2025_August7September15_090125-091425_p02.png
Kamuning,2025-09-02,11,2025-09-02 11:00,205,verified,090125-091425.pdf,2,2025_August7September15_090125-091425_p02.png
Kamuning,2025-09-02,12,2025-09-02 12:00,102,verified,090125-091425.pdf,2,2025_August7September15_090125-091425_p02.png
Kamuning,2025-09-02,13,2025-09-02 13:00,160,verified,090125-091425.pdf,2,2025_August7September15_090125-091425_p02.png
Kamuning,2025-09-02,14,2025-09-02 14:00,185,verified,090125-091425.pdf,2,2025_August7September15_090125-091425_p02.png
Kamuning,2025-09-02,15,2025-09-02 15:00,540,verified,090125-091425.pdf,2,2025_August7September15_090125-091425_p02.png
Kamuning,2025-09-02,16,2025-09-02 16:00,66,verified,090125-091425.pdf,2,2025_August7September15_090125-091425_p02.png
Kamuning,2025-09-02,17,2025-09-02 17:00,50,verified,090125-091425.pdf,2,2025_August7September15_090125-091425_p02.png
Kamuning,2025-09-02,18,2025-09-02 18:00,840,verified,090125-091425.pdf,2,2025_August7September15_090125-091425_p02.png
Kamuning,2025-09-02,19,2025-09-02 19:00,300,verified,090125-091425.pdf,2,2025_August7September15_090125-091425_p02.png
Kamuning,2025-09-02,20,2025-09-02 20:00,205,verified,090125-091425.pdf,2,2025_August7September15_090125-091425_p02.png
Kamuning,2025-09-02,21,2025-09-02 21:00,115,verified,090125-091425.pdf,2,2025_August7September15_090125-091425_p02.png
Kamuning,2025-09-02,22,2025-09-02 22:00,132,verified,090125-091425.pdf,2,2025_August7September15_090125-091425_p02.png
Kamuning,2025-09-02,23,2025-09-02 23:00,47,verified,090125-091425.pdf,2,2025_August7September15_090125-091425_p02.png
Kamuning,2025-09-02,0,2025-09-03 00:00,17,verified,090125-091425.pdf,2,2025_August7September15_090125-091425_p02.png
Kamuning,2025-09-02,1,2025-09-03 01:00,29,verified,090125-091425.pdf,2,2025_August7September15_090125-091425_p02.png
Kamuning,2025-09-02,2,2025-09-03 02:00,19,verified,090125-091425.pdf,2,2025_August7September15_090125-091425_p02.png
Kamuning,2025-09-02,3,2025-09-03 03:00,69,verified,090125-091425.pdf,2,2025_August7September15_090125-091425_p02.png
Kamuning,2025-09-02,4,2025-09-03 04:00,22,verified,090125-091425.pdf,2,2025_August7September15_090125-091425_p02.png
Kamuning,2025-09-02,5,2025-09-03 05:00,50,verified,090125-091425.pdf,2,2025_August7September15_090125-091425_p02.png
Kamuning,2025-09-03,6,2025-09-03 06:00,176,verified,090125-091425.pdf,2,2025_August7September15_090125-091425_p02.png
Kamuning,2025-09-03,7,2025-09-03 07:00,201,verified,090125-091425.pdf,2,2025_August7September15_090125-091425_p02.png
Kamuning,2025-09-03,8,2025-09-03 08:00,136,verified,090125-091425.pdf,2,2025_August7September15_090125-091425_p02.png
Kamuning,2025-09-03,9,2025-09-03 09:00,160,verified,090125-091425.pdf,2,2025_August7September15_090125-091425_p02.png
Kamuning,2025-09-03,10,2025-09-03 10:00,84,verified,090125-091425.pdf,2,2025_August7September15_090125-091425_p02.png
Kamuning,2025-09-03,11,2025-09-03 11:00,130,verified,090125-091425.pdf,2,2025_August7September15_090125-091425_p02.png
Kamuning,2025-09-03,12,2025-09-03 12:00,144,verified,090125-091425.pdf,2,2025_August7September15_090125-091425_p02.png
Kamuning,2025-09-03,13,2025-09-03 13:00,201,verified,090125-091425.pdf,2,2025_August7September15_090125-091425_p02.png
Kamuning,2025-09-03,14,2025-09-03 14:00,105,verified,090125-091425.pdf,2,2025_August7September15_090125-091425_p02.png
Kamuning,2025-09-03,15,2025-09-03 15:00,237,verified,090125-091425.pdf,2,2025_August7September15_090125-091425_p02.png
Kamuning,2025-09-03,16,2025-09-03 16:00,303,verified,090125-091425.pdf,2,2025_August7September15_090125-091425_p02.png
Kamuning,2025-09-03,17,2025-09-03 17:00,202,verified,090125-091425.pdf,2,2025_August7September15_090125-091425_p02.png
Kamuning,2025-09-03,18,2025-09-03 18:00,840,verified,090125-091425.pdf,2,2025_August7September15_090125-091425_p02.png
Kamuning,2025-09-03,19,2025-09-03 19:00,300,verified,090125-091425.pdf,2,2025_August7September15_090125-091425_p02.png
Kamuning,2025-09-03,20,2025-09-03 20:00,205,verified,090125-091425.pdf,2,2025_August7September15_090125-091425_p02.png
Kamuning,2025-09-03,21,2025-09-03 21:00,115,verified,090125-091425.pdf,2,2025_August7September15_090125-091425_p02.png
Kamuning,2025-09-03,22,2025-09-03 22:00,132,verified,090125-091425.pdf,2,2025_August7September15_090125-091425_p02.png
Kamuning,2025-09-03,23,2025-09-03 23:00,47,verified,090125-091425.pdf,2,2025_August7September15_090125-091425_p02.png
Kamuning,2025-09-03,0,2025-09-04 00:00,17,verified,090125-091425.pdf,2,2025_August7September15_090125-091425_p02.png
Kamuning,2025-09-03,1,2025-09-04 01:00,29,verified,090125-091425.pdf,2,2025_August7September15_090125-091425_p02.png
Kamuning,2025-09-03,2,2025-09-04 02:00,19,verified,090125-091425.pdf,2,2025_August7September15_090125-091425_p02.png
Kamuning,2025-09-03,3,2025-09-04 03:00,69,verified,090125-091425.pdf,2,2025_August7September15_090125-091425_p02.png
Kamuning,2025-09-03,4,2025-09-04 04:00,22,verified,090125-091425.pdf,2,2025_August7September15_090125-091425_p02.png
Kamuning,2025-09-03,5,2025-09-04 05:00,50,verified,090125-091425.pdf,2,2025_August7September15_090125-091425_p02.png
Kamuning,2025-09-04,6,2025-09-04 06:00,244,verified,090125-091425.pdf,3,2025_August7September15_090125-091425_p03.png
Kamuning,2025-09-04,7,2025-09-04 07:00,215,verified,090125-091425.pdf,3,2025_August7September15_090125-091425_p03.png
Kamuning,2025-09-04,8,2025-09-04 08:00,222,verified,090125-091425.pdf,3,2025_August7September15_090125-091425_p03.png
Kamuning,2025-09-04,9,2025-09-04 09:00,149,verified,090125-091425.pdf,3,2025_August7September15_090125-091425_p03.png
Kamuning,2025-09-04,10,2025-09-04 10:00,162,verified,090125-091425.pdf,3,2025_August7September15_090125-091425_p03.png
Kamuning,2025-09-04,11,2025-09-04 11:00,59,verified,090125-091425.pdf,3,2025_August7September15_090125-091425_p03.png
Kamuning,2025-09-04,12,2025-09-04 12:00,55,verified,090125-091425.pdf,3,2025_August7September15_090125-091425_p03.png
Kamuning,2025-09-04,13,2025-09-04 13:00,98,verified,090125-091425.pdf,3,2025_August7September15_090125-091425_p03.png
Kamuning,2025-09-04,14,2025-09-04 14:00,128,verified,090125-091425.pdf,3,2025_August7September15_090125-091425_p03.png
Kamuning,2025-09-04,15,2025-09-04 15:00,111,verified,090125-091425.pdf,3,2025_August7September15_090125-091425_p03.png
Kamuning,2025-09-04,16,2025-09-04 16:00,119,verified,090125-091425.pdf,3,2025_August7September15_090125-091425_p03.png
Kamuning,2025-09-04,17,2025-09-04 17:00,193,verified,090125-091425.pdf,3,2025_August7September15_090125-091425_p03.png
Kamuning,2025-09-04,18,2025-09-04 18:00,520,verified,090125-091425.pdf,3,2025_August7September15_090125-091425_p03.png
Kamuning,2025-09-04,19,2025-09-04 19:00,340,verified,090125-091425.pdf,3,2025_August7September15_090125-091425_p03.png
Kamuning,2025-09-04,20,2025-09-04 20:00,150,verified,090125-091425.pdf,3,2025_August7September15_090125-091425_p03.png
Kamuning,2025-09-04,21,2025-09-04 21:00,98,verified,090125-091425.pdf,3,2025_August7September15_090125-091425_p03.png
Kamuning,2025-09-04,22,2025-09-04 22:00,150,verified,090125-091425.pdf,3,2025_August7September15_090125-091425_p03.png
Kamuning,2025-09-04,23,2025-09-04 23:00,50,verified,090125-091425.pdf,3,2025_August7September15_090125-091425_p03.png
Kamuning,2025-09-04,0,2025-09-05 00:00,25,verified,090125-091425.pdf,3,2025_August7September15_090125-091425_p03.png
Kamuning,2025-09-04,1,2025-09-05 01:00,18,verified,090125-091425.pdf,3,2025_August7September15_090125-091425_p03.png
Kamuning,2025-09-04,2,2025-09-05 02:00,50,verified,090125-091425.pdf,3,2025_August7September15_090125-091425_p03.png
Kamuning,2025-09-04,3,2025-09-05 03:00,15,verified,090125-091425.pdf,3,2025_August7September15_090125-091425_p03.png
Kamuning,2025-09-04,4,2025-09-05 04:00,48,verified,090125-091425.pdf,3,2025_August7September15_090125-091425_p03.png
Kamuning,2025-09-04,5,2025-09-05 05:00,30,verified,090125-091425.pdf,3,2025_August7September15_090125-091425_p03.png
Kamuning,2025-09-05,6,2025-09-05 06:00,668,verified,090125-091425.pdf,3,2025_August7September15_090125-091425_p03.png
Kamuning,2025-09-05,7,2025-09-05 07:00,130,verified,090125-091425.pdf,3,2025_August7September15_090125-091425_p03.png
Kamuning,2025-09-05,8,2025-09-05 08:00,202,verified,090125-091425.pdf,3,2025_August7September15_090125-091425_p03.png
Kamuning,2025-09-05,9,2025-09-05 09:00,93,verified,090125-091425.pdf,3,2025_August7September15_090125-091425_p03.png
Kamuning,2025-09-05,10,2025-09-05 10:00,201,verified,090125-091425.pdf,3,2025_August7September15_090125-091425_p03.png
Kamuning,2025-09-05,11,2025-09-05 11:00,123,verified,090125-091425.pdf,3,2025_August7September15_090125-091425_p03.png
Kamuning,2025-09-05,12,2025-09-05 12:00,120,verified,090125-091425.pdf,3,2025_August7September15_090125-091425_p03.png
Kamuning,2025-09-05,13,2025-09-05 13:00,124,verified,090125-091425.pdf,3,2025_August7September15_090125-091425_p03.png
Kamuning,2025-09-05,14,2025-09-05 14:00,201,verified,090125-091425.pdf,3,2025_August7September15_090125-091425_p03.png
Kamuning,2025-09-05,15,2025-09-05 15:00,230,verified,090125-091425.pdf,3,2025_August7September15_090125-091425_p03.png
Kamuning,2025-09-05,16,2025-09-05 16:00,204,verified,090125-091425.pdf,3,2025_August7September15_090125-091425_p03.png
Kamuning,2025-09-05,17,2025-09-05 17:00,213,verified,090125-091425.pdf,3,2025_August7September15_090125-091425_p03.png
Kamuning,2025-09-05,18,2025-09-05 18:00,790,verified,090125-091425.pdf,3,2025_August7September15_090125-091425_p03.png
Kamuning,2025-09-05,19,2025-09-05 19:00,400,verified,090125-091425.pdf,3,2025_August7September15_090125-091425_p03.png
Kamuning,2025-09-05,20,2025-09-05 20:00,120,verified,090125-091425.pdf,3,2025_August7September15_090125-091425_p03.png
Kamuning,2025-09-05,21,2025-09-05 21:00,70,verified,090125-091425.pdf,3,2025_August7September15_090125-091425_p03.png
Kamuning,2025-09-05,22,2025-09-05 22:00,90,verified,090125-091425.pdf,3,2025_August7September15_090125-091425_p03.png
Kamuning,2025-09-05,23,2025-09-05 23:00,60,verified,090125-091425.pdf,3,2025_August7September15_090125-091425_p03.png
Kamuning,2025-09-05,0,2025-09-06 00:00,20,verified,090125-091425.pdf,3,2025_August7September15_090125-091425_p03.png
Kamuning,2025-09-05,1,2025-09-06 01:00,15,verified,090125-091425.pdf,3,2025_August7September15_090125-091425_p03.png
Kamuning,2025-09-05,2,2025-09-06 02:00,30,verified,090125-091425.pdf,3,2025_August7September15_090125-091425_p03.png
Kamuning,2025-09-05,3,2025-09-06 03:00,12,verified,090125-091425.pdf,3,2025_August7September15_090125-091425_p03.png
Kamuning,2025-09-05,4,2025-09-06 04:00,52,verified,090125-091425.pdf,3,2025_August7September15_090125-091425_p03.png
Kamuning,2025-09-05,5,2025-09-06 05:00,50,verified,090125-091425.pdf,3,2025_August7September15_090125-091425_p03.png
Kamuning,2025-09-06,6,2025-09-06 06:00,227,verified,090125-091425.pdf,4,2025_August7September15_090125-091425_p04.png
Kamuning,2025-09-06,7,2025-09-06 07:00,161,verified,090125-091425.pdf,4,2025_August7September15_090125-091425_p04.png
Kamuning,2025-09-06,8,2025-09-06 08:00,60,verified,090125-091425.pdf,4,2025_August7September15_090125-091425_p04.png
Kamuning,2025-09-06,9,2025-09-06 09:00,106,verified,090125-091425.pdf,4,2025_August7September15_090125-091425_p04.png
Kamuning,2025-09-06,10,2025-09-06 10:00,96,verified,090125-091425.pdf,4,2025_August7September15_090125-091425_p04.png
Kamuning,2025-09-06,11,2025-09-06 11:00,180,verified,090125-091425.pdf,4,2025_August7September15_090125-091425_p04.png
Kamuning,2025-09-06,12,2025-09-06 12:00,103,verified,090125-091425.pdf,4,2025_August7September15_090125-091425_p04.png
Kamuning,2025-09-06,13,2025-09-06 13:00,150,verified,090125-091425.pdf,4,2025_August7September15_090125-091425_p04.png
Kamuning,2025-09-06,14,2025-09-06 14:00,145,verified,090125-091425.pdf,4,2025_August7September15_090125-091425_p04.png
Kamuning,2025-09-06,15,2025-09-06 15:00,167,verified,090125-091425.pdf,4,2025_August7September15_090125-091425_p04.png
Kamuning,2025-09-06,16,2025-09-06 16:00,196,verified,090125-091425.pdf,4,2025_August7September15_090125-091425_p04.png
Kamuning,2025-09-06,17,2025-09-06 17:00,225,verified,090125-091425.pdf,4,2025_August7September15_090125-091425_p04.png
Kamuning,2025-09-06,18,2025-09-06 18:00,621,verified,090125-091425.pdf,4,2025_August7September15_090125-091425_p04.png
Kamuning,2025-09-06,19,2025-09-06 19:00,380,verified,090125-091425.pdf,4,2025_August7September15_090125-091425_p04.png
Kamuning,2025-09-06,20,2025-09-06 20:00,91,verified,090125-091425.pdf,4,2025_August7September15_090125-091425_p04.png
Kamuning,2025-09-06,21,2025-09-06 21:00,50,verified,090125-091425.pdf,4,2025_August7September15_090125-091425_p04.png
Kamuning,2025-09-06,22,2025-09-06 22:00,70,verified,090125-091425.pdf,4,2025_August7September15_090125-091425_p04.png
Kamuning,2025-09-06,23,2025-09-06 23:00,40,verified,090125-091425.pdf,4,2025_August7September15_090125-091425_p04.png
Kamuning,2025-09-06,0,2025-09-07 00:00,10,verified,090125-091425.pdf,4,2025_August7September15_090125-091425_p04.png
Kamuning,2025-09-06,1,2025-09-07 01:00,9,verified,090125-091425.pdf,4,2025_August7September15_090125-091425_p04.png
Kamuning,2025-09-06,2,2025-09-07 02:00,23,verified,090125-091425.pdf,4,2025_August7September15_090125-091425_p04.png
Kamuning,2025-09-06,3,2025-09-07 03:00,8,verified,090125-091425.pdf,4,2025_August7September15_090125-091425_p04.png
Kamuning,2025-09-06,4,2025-09-07 04:00,29,verified,090125-091425.pdf,4,2025_August7September15_090125-091425_p04.png
Kamuning,2025-09-06,5,2025-09-07 05:00,90,verified,090125-091425.pdf,4,2025_August7September15_090125-091425_p04.png
Kamuning,2025-09-07,6,2025-09-07 06:00,12,mismatch,090125-091425.pdf,4,2025_August7September15_090125-091425_p04.png
Kamuning,2025-09-07,7,2025-09-07 07:00,120,mismatch,090125-091425.pdf,4,2025_August7September15_090125-091425_p04.png
Kamuning,2025-09-07,8,2025-09-07 08:00,188,mismatch,090125-091425.pdf,4,2025_August7September15_090125-091425_p04.png
Kamuning,2025-09-07,9,2025-09-07 09:00,50,mismatch,090125-091425.pdf,4,2025_August7September15_090125-091425_p04.png
Kamuning,2025-09-07,10,2025-09-07 10:00,24,mismatch,090125-091425.pdf,4,2025_August7September15_090125-091425_p04.png
Kamuning,2025-09-07,11,2025-09-07 11:00,143,mismatch,090125-091425.pdf,4,2025_August7September15_090125-091425_p04.png
Kamuning,2025-09-07,12,2025-09-07 12:00,203,mismatch,090125-091425.pdf,4,2025_August7September15_090125-091425_p04.png
Kamuning,2025-09-07,13,2025-09-07 13:00,105,mismatch,090125-091425.pdf,4,2025_August7September15_090125-091425_p04.png
Kamuning,2025-09-07,14,2025-09-07 14:00,80,mismatch,090125-091425.pdf,4,2025_August7September15_090125-091425_p04.png
Kamuning,2025-09-07,15,2025-09-07 15:00,251,mismatch,090125-091425.pdf,4,2025_August7September15_090125-091425_p04.png
Kamuning,2025-09-07,16,2025-09-07 16:00,15,mismatch,090125-091425.pdf,4,2025_August7September15_090125-091425_p04.png
Kamuning,2025-09-07,17,2025-09-07 17:00,20,mismatch,090125-091425.pdf,4,2025_August7September15_090125-091425_p04.png
Kamuning,2025-09-07,18,2025-09-07 18:00,570,mismatch,090125-091425.pdf,4,2025_August7September15_090125-091425_p04.png
Kamuning,2025-09-07,19,2025-09-07 19:00,200,mismatch,090125-091425.pdf,4,2025_August7September15_090125-091425_p04.png
Kamuning,2025-09-07,20,2025-09-07 20:00,90,mismatch,090125-091425.pdf,4,2025_August7September15_090125-091425_p04.png
Kamuning,2025-09-07,21,2025-09-07 21:00,30,mismatch,090125-091425.pdf,4,2025_August7September15_090125-091425_p04.png
Kamuning,2025-09-07,22,2025-09-07 22:00,50,mismatch,090125-091425.pdf,4,2025_August7September15_090125-091425_p04.png
Kamuning,2025-09-07,23,2025-09-07 23:00,39,mismatch,090125-091425.pdf,4,2025_August7September15_090125-091425_p04.png
Kamuning,2025-09-07,0,2025-09-08 00:00,15,mismatch,090125-091425.pdf,4,2025_August7September15_090125-091425_p04.png
Kamuning,2025-09-07,1,2025-09-08 01:00,10,mismatch,090125-091425.pdf,4,2025_August7September15_090125-091425_p04.png
Kamuning,2025-09-07,2,2025-09-08 02:00,25,mismatch,090125-091425.pdf,4,2025_August7September15_090125-091425_p04.png
Kamuning,2025-09-07,3,2025-09-08 03:00,9,mismatch,090125-091425.pdf,4,2025_August7September15_090125-091425_p04.png
Kamuning,2025-09-07,4,2025-09-08 04:00,40,mismatch,090125-091425.pdf,4,2025_August7September15_090125-091425_p04.png
Kamuning,2025-09-07,5,2025-09-08 05:00,110,mismatch,090125-091425.pdf,4,2025_August7September15_090125-091425_p04.png
Kamuning,2025-09-08,6,2025-09-08 06:00,412,verified,090125-091425.pdf,5,2025_August7September15_090125-091425_p05.png
Kamuning,2025-09-08,7,2025-09-08 07:00,310,verified,090125-091425.pdf,5,2025_August7September15_090125-091425_p05.png
Kamuning,2025-09-08,8,2025-09-08 08:00,205,verified,090125-091425.pdf,5,2025_August7September15_090125-091425_p05.png
Kamuning,2025-09-08,9,2025-09-08 09:00,105,verified,090125-091425.pdf,5,2025_August7September15_090125-091425_p05.png
Kamuning,2025-09-08,10,2025-09-08 10:00,150,verified,090125-091425.pdf,5,2025_August7September15_090125-091425_p05.png
Kamuning,2025-09-08,11,2025-09-08 11:00,81,verified,090125-091425.pdf,5,2025_August7September15_090125-091425_p05.png
Kamuning,2025-09-08,12,2025-09-08 12:00,200,verified,090125-091425.pdf,5,2025_August7September15_090125-091425_p05.png
Kamuning,2025-09-08,13,2025-09-08 13:00,71,verified,090125-091425.pdf,5,2025_August7September15_090125-091425_p05.png
Kamuning,2025-09-08,14,2025-09-08 14:00,263,verified,090125-091425.pdf,5,2025_August7September15_090125-091425_p05.png
Kamuning,2025-09-08,15,2025-09-08 15:00,480,verified,090125-091425.pdf,5,2025_August7September15_090125-091425_p05.png
Kamuning,2025-09-08,16,2025-09-08 16:00,204,verified,090125-091425.pdf,5,2025_August7September15_090125-091425_p05.png
Kamuning,2025-09-08,17,2025-09-08 17:00,209,verified,090125-091425.pdf,5,2025_August7September15_090125-091425_p05.png
Kamuning,2025-09-08,18,2025-09-08 18:00,403,verified,090125-091425.pdf,5,2025_August7September15_090125-091425_p05.png
Kamuning,2025-09-08,19,2025-09-08 19:00,150,verified,090125-091425.pdf,5,2025_August7September15_090125-091425_p05.png
Kamuning,2025-09-08,20,2025-09-08 20:00,70,verified,090125-091425.pdf,5,2025_August7September15_090125-091425_p05.png
Kamuning,2025-09-08,21,2025-09-08 21:00,21,verified,090125-091425.pdf,5,2025_August7September15_090125-091425_p05.png
Kamuning,2025-09-08,22,2025-09-08 22:00,30,verified,090125-091425.pdf,5,2025_August7September15_090125-091425_p05.png
Kamuning,2025-09-08,23,2025-09-08 23:00,20,verified,090125-091425.pdf,5,2025_August7September15_090125-091425_p05.png
Kamuning,2025-09-08,0,2025-09-09 00:00,10,verified,090125-091425.pdf,5,2025_August7September15_090125-091425_p05.png
Kamuning,2025-09-08,1,2025-09-09 01:00,9,verified,090125-091425.pdf,5,2025_August7September15_090125-091425_p05.png
Kamuning,2025-09-08,2,2025-09-09 02:00,20,verified,090125-091425.pdf,5,2025_August7September15_090125-091425_p05.png
Kamuning,2025-09-08,3,2025-09-09 03:00,10,verified,090125-091425.pdf,5,2025_August7September15_090125-091425_p05.png
Kamuning,2025-09-08,4,2025-09-09 04:00,43,verified,090125-091425.pdf,5,2025_August7September15_090125-091425_p05.png
Kamuning,2025-09-08,5,2025-09-09 05:00,98,verified,090125-091425.pdf,5,2025_August7September15_090125-091425_p05.png
Kamuning,2025-09-09,6,2025-09-09 06:00,90,verified,090125-091425.pdf,5,2025_August7September15_090125-091425_p05.png
Kamuning,2025-09-09,7,2025-09-09 07:00,200,verified,090125-091425.pdf,5,2025_August7September15_090125-091425_p05.png
Kamuning,2025-09-09,8,2025-09-09 08:00,110,verified,090125-091425.pdf,5,2025_August7September15_090125-091425_p05.png
Kamuning,2025-09-09,9,2025-09-09 09:00,180,verified,090125-091425.pdf,5,2025_August7September15_090125-091425_p05.png
Kamuning,2025-09-09,10,2025-09-09 10:00,190,verified,090125-091425.pdf,5,2025_August7September15_090125-091425_p05.png
Kamuning,2025-09-09,11,2025-09-09 11:00,215,verified,090125-091425.pdf,5,2025_August7September15_090125-091425_p05.png
Kamuning,2025-09-09,12,2025-09-09 12:00,165,verified,090125-091425.pdf,5,2025_August7September15_090125-091425_p05.png
Kamuning,2025-09-09,13,2025-09-09 13:00,190,verified,090125-091425.pdf,5,2025_August7September15_090125-091425_p05.png
Kamuning,2025-09-09,14,2025-09-09 14:00,200,verified,090125-091425.pdf,5,2025_August7September15_090125-091425_p05.png
Kamuning,2025-09-09,15,2025-09-09 15:00,290,verified,090125-091425.pdf,5,2025_August7September15_090125-091425_p05.png
Kamuning,2025-09-09,16,2025-09-09 16:00,400,verified,090125-091425.pdf,5,2025_August7September15_090125-091425_p05.png
Kamuning,2025-09-09,17,2025-09-09 17:00,600,verified,090125-091425.pdf,5,2025_August7September15_090125-091425_p05.png
Kamuning,2025-09-09,18,2025-09-09 18:00,320,verified,090125-091425.pdf,5,2025_August7September15_090125-091425_p05.png
Kamuning,2025-09-09,19,2025-09-09 19:00,110,verified,090125-091425.pdf,5,2025_August7September15_090125-091425_p05.png
Kamuning,2025-09-09,20,2025-09-09 20:00,50,verified,090125-091425.pdf,5,2025_August7September15_090125-091425_p05.png
Kamuning,2025-09-09,21,2025-09-09 21:00,18,verified,090125-091425.pdf,5,2025_August7September15_090125-091425_p05.png
Kamuning,2025-09-09,22,2025-09-09 22:00,22,verified,090125-091425.pdf,5,2025_August7September15_090125-091425_p05.png
Kamuning,2025-09-09,23,2025-09-09 23:00,21,verified,090125-091425.pdf,5,2025_August7September15_090125-091425_p05.png
Kamuning,2025-09-09,0,2025-09-10 00:00,11,verified,090125-091425.pdf,5,2025_August7September15_090125-091425_p05.png
Kamuning,2025-09-09,1,2025-09-10 01:00,8,verified,090125-091425.pdf,5,2025_August7September15_090125-091425_p05.png
Kamuning,2025-09-09,2,2025-09-10 02:00,25,verified,090125-091425.pdf,5,2025_August7September15_090125-091425_p05.png
Kamuning,2025-09-09,3,2025-09-10 03:00,13,verified,090125-091425.pdf,5,2025_August7September15_090125-091425_p05.png
Kamuning,2025-09-09,4,2025-09-10 04:00,49,verified,090125-091425.pdf,5,2025_August7September15_090125-091425_p05.png
Kamuning,2025-09-09,5,2025-09-10 05:00,115,verified,090125-091425.pdf,5,2025_August7September15_090125-091425_p05.png
Kamuning,2025-09-10,6,2025-09-10 06:00,450,mismatch,090125-091425.pdf,6,2025_August7September15_090125-091425_p06.png
Kamuning,2025-09-10,7,2025-09-10 07:00,400,mismatch,090125-091425.pdf,6,2025_August7September15_090125-091425_p06.png
Kamuning,2025-09-10,8,2025-09-10 08:00,150,mismatch,090125-091425.pdf,6,2025_August7September15_090125-091425_p06.png
Kamuning,2025-09-10,9,2025-09-10 09:00,140,mismatch,090125-091425.pdf,6,2025_August7September15_090125-091425_p06.png
Kamuning,2025-09-10,10,2025-09-10 10:00,96,mismatch,090125-091425.pdf,6,2025_August7September15_090125-091425_p06.png
Kamuning,2025-09-10,11,2025-09-10 11:00,100,mismatch,090125-091425.pdf,6,2025_August7September15_090125-091425_p06.png
Kamuning,2025-09-10,12,2025-09-10 12:00,127,mismatch,090125-091425.pdf,6,2025_August7September15_090125-091425_p06.png
Kamuning,2025-09-10,13,2025-09-10 13:00,93,mismatch,090125-091425.pdf,6,2025_August7September15_090125-091425_p06.png
Kamuning,2025-09-10,14,2025-09-10 14:00,87,mismatch,090125-091425.pdf,6,2025_August7September15_090125-091425_p06.png
Kamuning,2025-09-10,15,2025-09-10 15:00,111,mismatch,090125-091425.pdf,6,2025_August7September15_090125-091425_p06.png
Kamuning,2025-09-10,16,2025-09-10 16:00,450,mismatch,090125-091425.pdf,6,2025_August7September15_090125-091425_p06.png
Kamuning,2025-09-10,17,2025-09-10 17:00,570,mismatch,090125-091425.pdf,6,2025_August7September15_090125-091425_p06.png
Kamuning,2025-09-10,18,2025-09-10 18:00,550,mismatch,090125-091425.pdf,6,2025_August7September15_090125-091425_p06.png
Kamuning,2025-09-10,19,2025-09-10 19:00,210,mismatch,090125-091425.pdf,6,2025_August7September15_090125-091425_p06.png
Kamuning,2025-09-10,20,2025-09-10 20:00,100,mismatch,090125-091425.pdf,6,2025_August7September15_090125-091425_p06.png
Kamuning,2025-09-10,21,2025-09-10 21:00,50,mismatch,090125-091425.pdf,6,2025_August7September15_090125-091425_p06.png
Kamuning,2025-09-10,22,2025-09-10 22:00,60,mismatch,090125-091425.pdf,6,2025_August7September15_090125-091425_p06.png
Kamuning,2025-09-10,23,2025-09-10 23:00,40,mismatch,090125-091425.pdf,6,2025_August7September15_090125-091425_p06.png
Kamuning,2025-09-10,0,2025-09-11 00:00,20,mismatch,090125-091425.pdf,6,2025_August7September15_090125-091425_p06.png
Kamuning,2025-09-10,1,2025-09-11 01:00,20,mismatch,090125-091425.pdf,6,2025_August7September15_090125-091425_p06.png
Kamuning,2025-09-10,2,2025-09-11 02:00,15,mismatch,090125-091425.pdf,6,2025_August7September15_090125-091425_p06.png
Kamuning,2025-09-10,3,2025-09-11 03:00,10,mismatch,090125-091425.pdf,6,2025_August7September15_090125-091425_p06.png
Kamuning,2025-09-10,4,2025-09-11 04:00,30,mismatch,090125-091425.pdf,6,2025_August7September15_090125-091425_p06.png
Kamuning,2025-09-10,5,2025-09-11 05:00,90,mismatch,090125-091425.pdf,6,2025_August7September15_090125-091425_p06.png
Kamuning,2025-09-11,6,2025-09-11 06:00,,incomplete,090125-091425.pdf,6,2025_August7September15_090125-091425_p06.png
Kamuning,2025-09-11,7,2025-09-11 07:00,,incomplete,090125-091425.pdf,6,2025_August7September15_090125-091425_p06.png
Kamuning,2025-09-11,8,2025-09-11 08:00,,incomplete,090125-091425.pdf,6,2025_August7September15_090125-091425_p06.png
Kamuning,2025-09-11,9,2025-09-11 09:00,,incomplete,090125-091425.pdf,6,2025_August7September15_090125-091425_p06.png
Kamuning,2025-09-11,10,2025-09-11 10:00,,incomplete,090125-091425.pdf,6,2025_August7September15_090125-091425_p06.png
Kamuning,2025-09-11,11,2025-09-11 11:00,,incomplete,090125-091425.pdf,6,2025_August7September15_090125-091425_p06.png
Kamuning,2025-09-11,12,2025-09-11 12:00,,incomplete,090125-091425.pdf,6,2025_August7September15_090125-091425_p06.png
Kamuning,2025-09-11,13,2025-09-11 13:00,,incomplete,090125-091425.pdf,6,2025_August7September15_090125-091425_p06.png
Kamuning,2025-09-11,14,2025-09-11 14:00,,incomplete,090125-091425.pdf,6,2025_August7September15_090125-091425_p06.png
Kamuning,2025-09-11,15,2025-09-11 15:00,,incomplete,090125-091425.pdf,6,2025_August7September15_090125-091425_p06.png
Kamuning,2025-09-11,16,2025-09-11 16:00,,incomplete,090125-091425.pdf,6,2025_August7September15_090125-091425_p06.png
Kamuning,2025-09-11,17,2025-09-11 17:00,,incomplete,090125-091425.pdf,6,2025_August7September15_090125-091425_p06.png
Kamuning,2025-09-11,18,2025-09-11 18:00,410,incomplete,090125-091425.pdf,6,2025_August7September15_090125-091425_p06.png
Kamuning,2025-09-11,19,2025-09-11 19:00,200,incomplete,090125-091425.pdf,6,2025_August7September15_090125-091425_p06.png
Kamuning,2025-09-11,20,2025-09-11 20:00,90,incomplete,090125-091425.pdf,6,2025_August7September15_090125-091425_p06.png
Kamuning,2025-09-11,21,2025-09-11 21:00,48,incomplete,090125-091425.pdf,6,2025_August7September15_090125-091425_p06.png
Kamuning,2025-09-11,22,2025-09-11 22:00,48,incomplete,090125-091425.pdf,6,2025_August7September15_090125-091425_p06.png
Kamuning,2025-09-11,23,2025-09-11 23:00,41,incomplete,090125-091425.pdf,6,2025_August7September15_090125-091425_p06.png
Kamuning,2025-09-11,0,2025-09-12 00:00,19,incomplete,090125-091425.pdf,6,2025_August7September15_090125-091425_p06.png
Kamuning,2025-09-11,1,2025-09-12 01:00,13,incomplete,090125-091425.pdf,6,2025_August7September15_090125-091425_p06.png
Kamuning,2025-09-11,2,2025-09-12 02:00,22,incomplete,090125-091425.pdf,6,2025_August7September15_090125-091425_p06.png
Kamuning,2025-09-11,3,2025-09-12 03:00,15,incomplete,090125-091425.pdf,6,2025_August7September15_090125-091425_p06.png
Kamuning,2025-09-11,4,2025-09-12 04:00,38,incomplete,090125-091425.pdf,6,2025_August7September15_090125-091425_p06.png
Kamuning,2025-09-11,5,2025-09-12 05:00,101,incomplete,090125-091425.pdf,6,2025_August7September15_090125-091425_p06.png
Kamuning,2025-09-12,6,2025-09-12 06:00,206,mismatch,090125-091425.pdf,7,2025_August7September15_090125-091425_p07.png
Kamuning,2025-09-12,7,2025-09-12 07:00,230,mismatch,090125-091425.pdf,7,2025_August7September15_090125-091425_p07.png
Kamuning,2025-09-12,8,2025-09-12 08:00,23,mismatch,090125-091425.pdf,7,2025_August7September15_090125-091425_p07.png
Kamuning,2025-09-12,9,2025-09-12 09:00,92,mismatch,090125-091425.pdf,7,2025_August7September15_090125-091425_p07.png
Kamuning,2025-09-12,10,2025-09-12 10:00,62,mismatch,090125-091425.pdf,7,2025_August7September15_090125-091425_p07.png
Kamuning,2025-09-12,11,2025-09-12 11:00,116,mismatch,090125-091425.pdf,7,2025_August7September15_090125-091425_p07.png
Kamuning,2025-09-12,12,2025-09-12 12:00,101,mismatch,090125-091425.pdf,7,2025_August7September15_090125-091425_p07.png
Kamuning,2025-09-12,13,2025-09-12 13:00,32,mismatch,090125-091425.pdf,7,2025_August7September15_090125-091425_p07.png
Kamuning,2025-09-12,14,2025-09-12 14:00,34,mismatch,090125-091425.pdf,7,2025_August7September15_090125-091425_p07.png
Kamuning,2025-09-12,15,2025-09-12 15:00,106,mismatch,090125-091425.pdf,7,2025_August7September15_090125-091425_p07.png
Kamuning,2025-09-12,16,2025-09-12 16:00,20,mismatch,090125-091425.pdf,7,2025_August7September15_090125-091425_p07.png
Kamuning,2025-09-12,17,2025-09-12 17:00,10,mismatch,090125-091425.pdf,7,2025_August7September15_090125-091425_p07.png
Kamuning,2025-09-12,18,2025-09-12 18:00,610,mismatch,090125-091425.pdf,7,2025_August7September15_090125-091425_p07.png
Kamuning,2025-09-12,19,2025-09-12 19:00,189,mismatch,090125-091425.pdf,7,2025_August7September15_090125-091425_p07.png
Kamuning,2025-09-12,20,2025-09-12 20:00,80,mismatch,090125-091425.pdf,7,2025_August7September15_090125-091425_p07.png
Kamuning,2025-09-12,21,2025-09-12 21:00,51,mismatch,090125-091425.pdf,7,2025_August7September15_090125-091425_p07.png
Kamuning,2025-09-12,22,2025-09-12 22:00,50,mismatch,090125-091425.pdf,7,2025_August7September15_090125-091425_p07.png
Kamuning,2025-09-12,23,2025-09-12 23:00,37,mismatch,090125-091425.pdf,7,2025_August7September15_090125-091425_p07.png
Kamuning,2025-09-12,0,2025-09-13 00:00,13,mismatch,090125-091425.pdf,7,2025_August7September15_090125-091425_p07.png
Kamuning,2025-09-12,1,2025-09-13 01:00,17,mismatch,090125-091425.pdf,7,2025_August7September15_090125-091425_p07.png
Kamuning,2025-09-12,2,2025-09-13 02:00,26,mismatch,090125-091425.pdf,7,2025_August7September15_090125-091425_p07.png
Kamuning,2025-09-12,3,2025-09-13 03:00,21,mismatch,090125-091425.pdf,7,2025_August7September15_090125-091425_p07.png
Kamuning,2025-09-12,4,2025-09-13 04:00,45,mismatch,090125-091425.pdf,7,2025_August7September15_090125-091425_p07.png
Kamuning,2025-09-12,5,2025-09-13 05:00,51,mismatch,090125-091425.pdf,7,2025_August7September15_090125-091425_p07.png
Kamuning,2025-09-13,6,2025-09-13 06:00,304,verified,090125-091425.pdf,7,2025_August7September15_090125-091425_p07.png
Kamuning,2025-09-13,7,2025-09-13 07:00,200,verified,090125-091425.pdf,7,2025_August7September15_090125-091425_p07.png
Kamuning,2025-09-13,8,2025-09-13 08:00,98,verified,090125-091425.pdf,7,2025_August7September15_090125-091425_p07.png
Kamuning,2025-09-13,9,2025-09-13 09:00,99,verified,090125-091425.pdf,7,2025_August7September15_090125-091425_p07.png
Kamuning,2025-09-13,10,2025-09-13 10:00,139,verified,090125-091425.pdf,7,2025_August7September15_090125-091425_p07.png
Kamuning,2025-09-13,11,2025-09-13 11:00,109,verified,090125-091425.pdf,7,2025_August7September15_090125-091425_p07.png
Kamuning,2025-09-13,12,2025-09-13 12:00,105,verified,090125-091425.pdf,7,2025_August7September15_090125-091425_p07.png
Kamuning,2025-09-13,13,2025-09-13 13:00,64,verified,090125-091425.pdf,7,2025_August7September15_090125-091425_p07.png
Kamuning,2025-09-13,14,2025-09-13 14:00,77,verified,090125-091425.pdf,7,2025_August7September15_090125-091425_p07.png
Kamuning,2025-09-13,15,2025-09-13 15:00,312,verified,090125-091425.pdf,7,2025_August7September15_090125-091425_p07.png
Kamuning,2025-09-13,16,2025-09-13 16:00,106,verified,090125-091425.pdf,7,2025_August7September15_090125-091425_p07.png
Kamuning,2025-09-13,17,2025-09-13 17:00,150,verified,090125-091425.pdf,7,2025_August7September15_090125-091425_p07.png
Kamuning,2025-09-13,18,2025-09-13 18:00,380,verified,090125-091425.pdf,7,2025_August7September15_090125-091425_p07.png
Kamuning,2025-09-13,19,2025-09-13 19:00,110,verified,090125-091425.pdf,7,2025_August7September15_090125-091425_p07.png
Kamuning,2025-09-13,20,2025-09-13 20:00,50,verified,090125-091425.pdf,7,2025_August7September15_090125-091425_p07.png
Kamuning,2025-09-13,21,2025-09-13 21:00,49,verified,090125-091425.pdf,7,2025_August7September15_090125-091425_p07.png
Kamuning,2025-09-13,22,2025-09-13 22:00,37,verified,090125-091425.pdf,7,2025_August7September15_090125-091425_p07.png
Kamuning,2025-09-13,23,2025-09-13 23:00,28,verified,090125-091425.pdf,7,2025_August7September15_090125-091425_p07.png
Kamuning,2025-09-13,0,2025-09-14 00:00,9,verified,090125-091425.pdf,7,2025_August7September15_090125-091425_p07.png
Kamuning,2025-09-13,1,2025-09-14 01:00,10,verified,090125-091425.pdf,7,2025_August7September15_090125-091425_p07.png
Kamuning,2025-09-13,2,2025-09-14 02:00,19,verified,090125-091425.pdf,7,2025_August7September15_090125-091425_p07.png
Kamuning,2025-09-13,3,2025-09-14 03:00,17,verified,090125-091425.pdf,7,2025_August7September15_090125-091425_p07.png
Kamuning,2025-09-13,4,2025-09-14 04:00,31,verified,090125-091425.pdf,7,2025_August7September15_090125-091425_p07.png
Kamuning,2025-09-13,5,2025-09-14 05:00,140,verified,090125-091425.pdf,7,2025_August7September15_090125-091425_p07.png
Kamuning,2025-09-14,6,2025-09-14 06:00,79,verified,090125-091425.pdf,8,2025_August7September15_090125-091425_p08.png
Kamuning,2025-09-14,7,2025-09-14 07:00,79,verified,090125-091425.pdf,8,2025_August7September15_090125-091425_p08.png
Kamuning,2025-09-14,8,2025-09-14 08:00,50,verified,090125-091425.pdf,8,2025_August7September15_090125-091425_p08.png
Kamuning,2025-09-14,9,2025-09-14 09:00,92,verified,090125-091425.pdf,8,2025_August7September15_090125-091425_p08.png
Kamuning,2025-09-14,10,2025-09-14 10:00,112,verified,090125-091425.pdf,8,2025_August7September15_090125-091425_p08.png
Kamuning,2025-09-14,11,2025-09-14 11:00,101,verified,090125-091425.pdf,8,2025_August7September15_090125-091425_p08.png
Kamuning,2025-09-14,12,2025-09-14 12:00,68,verified,090125-091425.pdf,8,2025_August7September15_090125-091425_p08.png
Kamuning,2025-09-14,13,2025-09-14 13:00,101,verified,090125-091425.pdf,8,2025_August7September15_090125-091425_p08.png
Kamuning,2025-09-14,14,2025-09-14 14:00,130,verified,090125-091425.pdf,8,2025_August7September15_090125-091425_p08.png
Kamuning,2025-09-14,15,2025-09-14 15:00,208,verified,090125-091425.pdf,8,2025_August7September15_090125-091425_p08.png
Kamuning,2025-09-14,16,2025-09-14 16:00,47,verified,090125-091425.pdf,8,2025_August7September15_090125-091425_p08.png
Kamuning,2025-09-14,17,2025-09-14 17:00,47,verified,090125-091425.pdf,8,2025_August7September15_090125-091425_p08.png
Kamuning,2025-09-14,18,2025-09-14 18:00,320,verified,090125-091425.pdf,8,2025_August7September15_090125-091425_p08.png
Kamuning,2025-09-14,19,2025-09-14 19:00,100,verified,090125-091425.pdf,8,2025_August7September15_090125-091425_p08.png
Kamuning,2025-09-14,20,2025-09-14 20:00,40,verified,090125-091425.pdf,8,2025_August7September15_090125-091425_p08.png
Kamuning,2025-09-14,21,2025-09-14 21:00,30,verified,090125-091425.pdf,8,2025_August7September15_090125-091425_p08.png
Kamuning,2025-09-14,22,2025-09-14 22:00,30,verified,090125-091425.pdf,8,2025_August7September15_090125-091425_p08.png
Kamuning,2025-09-14,23,2025-09-14 23:00,25,verified,090125-091425.pdf,8,2025_August7September15_090125-091425_p08.png
Kamuning,2025-09-14,0,2025-09-15 00:00,10,verified,090125-091425.pdf,8,2025_August7September15_090125-091425_p08.png
Kamuning,2025-09-14,1,2025-09-15 01:00,8,verified,090125-091425.pdf,8,2025_August7September15_090125-091425_p08.png
Kamuning,2025-09-14,2,2025-09-15 02:00,20,verified,090125-091425.pdf,8,2025_August7September15_090125-091425_p08.png
Kamuning,2025-09-14,3,2025-09-15 03:00,10,verified,090125-091425.pdf,8,2025_August7September15_090125-091425_p08.png
Kamuning,2025-09-14,4,2025-09-15 04:00,20,verified,090125-091425.pdf,8,2025_August7September15_090125-091425_p08.png
Kamuning,2025-09-14,5,2025-09-15 05:00,110,verified,090125-091425.pdf,8,2025_August7September15_090125-091425_p08.png
Kamuning,2025-09-15,6,2025-09-15 06:00,522,verified,Kamuning.pdf,1,2025_Sept15302025_Kamuning_p01.png
Kamuning,2025-09-15,7,2025-09-15 07:00,197,verified,Kamuning.pdf,1,2025_Sept15302025_Kamuning_p01.png
Kamuning,2025-09-15,8,2025-09-15 08:00,377,verified,Kamuning.pdf,1,2025_Sept15302025_Kamuning_p01.png
Kamuning,2025-09-15,9,2025-09-15 09:00,140,verified,Kamuning.pdf,1,2025_Sept15302025_Kamuning_p01.png
Kamuning,2025-09-15,10,2025-09-15 10:00,105,verified,Kamuning.pdf,1,2025_Sept15302025_Kamuning_p01.png
Kamuning,2025-09-15,11,2025-09-15 11:00,202,verified,Kamuning.pdf,1,2025_Sept15302025_Kamuning_p01.png
Kamuning,2025-09-15,12,2025-09-15 12:00,204,verified,Kamuning.pdf,1,2025_Sept15302025_Kamuning_p01.png
Kamuning,2025-09-15,13,2025-09-15 13:00,110,verified,Kamuning.pdf,1,2025_Sept15302025_Kamuning_p01.png
Kamuning,2025-09-15,14,2025-09-15 14:00,207,verified,Kamuning.pdf,1,2025_Sept15302025_Kamuning_p01.png
Kamuning,2025-09-15,15,2025-09-15 15:00,220,verified,Kamuning.pdf,1,2025_Sept15302025_Kamuning_p01.png
Kamuning,2025-09-15,16,2025-09-15 16:00,195,verified,Kamuning.pdf,1,2025_Sept15302025_Kamuning_p01.png
Kamuning,2025-09-15,17,2025-09-15 17:00,501,verified,Kamuning.pdf,1,2025_Sept15302025_Kamuning_p01.png
Kamuning,2025-09-15,18,2025-09-15 18:00,350,verified,Kamuning.pdf,1,2025_Sept15302025_Kamuning_p01.png
Kamuning,2025-09-15,19,2025-09-15 19:00,99,verified,Kamuning.pdf,1,2025_Sept15302025_Kamuning_p01.png
Kamuning,2025-09-15,20,2025-09-15 20:00,39,verified,Kamuning.pdf,1,2025_Sept15302025_Kamuning_p01.png
Kamuning,2025-09-15,21,2025-09-15 21:00,20,verified,Kamuning.pdf,1,2025_Sept15302025_Kamuning_p01.png
Kamuning,2025-09-15,22,2025-09-15 22:00,28,verified,Kamuning.pdf,1,2025_Sept15302025_Kamuning_p01.png
Kamuning,2025-09-15,23,2025-09-15 23:00,21,verified,Kamuning.pdf,1,2025_Sept15302025_Kamuning_p01.png
Kamuning,2025-09-15,0,2025-09-16 00:00,10,verified,Kamuning.pdf,1,2025_Sept15302025_Kamuning_p01.png
Kamuning,2025-09-15,1,2025-09-16 01:00,9,verified,Kamuning.pdf,1,2025_Sept15302025_Kamuning_p01.png
Kamuning,2025-09-15,2,2025-09-16 02:00,25,verified,Kamuning.pdf,1,2025_Sept15302025_Kamuning_p01.png
Kamuning,2025-09-15,3,2025-09-16 03:00,10,verified,Kamuning.pdf,1,2025_Sept15302025_Kamuning_p01.png
Kamuning,2025-09-15,4,2025-09-16 04:00,15,verified,Kamuning.pdf,1,2025_Sept15302025_Kamuning_p01.png
Kamuning,2025-09-15,5,2025-09-16 05:00,100,verified,Kamuning.pdf,1,2025_Sept15302025_Kamuning_p01.png
Kamuning,2025-09-16,6,2025-09-16 06:00,402,verified,Kamuning.pdf,2,2025_Sept15302025_Kamuning_p02.png
Kamuning,2025-09-16,7,2025-09-16 07:00,202,verified,Kamuning.pdf,2,2025_Sept15302025_Kamuning_p02.png
Kamuning,2025-09-16,8,2025-09-16 08:00,230,verified,Kamuning.pdf,2,2025_Sept15302025_Kamuning_p02.png
Kamuning,2025-09-16,9,2025-09-16 09:00,228,verified,Kamuning.pdf,2,2025_Sept15302025_Kamuning_p02.png
Kamuning,2025-09-16,10,2025-09-16 10:00,146,verified,Kamuning.pdf,2,2025_Sept15302025_Kamuning_p02.png
Kamuning,2025-09-16,11,2025-09-16 11:00,148,verified,Kamuning.pdf,2,2025_Sept15302025_Kamuning_p02.png
Kamuning,2025-09-16,12,2025-09-16 12:00,190,verified,Kamuning.pdf,2,2025_Sept15302025_Kamuning_p02.png
Kamuning,2025-09-16,13,2025-09-16 13:00,141,verified,Kamuning.pdf,2,2025_Sept15302025_Kamuning_p02.png
Kamuning,2025-09-16,14,2025-09-16 14:00,228,verified,Kamuning.pdf,2,2025_Sept15302025_Kamuning_p02.png
Kamuning,2025-09-16,15,2025-09-16 15:00,302,verified,Kamuning.pdf,2,2025_Sept15302025_Kamuning_p02.png
Kamuning,2025-09-16,16,2025-09-16 16:00,225,verified,Kamuning.pdf,2,2025_Sept15302025_Kamuning_p02.png
Kamuning,2025-09-16,17,2025-09-16 17:00,161,verified,Kamuning.pdf,2,2025_Sept15302025_Kamuning_p02.png
Kamuning,2025-09-16,18,2025-09-16 18:00,580,verified,Kamuning.pdf,2,2025_Sept15302025_Kamuning_p02.png
Kamuning,2025-09-16,19,2025-09-16 19:00,150,verified,Kamuning.pdf,2,2025_Sept15302025_Kamuning_p02.png
Kamuning,2025-09-16,20,2025-09-16 20:00,42,verified,Kamuning.pdf,2,2025_Sept15302025_Kamuning_p02.png
Kamuning,2025-09-16,21,2025-09-16 21:00,34,verified,Kamuning.pdf,2,2025_Sept15302025_Kamuning_p02.png
Kamuning,2025-09-16,22,2025-09-16 22:00,30,verified,Kamuning.pdf,2,2025_Sept15302025_Kamuning_p02.png
Kamuning,2025-09-16,23,2025-09-16 23:00,19,verified,Kamuning.pdf,2,2025_Sept15302025_Kamuning_p02.png
Kamuning,2025-09-16,0,2025-09-17 00:00,11,verified,Kamuning.pdf,2,2025_Sept15302025_Kamuning_p02.png
Kamuning,2025-09-16,1,2025-09-17 01:00,13,verified,Kamuning.pdf,2,2025_Sept15302025_Kamuning_p02.png
Kamuning,2025-09-16,2,2025-09-17 02:00,20,verified,Kamuning.pdf,2,2025_Sept15302025_Kamuning_p02.png
Kamuning,2025-09-16,3,2025-09-17 03:00,8,verified,Kamuning.pdf,2,2025_Sept15302025_Kamuning_p02.png
Kamuning,2025-09-16,4,2025-09-17 04:00,9,verified,Kamuning.pdf,2,2025_Sept15302025_Kamuning_p02.png
Kamuning,2025-09-16,5,2025-09-17 05:00,130,verified,Kamuning.pdf,2,2025_Sept15302025_Kamuning_p02.png
Kamuning,2025-09-17,6,2025-09-17 06:00,420,verified,Kamuning.pdf,2,2025_Sept15302025_Kamuning_p02.png
Kamuning,2025-09-17,7,2025-09-17 07:00,200,verified,Kamuning.pdf,2,2025_Sept15302025_Kamuning_p02.png
Kamuning,2025-09-17,8,2025-09-17 08:00,251,verified,Kamuning.pdf,2,2025_Sept15302025_Kamuning_p02.png
Kamuning,2025-09-17,9,2025-09-17 09:00,209,verified,Kamuning.pdf,2,2025_Sept15302025_Kamuning_p02.png
Kamuning,2025-09-17,10,2025-09-17 10:00,130,verified,Kamuning.pdf,2,2025_Sept15302025_Kamuning_p02.png
Kamuning,2025-09-17,11,2025-09-17 11:00,140,verified,Kamuning.pdf,2,2025_Sept15302025_Kamuning_p02.png
Kamuning,2025-09-17,12,2025-09-17 12:00,130,verified,Kamuning.pdf,2,2025_Sept15302025_Kamuning_p02.png
Kamuning,2025-09-17,13,2025-09-17 13:00,106,verified,Kamuning.pdf,2,2025_Sept15302025_Kamuning_p02.png
Kamuning,2025-09-17,14,2025-09-17 14:00,106,verified,Kamuning.pdf,2,2025_Sept15302025_Kamuning_p02.png
Kamuning,2025-09-17,15,2025-09-17 15:00,147,verified,Kamuning.pdf,2,2025_Sept15302025_Kamuning_p02.png
Kamuning,2025-09-17,16,2025-09-17 16:00,297,verified,Kamuning.pdf,2,2025_Sept15302025_Kamuning_p02.png
Kamuning,2025-09-17,17,2025-09-17 17:00,215,verified,Kamuning.pdf,2,2025_Sept15302025_Kamuning_p02.png
Kamuning,2025-09-17,18,2025-09-17 18:00,500,verified,Kamuning.pdf,2,2025_Sept15302025_Kamuning_p02.png
Kamuning,2025-09-17,19,2025-09-17 19:00,120,verified,Kamuning.pdf,2,2025_Sept15302025_Kamuning_p02.png
Kamuning,2025-09-17,20,2025-09-17 20:00,40,verified,Kamuning.pdf,2,2025_Sept15302025_Kamuning_p02.png
Kamuning,2025-09-17,21,2025-09-17 21:00,30,verified,Kamuning.pdf,2,2025_Sept15302025_Kamuning_p02.png
Kamuning,2025-09-17,22,2025-09-17 22:00,29,verified,Kamuning.pdf,2,2025_Sept15302025_Kamuning_p02.png
Kamuning,2025-09-17,23,2025-09-17 23:00,15,verified,Kamuning.pdf,2,2025_Sept15302025_Kamuning_p02.png
Kamuning,2025-09-17,0,2025-09-18 00:00,7,verified,Kamuning.pdf,2,2025_Sept15302025_Kamuning_p02.png
Kamuning,2025-09-17,1,2025-09-18 01:00,10,verified,Kamuning.pdf,2,2025_Sept15302025_Kamuning_p02.png
Kamuning,2025-09-17,2,2025-09-18 02:00,17,verified,Kamuning.pdf,2,2025_Sept15302025_Kamuning_p02.png
Kamuning,2025-09-17,3,2025-09-18 03:00,7,verified,Kamuning.pdf,2,2025_Sept15302025_Kamuning_p02.png
Kamuning,2025-09-17,4,2025-09-18 04:00,10,verified,Kamuning.pdf,2,2025_Sept15302025_Kamuning_p02.png
Kamuning,2025-09-17,5,2025-09-18 05:00,110,verified,Kamuning.pdf,2,2025_Sept15302025_Kamuning_p02.png
Kamuning,2025-09-18,6,2025-09-18 06:00,202,verified,Kamuning.pdf,3,2025_Sept15302025_Kamuning_p03.png
Kamuning,2025-09-18,7,2025-09-18 07:00,123,verified,Kamuning.pdf,3,2025_Sept15302025_Kamuning_p03.png
Kamuning,2025-09-18,8,2025-09-18 08:00,198,verified,Kamuning.pdf,3,2025_Sept15302025_Kamuning_p03.png
Kamuning,2025-09-18,9,2025-09-18 09:00,148,verified,Kamuning.pdf,3,2025_Sept15302025_Kamuning_p03.png
Kamuning,2025-09-18,10,2025-09-18 10:00,131,verified,Kamuning.pdf,3,2025_Sept15302025_Kamuning_p03.png
Kamuning,2025-09-18,11,2025-09-18 11:00,114,verified,Kamuning.pdf,3,2025_Sept15302025_Kamuning_p03.png
Kamuning,2025-09-18,12,2025-09-18 12:00,88,verified,Kamuning.pdf,3,2025_Sept15302025_Kamuning_p03.png
Kamuning,2025-09-18,13,2025-09-18 13:00,125,verified,Kamuning.pdf,3,2025_Sept15302025_Kamuning_p03.png
Kamuning,2025-09-18,14,2025-09-18 14:00,78,verified,Kamuning.pdf,3,2025_Sept15302025_Kamuning_p03.png
Kamuning,2025-09-18,15,2025-09-18 15:00,239,verified,Kamuning.pdf,3,2025_Sept15302025_Kamuning_p03.png
Kamuning,2025-09-18,16,2025-09-18 16:00,388,verified,Kamuning.pdf,3,2025_Sept15302025_Kamuning_p03.png
Kamuning,2025-09-18,17,2025-09-18 17:00,494,verified,Kamuning.pdf,3,2025_Sept15302025_Kamuning_p03.png
Kamuning,2025-09-18,18,2025-09-18 18:00,450,verified,Kamuning.pdf,3,2025_Sept15302025_Kamuning_p03.png
Kamuning,2025-09-18,19,2025-09-18 19:00,110,verified,Kamuning.pdf,3,2025_Sept15302025_Kamuning_p03.png
Kamuning,2025-09-18,20,2025-09-18 20:00,36,verified,Kamuning.pdf,3,2025_Sept15302025_Kamuning_p03.png
Kamuning,2025-09-18,21,2025-09-18 21:00,21,verified,Kamuning.pdf,3,2025_Sept15302025_Kamuning_p03.png
Kamuning,2025-09-18,22,2025-09-18 22:00,22,verified,Kamuning.pdf,3,2025_Sept15302025_Kamuning_p03.png
Kamuning,2025-09-18,23,2025-09-18 23:00,14,verified,Kamuning.pdf,3,2025_Sept15302025_Kamuning_p03.png
Kamuning,2025-09-18,0,2025-09-19 00:00,5,verified,Kamuning.pdf,3,2025_Sept15302025_Kamuning_p03.png
Kamuning,2025-09-18,1,2025-09-19 01:00,12,verified,Kamuning.pdf,3,2025_Sept15302025_Kamuning_p03.png
Kamuning,2025-09-18,2,2025-09-19 02:00,19,verified,Kamuning.pdf,3,2025_Sept15302025_Kamuning_p03.png
Kamuning,2025-09-18,3,2025-09-19 03:00,6,verified,Kamuning.pdf,3,2025_Sept15302025_Kamuning_p03.png
Kamuning,2025-09-18,4,2025-09-19 04:00,10,verified,Kamuning.pdf,3,2025_Sept15302025_Kamuning_p03.png
Kamuning,2025-09-18,5,2025-09-19 05:00,80,verified,Kamuning.pdf,3,2025_Sept15302025_Kamuning_p03.png
Kamuning,2025-09-19,6,2025-09-19 06:00,398,mismatch,Kamuning.pdf,3,2025_Sept15302025_Kamuning_p03.png
Kamuning,2025-09-19,7,2025-09-19 07:00,273,mismatch,Kamuning.pdf,3,2025_Sept15302025_Kamuning_p03.png
Kamuning,2025-09-19,8,2025-09-19 08:00,172,mismatch,Kamuning.pdf,3,2025_Sept15302025_Kamuning_p03.png
Kamuning,2025-09-19,9,2025-09-19 09:00,132,mismatch,Kamuning.pdf,3,2025_Sept15302025_Kamuning_p03.png
Kamuning,2025-09-19,10,2025-09-19 10:00,92,mismatch,Kamuning.pdf,3,2025_Sept15302025_Kamuning_p03.png
Kamuning,2025-09-19,11,2025-09-19 11:00,87,mismatch,Kamuning.pdf,3,2025_Sept15302025_Kamuning_p03.png
Kamuning,2025-09-19,12,2025-09-19 12:00,65,mismatch,Kamuning.pdf,3,2025_Sept15302025_Kamuning_p03.png
Kamuning,2025-09-19,13,2025-09-19 13:00,171,mismatch,Kamuning.pdf,3,2025_Sept15302025_Kamuning_p03.png
Kamuning,2025-09-19,14,2025-09-19 14:00,178,mismatch,Kamuning.pdf,3,2025_Sept15302025_Kamuning_p03.png
Kamuning,2025-09-19,15,2025-09-19 15:00,348,mismatch,Kamuning.pdf,3,2025_Sept15302025_Kamuning_p03.png
Kamuning,2025-09-19,16,2025-09-19 16:00,642,mismatch,Kamuning.pdf,3,2025_Sept15302025_Kamuning_p03.png
Kamuning,2025-09-19,17,2025-09-19 17:00,548,mismatch,Kamuning.pdf,3,2025_Sept15302025_Kamuning_p03.png
Kamuning,2025-09-19,18,2025-09-19 18:00,410,mismatch,Kamuning.pdf,3,2025_Sept15302025_Kamuning_p03.png
Kamuning,2025-09-19,19,2025-09-19 19:00,90,mismatch,Kamuning.pdf,3,2025_Sept15302025_Kamuning_p03.png
Kamuning,2025-09-19,20,2025-09-19 20:00,30,mismatch,Kamuning.pdf,3,2025_Sept15302025_Kamuning_p03.png
Kamuning,2025-09-19,21,2025-09-19 21:00,19,mismatch,Kamuning.pdf,3,2025_Sept15302025_Kamuning_p03.png
Kamuning,2025-09-19,22,2025-09-19 22:00,20,mismatch,Kamuning.pdf,3,2025_Sept15302025_Kamuning_p03.png
Kamuning,2025-09-19,23,2025-09-19 23:00,13,mismatch,Kamuning.pdf,3,2025_Sept15302025_Kamuning_p03.png
Kamuning,2025-09-19,0,2025-09-20 00:00,10,mismatch,Kamuning.pdf,3,2025_Sept15302025_Kamuning_p03.png
Kamuning,2025-09-19,1,2025-09-20 01:00,11,mismatch,Kamuning.pdf,3,2025_Sept15302025_Kamuning_p03.png
Kamuning,2025-09-19,2,2025-09-20 02:00,15,mismatch,Kamuning.pdf,3,2025_Sept15302025_Kamuning_p03.png
Kamuning,2025-09-19,3,2025-09-20 03:00,5,mismatch,Kamuning.pdf,3,2025_Sept15302025_Kamuning_p03.png
Kamuning,2025-09-19,4,2025-09-20 04:00,8,mismatch,Kamuning.pdf,3,2025_Sept15302025_Kamuning_p03.png
Kamuning,2025-09-19,5,2025-09-20 05:00,50,mismatch,Kamuning.pdf,3,2025_Sept15302025_Kamuning_p03.png
Kamuning,2025-09-20,6,2025-09-20 06:00,386,mismatch,Kamuning.pdf,4,2025_Sept15302025_Kamuning_p04.png
Kamuning,2025-09-20,7,2025-09-20 07:00,187,mismatch,Kamuning.pdf,4,2025_Sept15302025_Kamuning_p04.png
Kamuning,2025-09-20,8,2025-09-20 08:00,103,mismatch,Kamuning.pdf,4,2025_Sept15302025_Kamuning_p04.png
Kamuning,2025-09-20,9,2025-09-20 09:00,100,mismatch,Kamuning.pdf,4,2025_Sept15302025_Kamuning_p04.png
Kamuning,2025-09-20,10,2025-09-20 10:00,95,mismatch,Kamuning.pdf,4,2025_Sept15302025_Kamuning_p04.png
Kamuning,2025-09-20,11,2025-09-20 11:00,10,mismatch,Kamuning.pdf,4,2025_Sept15302025_Kamuning_p04.png
Kamuning,2025-09-20,12,2025-09-20 12:00,190,mismatch,Kamuning.pdf,4,2025_Sept15302025_Kamuning_p04.png
Kamuning,2025-09-20,13,2025-09-20 13:00,130,mismatch,Kamuning.pdf,4,2025_Sept15302025_Kamuning_p04.png
Kamuning,2025-09-20,14,2025-09-20 14:00,143,mismatch,Kamuning.pdf,4,2025_Sept15302025_Kamuning_p04.png
Kamuning,2025-09-20,15,2025-09-20 15:00,346,mismatch,Kamuning.pdf,4,2025_Sept15302025_Kamuning_p04.png
Kamuning,2025-09-20,16,2025-09-20 16:00,225,mismatch,Kamuning.pdf,4,2025_Sept15302025_Kamuning_p04.png
Kamuning,2025-09-20,17,2025-09-20 17:00,385,mismatch,Kamuning.pdf,4,2025_Sept15302025_Kamuning_p04.png
Kamuning,2025-09-20,18,2025-09-20 18:00,168,mismatch,Kamuning.pdf,4,2025_Sept15302025_Kamuning_p04.png
Kamuning,2025-09-20,19,2025-09-20 19:00,135,mismatch,Kamuning.pdf,4,2025_Sept15302025_Kamuning_p04.png
Kamuning,2025-09-20,20,2025-09-20 20:00,64,mismatch,Kamuning.pdf,4,2025_Sept15302025_Kamuning_p04.png
Kamuning,2025-09-20,21,2025-09-20 21:00,75,mismatch,Kamuning.pdf,4,2025_Sept15302025_Kamuning_p04.png
Kamuning,2025-09-20,22,2025-09-20 22:00,120,mismatch,Kamuning.pdf,4,2025_Sept15302025_Kamuning_p04.png
Kamuning,2025-09-20,23,2025-09-20 23:00,48,mismatch,Kamuning.pdf,4,2025_Sept15302025_Kamuning_p04.png
Kamuning,2025-09-20,0,2025-09-21 00:00,15,mismatch,Kamuning.pdf,4,2025_Sept15302025_Kamuning_p04.png
Kamuning,2025-09-20,1,2025-09-21 01:00,21,mismatch,Kamuning.pdf,4,2025_Sept15302025_Kamuning_p04.png
Kamuning,2025-09-20,2,2025-09-21 02:00,3,mismatch,Kamuning.pdf,4,2025_Sept15302025_Kamuning_p04.png
Kamuning,2025-09-20,3,2025-09-21 03:00,5,mismatch,Kamuning.pdf,4,2025_Sept15302025_Kamuning_p04.png
Kamuning,2025-09-20,4,2025-09-21 04:00,39,mismatch,Kamuning.pdf,4,2025_Sept15302025_Kamuning_p04.png
Kamuning,2025-09-20,5,2025-09-21 05:00,10,mismatch,Kamuning.pdf,4,2025_Sept15302025_Kamuning_p04.png
Kamuning,2025-09-21,6,2025-09-21 06:00,182,mismatch,Kamuning.pdf,4,2025_Sept15302025_Kamuning_p04.png
Kamuning,2025-09-21,7,2025-09-21 07:00,133,mismatch,Kamuning.pdf,4,2025_Sept15302025_Kamuning_p04.png
Kamuning,2025-09-21,8,2025-09-21 08:00,87,mismatch,Kamuning.pdf,4,2025_Sept15302025_Kamuning_p04.png
Kamuning,2025-09-21,9,2025-09-21 09:00,97,mismatch,Kamuning.pdf,4,2025_Sept15302025_Kamuning_p04.png
Kamuning,2025-09-21,10,2025-09-21 10:00,45,mismatch,Kamuning.pdf,4,2025_Sept15302025_Kamuning_p04.png
Kamuning,2025-09-21,11,2025-09-21 11:00,84,mismatch,Kamuning.pdf,4,2025_Sept15302025_Kamuning_p04.png
Kamuning,2025-09-21,12,2025-09-21 12:00,165,mismatch,Kamuning.pdf,4,2025_Sept15302025_Kamuning_p04.png
Kamuning,2025-09-21,13,2025-09-21 13:00,201,mismatch,Kamuning.pdf,4,2025_Sept15302025_Kamuning_p04.png
Kamuning,2025-09-21,14,2025-09-21 14:00,16,mismatch,Kamuning.pdf,4,2025_Sept15302025_Kamuning_p04.png
Kamuning,2025-09-21,15,2025-09-21 15:00,99,mismatch,Kamuning.pdf,4,2025_Sept15302025_Kamuning_p04.png
Kamuning,2025-09-21,16,2025-09-21 16:00,148,mismatch,Kamuning.pdf,4,2025_Sept15302025_Kamuning_p04.png
Kamuning,2025-09-21,17,2025-09-21 17:00,36,mismatch,Kamuning.pdf,4,2025_Sept15302025_Kamuning_p04.png
Kamuning,2025-09-21,18,2025-09-21 18:00,181,mismatch,Kamuning.pdf,4,2025_Sept15302025_Kamuning_p04.png
Kamuning,2025-09-21,19,2025-09-21 19:00,131,mismatch,Kamuning.pdf,4,2025_Sept15302025_Kamuning_p04.png
Kamuning,2025-09-21,20,2025-09-21 20:00,94,mismatch,Kamuning.pdf,4,2025_Sept15302025_Kamuning_p04.png
Kamuning,2025-09-21,21,2025-09-21 21:00,151,mismatch,Kamuning.pdf,4,2025_Sept15302025_Kamuning_p04.png
Kamuning,2025-09-21,22,2025-09-21 22:00,110,mismatch,Kamuning.pdf,4,2025_Sept15302025_Kamuning_p04.png
Kamuning,2025-09-21,23,2025-09-21 23:00,47,mismatch,Kamuning.pdf,4,2025_Sept15302025_Kamuning_p04.png
Kamuning,2025-09-21,0,2025-09-22 00:00,43,mismatch,Kamuning.pdf,4,2025_Sept15302025_Kamuning_p04.png
Kamuning,2025-09-21,1,2025-09-22 01:00,16,mismatch,Kamuning.pdf,4,2025_Sept15302025_Kamuning_p04.png
Kamuning,2025-09-21,2,2025-09-22 02:00,37,mismatch,Kamuning.pdf,4,2025_Sept15302025_Kamuning_p04.png
Kamuning,2025-09-21,3,2025-09-22 03:00,97,mismatch,Kamuning.pdf,4,2025_Sept15302025_Kamuning_p04.png
Kamuning,2025-09-21,4,2025-09-22 04:00,247,mismatch,Kamuning.pdf,4,2025_Sept15302025_Kamuning_p04.png
Kamuning,2025-09-21,5,2025-09-22 05:00,111,mismatch,Kamuning.pdf,4,2025_Sept15302025_Kamuning_p04.png
Kamuning,2025-09-22,6,2025-09-22 06:00,575,verified,Kamuning.pdf,5,2025_Sept15302025_Kamuning_p05.png
Kamuning,2025-09-22,7,2025-09-22 07:00,201,verified,Kamuning.pdf,5,2025_Sept15302025_Kamuning_p05.png
Kamuning,2025-09-22,8,2025-09-22 08:00,203,verified,Kamuning.pdf,5,2025_Sept15302025_Kamuning_p05.png
Kamuning,2025-09-22,9,2025-09-22 09:00,120,verified,Kamuning.pdf,5,2025_Sept15302025_Kamuning_p05.png
Kamuning,2025-09-22,10,2025-09-22 10:00,169,verified,Kamuning.pdf,5,2025_Sept15302025_Kamuning_p05.png
Kamuning,2025-09-22,11,2025-09-22 11:00,45,verified,Kamuning.pdf,5,2025_Sept15302025_Kamuning_p05.png
Kamuning,2025-09-22,12,2025-09-22 12:00,180,verified,Kamuning.pdf,5,2025_Sept15302025_Kamuning_p05.png
Kamuning,2025-09-22,13,2025-09-22 13:00,347,verified,Kamuning.pdf,5,2025_Sept15302025_Kamuning_p05.png
Kamuning,2025-09-22,14,2025-09-22 14:00,216,verified,Kamuning.pdf,5,2025_Sept15302025_Kamuning_p05.png
Kamuning,2025-09-22,15,2025-09-22 15:00,431,verified,Kamuning.pdf,5,2025_Sept15302025_Kamuning_p05.png
Kamuning,2025-09-22,16,2025-09-22 16:00,520,verified,Kamuning.pdf,5,2025_Sept15302025_Kamuning_p05.png
Kamuning,2025-09-22,17,2025-09-22 17:00,316,verified,Kamuning.pdf,5,2025_Sept15302025_Kamuning_p05.png
Kamuning,2025-09-22,18,2025-09-22 18:00,510,verified,Kamuning.pdf,5,2025_Sept15302025_Kamuning_p05.png
Kamuning,2025-09-22,19,2025-09-22 19:00,140,verified,Kamuning.pdf,5,2025_Sept15302025_Kamuning_p05.png
Kamuning,2025-09-22,20,2025-09-22 20:00,50,verified,Kamuning.pdf,5,2025_Sept15302025_Kamuning_p05.png
Kamuning,2025-09-22,21,2025-09-22 21:00,20,verified,Kamuning.pdf,5,2025_Sept15302025_Kamuning_p05.png
Kamuning,2025-09-22,22,2025-09-22 22:00,31,verified,Kamuning.pdf,5,2025_Sept15302025_Kamuning_p05.png
Kamuning,2025-09-22,23,2025-09-22 23:00,25,verified,Kamuning.pdf,5,2025_Sept15302025_Kamuning_p05.png
Kamuning,2025-09-22,0,2025-09-23 00:00,5,verified,Kamuning.pdf,5,2025_Sept15302025_Kamuning_p05.png
Kamuning,2025-09-22,1,2025-09-23 01:00,23,verified,Kamuning.pdf,5,2025_Sept15302025_Kamuning_p05.png
Kamuning,2025-09-22,2,2025-09-23 02:00,10,verified,Kamuning.pdf,5,2025_Sept15302025_Kamuning_p05.png
Kamuning,2025-09-22,3,2025-09-23 03:00,5,verified,Kamuning.pdf,5,2025_Sept15302025_Kamuning_p05.png
Kamuning,2025-09-22,4,2025-09-23 04:00,24,verified,Kamuning.pdf,5,2025_Sept15302025_Kamuning_p05.png
Kamuning,2025-09-22,5,2025-09-23 05:00,80,verified,Kamuning.pdf,5,2025_Sept15302025_Kamuning_p05.png
Kamuning,2025-09-23,6,2025-09-23 06:00,304,mismatch,Kamuning.pdf,5,2025_Sept15302025_Kamuning_p05.png
Kamuning,2025-09-23,7,2025-09-23 07:00,220,mismatch,Kamuning.pdf,5,2025_Sept15302025_Kamuning_p05.png
Kamuning,2025-09-23,8,2025-09-23 08:00,99,mismatch,Kamuning.pdf,5,2025_Sept15302025_Kamuning_p05.png
Kamuning,2025-09-23,9,2025-09-23 09:00,101,mismatch,Kamuning.pdf,5,2025_Sept15302025_Kamuning_p05.png
Kamuning,2025-09-23,10,2025-09-23 10:00,111,mismatch,Kamuning.pdf,5,2025_Sept15302025_Kamuning_p05.png
Kamuning,2025-09-23,11,2025-09-23 11:00,133,mismatch,Kamuning.pdf,5,2025_Sept15302025_Kamuning_p05.png
Kamuning,2025-09-23,12,2025-09-23 12:00,100,mismatch,Kamuning.pdf,5,2025_Sept15302025_Kamuning_p05.png
Kamuning,2025-09-23,13,2025-09-23 13:00,66,mismatch,Kamuning.pdf,5,2025_Sept15302025_Kamuning_p05.png
Kamuning,2025-09-23,14,2025-09-23 14:00,203,mismatch,Kamuning.pdf,5,2025_Sept15302025_Kamuning_p05.png
Kamuning,2025-09-23,15,2025-09-23 15:00,290,mismatch,Kamuning.pdf,5,2025_Sept15302025_Kamuning_p05.png
Kamuning,2025-09-23,16,2025-09-23 16:00,160,mismatch,Kamuning.pdf,5,2025_Sept15302025_Kamuning_p05.png
Kamuning,2025-09-23,17,2025-09-23 17:00,103,mismatch,Kamuning.pdf,5,2025_Sept15302025_Kamuning_p05.png
Kamuning,2025-09-23,18,2025-09-23 18:00,400,mismatch,Kamuning.pdf,5,2025_Sept15302025_Kamuning_p05.png
Kamuning,2025-09-23,19,2025-09-23 19:00,100,mismatch,Kamuning.pdf,5,2025_Sept15302025_Kamuning_p05.png
Kamuning,2025-09-23,20,2025-09-23 20:00,30,mismatch,Kamuning.pdf,5,2025_Sept15302025_Kamuning_p05.png
Kamuning,2025-09-23,21,2025-09-23 21:00,20,mismatch,Kamuning.pdf,5,2025_Sept15302025_Kamuning_p05.png
Kamuning,2025-09-23,22,2025-09-23 22:00,29,mismatch,Kamuning.pdf,5,2025_Sept15302025_Kamuning_p05.png
Kamuning,2025-09-23,23,2025-09-23 23:00,23,mismatch,Kamuning.pdf,5,2025_Sept15302025_Kamuning_p05.png
Kamuning,2025-09-23,0,2025-09-24 00:00,3,mismatch,Kamuning.pdf,5,2025_Sept15302025_Kamuning_p05.png
Kamuning,2025-09-23,1,2025-09-24 01:00,26,mismatch,Kamuning.pdf,5,2025_Sept15302025_Kamuning_p05.png
Kamuning,2025-09-23,2,2025-09-24 02:00,10,mismatch,Kamuning.pdf,5,2025_Sept15302025_Kamuning_p05.png
Kamuning,2025-09-23,3,2025-09-24 03:00,2,mismatch,Kamuning.pdf,5,2025_Sept15302025_Kamuning_p05.png
Kamuning,2025-09-23,4,2025-09-24 04:00,28,mismatch,Kamuning.pdf,5,2025_Sept15302025_Kamuning_p05.png
Kamuning,2025-09-23,5,2025-09-24 05:00,99,mismatch,Kamuning.pdf,5,2025_Sept15302025_Kamuning_p05.png
Kamuning,2025-09-24,6,2025-09-24 06:00,450,verified,Kamuning.pdf,6,2025_Sept15302025_Kamuning_p06.png
Kamuning,2025-09-24,7,2025-09-24 07:00,230,verified,Kamuning.pdf,6,2025_Sept15302025_Kamuning_p06.png
Kamuning,2025-09-24,8,2025-09-24 08:00,250,verified,Kamuning.pdf,6,2025_Sept15302025_Kamuning_p06.png
Kamuning,2025-09-24,9,2025-09-24 09:00,100,verified,Kamuning.pdf,6,2025_Sept15302025_Kamuning_p06.png
Kamuning,2025-09-24,10,2025-09-24 10:00,75,verified,Kamuning.pdf,6,2025_Sept15302025_Kamuning_p06.png
Kamuning,2025-09-24,11,2025-09-24 11:00,201,verified,Kamuning.pdf,6,2025_Sept15302025_Kamuning_p06.png
Kamuning,2025-09-24,12,2025-09-24 12:00,167,verified,Kamuning.pdf,6,2025_Sept15302025_Kamuning_p06.png
Kamuning,2025-09-24,13,2025-09-24 13:00,188,verified,Kamuning.pdf,6,2025_Sept15302025_Kamuning_p06.png
Kamuning,2025-09-24,14,2025-09-24 14:00,285,verified,Kamuning.pdf,6,2025_Sept15302025_Kamuning_p06.png
Kamuning,2025-09-24,15,2025-09-24 15:00,107,verified,Kamuning.pdf,6,2025_Sept15302025_Kamuning_p06.png
Kamuning,2025-09-24,16,2025-09-24 16:00,187,verified,Kamuning.pdf,6,2025_Sept15302025_Kamuning_p06.png
Kamuning,2025-09-24,17,2025-09-24 17:00,420,verified,Kamuning.pdf,6,2025_Sept15302025_Kamuning_p06.png
Kamuning,2025-09-24,18,2025-09-24 18:00,350,verified,Kamuning.pdf,6,2025_Sept15302025_Kamuning_p06.png
Kamuning,2025-09-24,19,2025-09-24 19:00,98,verified,Kamuning.pdf,6,2025_Sept15302025_Kamuning_p06.png
Kamuning,2025-09-24,20,2025-09-24 20:00,48,verified,Kamuning.pdf,6,2025_Sept15302025_Kamuning_p06.png
Kamuning,2025-09-24,21,2025-09-24 21:00,13,verified,Kamuning.pdf,6,2025_Sept15302025_Kamuning_p06.png
Kamuning,2025-09-24,22,2025-09-24 22:00,26,verified,Kamuning.pdf,6,2025_Sept15302025_Kamuning_p06.png
Kamuning,2025-09-24,23,2025-09-24 23:00,16,verified,Kamuning.pdf,6,2025_Sept15302025_Kamuning_p06.png
Kamuning,2025-09-24,0,2025-09-25 00:00,5,verified,Kamuning.pdf,6,2025_Sept15302025_Kamuning_p06.png
Kamuning,2025-09-24,1,2025-09-25 01:00,19,verified,Kamuning.pdf,6,2025_Sept15302025_Kamuning_p06.png
Kamuning,2025-09-24,2,2025-09-25 02:00,8,verified,Kamuning.pdf,6,2025_Sept15302025_Kamuning_p06.png
Kamuning,2025-09-24,3,2025-09-25 03:00,7,verified,Kamuning.pdf,6,2025_Sept15302025_Kamuning_p06.png
Kamuning,2025-09-24,4,2025-09-25 04:00,234,verified,Kamuning.pdf,6,2025_Sept15302025_Kamuning_p06.png
Kamuning,2025-09-24,5,2025-09-25 05:00,112,verified,Kamuning.pdf,6,2025_Sept15302025_Kamuning_p06.png
Kamuning,2025-09-25,6,2025-09-25 06:00,512,verified,Kamuning.pdf,6,2025_Sept15302025_Kamuning_p06.png
Kamuning,2025-09-25,7,2025-09-25 07:00,210,verified,Kamuning.pdf,6,2025_Sept15302025_Kamuning_p06.png
Kamuning,2025-09-25,8,2025-09-25 08:00,335,verified,Kamuning.pdf,6,2025_Sept15302025_Kamuning_p06.png
Kamuning,2025-09-25,9,2025-09-25 09:00,167,verified,Kamuning.pdf,6,2025_Sept15302025_Kamuning_p06.png
Kamuning,2025-09-25,10,2025-09-25 10:00,206,verified,Kamuning.pdf,6,2025_Sept15302025_Kamuning_p06.png
Kamuning,2025-09-25,11,2025-09-25 11:00,116,verified,Kamuning.pdf,6,2025_Sept15302025_Kamuning_p06.png
Kamuning,2025-09-25,12,2025-09-25 12:00,218,verified,Kamuning.pdf,6,2025_Sept15302025_Kamuning_p06.png
Kamuning,2025-09-25,13,2025-09-25 13:00,225,verified,Kamuning.pdf,6,2025_Sept15302025_Kamuning_p06.png
Kamuning,2025-09-25,14,2025-09-25 14:00,119,verified,Kamuning.pdf,6,2025_Sept15302025_Kamuning_p06.png
Kamuning,2025-09-25,15,2025-09-25 15:00,300,verified,Kamuning.pdf,6,2025_Sept15302025_Kamuning_p06.png
Kamuning,2025-09-25,16,2025-09-25 16:00,430,verified,Kamuning.pdf,6,2025_Sept15302025_Kamuning_p06.png
Kamuning,2025-09-25,17,2025-09-25 17:00,609,verified,Kamuning.pdf,6,2025_Sept15302025_Kamuning_p06.png
Kamuning,2025-09-25,18,2025-09-25 18:00,420,verified,Kamuning.pdf,6,2025_Sept15302025_Kamuning_p06.png
Kamuning,2025-09-25,19,2025-09-25 19:00,110,verified,Kamuning.pdf,6,2025_Sept15302025_Kamuning_p06.png
Kamuning,2025-09-25,20,2025-09-25 20:00,56,verified,Kamuning.pdf,6,2025_Sept15302025_Kamuning_p06.png
Kamuning,2025-09-25,21,2025-09-25 21:00,17,verified,Kamuning.pdf,6,2025_Sept15302025_Kamuning_p06.png
Kamuning,2025-09-25,22,2025-09-25 22:00,28,verified,Kamuning.pdf,6,2025_Sept15302025_Kamuning_p06.png
Kamuning,2025-09-25,23,2025-09-25 23:00,36,verified,Kamuning.pdf,6,2025_Sept15302025_Kamuning_p06.png
Kamuning,2025-09-25,0,2025-09-26 00:00,8,verified,Kamuning.pdf,6,2025_Sept15302025_Kamuning_p06.png
Kamuning,2025-09-25,1,2025-09-26 01:00,21,verified,Kamuning.pdf,6,2025_Sept15302025_Kamuning_p06.png
Kamuning,2025-09-25,2,2025-09-26 02:00,12,verified,Kamuning.pdf,6,2025_Sept15302025_Kamuning_p06.png
Kamuning,2025-09-25,3,2025-09-26 03:00,13,verified,Kamuning.pdf,6,2025_Sept15302025_Kamuning_p06.png
Kamuning,2025-09-25,4,2025-09-26 04:00,30,verified,Kamuning.pdf,6,2025_Sept15302025_Kamuning_p06.png
Kamuning,2025-09-25,5,2025-09-26 05:00,120,verified,Kamuning.pdf,6,2025_Sept15302025_Kamuning_p06.png
Kamuning,2025-09-26,6,2025-09-26 06:00,400,verified,Kamuning.pdf,7,2025_Sept15302025_Kamuning_p07.png
Kamuning,2025-09-26,7,2025-09-26 07:00,100,verified,Kamuning.pdf,7,2025_Sept15302025_Kamuning_p07.png
Kamuning,2025-09-26,8,2025-09-26 08:00,49,verified,Kamuning.pdf,7,2025_Sept15302025_Kamuning_p07.png
Kamuning,2025-09-26,9,2025-09-26 09:00,15,verified,Kamuning.pdf,7,2025_Sept15302025_Kamuning_p07.png
Kamuning,2025-09-26,10,2025-09-26 10:00,21,verified,Kamuning.pdf,7,2025_Sept15302025_Kamuning_p07.png
Kamuning,2025-09-26,11,2025-09-26 11:00,27,verified,Kamuning.pdf,7,2025_Sept15302025_Kamuning_p07.png
Kamuning,2025-09-26,12,2025-09-26 12:00,10,verified,Kamuning.pdf,7,2025_Sept15302025_Kamuning_p07.png
Kamuning,2025-09-26,13,2025-09-26 13:00,22,verified,Kamuning.pdf,7,2025_Sept15302025_Kamuning_p07.png
Kamuning,2025-09-26,14,2025-09-26 14:00,10,verified,Kamuning.pdf,7,2025_Sept15302025_Kamuning_p07.png
Kamuning,2025-09-26,15,2025-09-26 15:00,8,verified,Kamuning.pdf,7,2025_Sept15302025_Kamuning_p07.png
Kamuning,2025-09-26,16,2025-09-26 16:00,26,verified,Kamuning.pdf,7,2025_Sept15302025_Kamuning_p07.png
Kamuning,2025-09-26,17,2025-09-26 17:00,110,verified,Kamuning.pdf,7,2025_Sept15302025_Kamuning_p07.png
Kamuning,2025-09-26,18,2025-09-26 18:00,503,verified,Kamuning.pdf,7,2025_Sept15302025_Kamuning_p07.png
Kamuning,2025-09-26,19,2025-09-26 19:00,141,verified,Kamuning.pdf,7,2025_Sept15302025_Kamuning_p07.png
Kamuning,2025-09-26,20,2025-09-26 20:00,109,verified,Kamuning.pdf,7,2025_Sept15302025_Kamuning_p07.png
Kamuning,2025-09-26,21,2025-09-26 21:00,176,verified,Kamuning.pdf,7,2025_Sept15302025_Kamuning_p07.png
Kamuning,2025-09-26,22,2025-09-26 22:00,180,verified,Kamuning.pdf,7,2025_Sept15302025_Kamuning_p07.png
Kamuning,2025-09-26,23,2025-09-26 23:00,177,verified,Kamuning.pdf,7,2025_Sept15302025_Kamuning_p07.png
Kamuning,2025-09-26,0,2025-09-27 00:00,168,verified,Kamuning.pdf,7,2025_Sept15302025_Kamuning_p07.png
Kamuning,2025-09-26,1,2025-09-27 01:00,189,verified,Kamuning.pdf,7,2025_Sept15302025_Kamuning_p07.png
Kamuning,2025-09-26,2,2025-09-27 02:00,150,verified,Kamuning.pdf,7,2025_Sept15302025_Kamuning_p07.png
Kamuning,2025-09-26,3,2025-09-27 03:00,190,verified,Kamuning.pdf,7,2025_Sept15302025_Kamuning_p07.png
Kamuning,2025-09-26,4,2025-09-27 04:00,160,verified,Kamuning.pdf,7,2025_Sept15302025_Kamuning_p07.png
Kamuning,2025-09-26,5,2025-09-27 05:00,200,verified,Kamuning.pdf,7,2025_Sept15302025_Kamuning_p07.png
Kamuning,2025-09-27,6,2025-09-27 06:00,308,verified,Kamuning.pdf,8,2025_Sept15302025_Kamuning_p08.png
Kamuning,2025-09-27,7,2025-09-27 07:00,102,verified,Kamuning.pdf,8,2025_Sept15302025_Kamuning_p08.png
Kamuning,2025-09-27,8,2025-09-27 08:00,99,verified,Kamuning.pdf,8,2025_Sept15302025_Kamuning_p08.png
Kamuning,2025-09-27,9,2025-09-27 09:00,147,verified,Kamuning.pdf,8,2025_Sept15302025_Kamuning_p08.png
Kamuning,2025-09-27,10,2025-09-27 10:00,71,verified,Kamuning.pdf,8,2025_Sept15302025_Kamuning_p08.png
Kamuning,2025-09-27,11,2025-09-27 11:00,66,verified,Kamuning.pdf,8,2025_Sept15302025_Kamuning_p08.png
Kamuning,2025-09-27,12,2025-09-27 12:00,99,verified,Kamuning.pdf,8,2025_Sept15302025_Kamuning_p08.png
Kamuning,2025-09-27,13,2025-09-27 13:00,93,verified,Kamuning.pdf,8,2025_Sept15302025_Kamuning_p08.png
Kamuning,2025-09-27,14,2025-09-27 14:00,280,verified,Kamuning.pdf,8,2025_Sept15302025_Kamuning_p08.png
Kamuning,2025-09-27,15,2025-09-27 15:00,150,verified,Kamuning.pdf,8,2025_Sept15302025_Kamuning_p08.png
Kamuning,2025-09-27,16,2025-09-27 16:00,290,verified,Kamuning.pdf,8,2025_Sept15302025_Kamuning_p08.png
Kamuning,2025-09-27,17,2025-09-27 17:00,380,verified,Kamuning.pdf,8,2025_Sept15302025_Kamuning_p08.png
Kamuning,2025-09-27,18,2025-09-27 18:00,410,verified,Kamuning.pdf,8,2025_Sept15302025_Kamuning_p08.png
Kamuning,2025-09-27,19,2025-09-27 19:00,92,verified,Kamuning.pdf,8,2025_Sept15302025_Kamuning_p08.png
Kamuning,2025-09-27,20,2025-09-27 20:00,52,verified,Kamuning.pdf,8,2025_Sept15302025_Kamuning_p08.png
Kamuning,2025-09-27,21,2025-09-27 21:00,17,verified,Kamuning.pdf,8,2025_Sept15302025_Kamuning_p08.png
Kamuning,2025-09-27,22,2025-09-27 22:00,20,verified,Kamuning.pdf,8,2025_Sept15302025_Kamuning_p08.png
Kamuning,2025-09-27,23,2025-09-27 23:00,5,verified,Kamuning.pdf,8,2025_Sept15302025_Kamuning_p08.png
Kamuning,2025-09-27,0,2025-09-28 00:00,19,verified,Kamuning.pdf,8,2025_Sept15302025_Kamuning_p08.png
Kamuning,2025-09-27,1,2025-09-28 01:00,7,verified,Kamuning.pdf,8,2025_Sept15302025_Kamuning_p08.png
Kamuning,2025-09-27,2,2025-09-28 02:00,9,verified,Kamuning.pdf,8,2025_Sept15302025_Kamuning_p08.png
Kamuning,2025-09-27,3,2025-09-28 03:00,23,verified,Kamuning.pdf,8,2025_Sept15302025_Kamuning_p08.png
Kamuning,2025-09-27,4,2025-09-28 04:00,22,verified,Kamuning.pdf,8,2025_Sept15302025_Kamuning_p08.png
Kamuning,2025-09-27,5,2025-09-28 05:00,98,verified,Kamuning.pdf,8,2025_Sept15302025_Kamuning_p08.png
Kamuning,2025-09-28,6,2025-09-28 06:00,180,verified,Kamuning.pdf,9,2025_Sept15302025_Kamuning_p09.png
Kamuning,2025-09-28,7,2025-09-28 07:00,102,verified,Kamuning.pdf,9,2025_Sept15302025_Kamuning_p09.png
Kamuning,2025-09-28,8,2025-09-28 08:00,106,verified,Kamuning.pdf,9,2025_Sept15302025_Kamuning_p09.png
Kamuning,2025-09-28,9,2025-09-28 09:00,45,verified,Kamuning.pdf,9,2025_Sept15302025_Kamuning_p09.png
Kamuning,2025-09-28,10,2025-09-28 10:00,96,verified,Kamuning.pdf,9,2025_Sept15302025_Kamuning_p09.png
Kamuning,2025-09-28,11,2025-09-28 11:00,100,verified,Kamuning.pdf,9,2025_Sept15302025_Kamuning_p09.png
Kamuning,2025-09-28,12,2025-09-28 12:00,94,verified,Kamuning.pdf,9,2025_Sept15302025_Kamuning_p09.png
Kamuning,2025-09-28,13,2025-09-28 13:00,180,verified,Kamuning.pdf,9,2025_Sept15302025_Kamuning_p09.png
Kamuning,2025-09-28,14,2025-09-28 14:00,146,verified,Kamuning.pdf,9,2025_Sept15302025_Kamuning_p09.png
Kamuning,2025-09-28,15,2025-09-28 15:00,66,verified,Kamuning.pdf,9,2025_Sept15302025_Kamuning_p09.png
Kamuning,2025-09-28,16,2025-09-28 16:00,94,verified,Kamuning.pdf,9,2025_Sept15302025_Kamuning_p09.png
Kamuning,2025-09-28,17,2025-09-28 17:00,171,verified,Kamuning.pdf,9,2025_Sept15302025_Kamuning_p09.png
Kamuning,2025-09-28,18,2025-09-28 18:00,320,verified,Kamuning.pdf,9,2025_Sept15302025_Kamuning_p09.png
Kamuning,2025-09-28,19,2025-09-28 19:00,81,verified,Kamuning.pdf,9,2025_Sept15302025_Kamuning_p09.png
Kamuning,2025-09-28,20,2025-09-28 20:00,40,verified,Kamuning.pdf,9,2025_Sept15302025_Kamuning_p09.png
Kamuning,2025-09-28,21,2025-09-28 21:00,15,verified,Kamuning.pdf,9,2025_Sept15302025_Kamuning_p09.png
Kamuning,2025-09-28,22,2025-09-28 22:00,18,verified,Kamuning.pdf,9,2025_Sept15302025_Kamuning_p09.png
Kamuning,2025-09-28,23,2025-09-28 23:00,12,verified,Kamuning.pdf,9,2025_Sept15302025_Kamuning_p09.png
Kamuning,2025-09-28,0,2025-09-29 00:00,7,verified,Kamuning.pdf,9,2025_Sept15302025_Kamuning_p09.png
Kamuning,2025-09-28,1,2025-09-29 01:00,24,verified,Kamuning.pdf,9,2025_Sept15302025_Kamuning_p09.png
Kamuning,2025-09-28,2,2025-09-29 02:00,10,verified,Kamuning.pdf,9,2025_Sept15302025_Kamuning_p09.png
Kamuning,2025-09-28,3,2025-09-29 03:00,7,verified,Kamuning.pdf,9,2025_Sept15302025_Kamuning_p09.png
Kamuning,2025-09-28,4,2025-09-29 04:00,20,verified,Kamuning.pdf,9,2025_Sept15302025_Kamuning_p09.png
Kamuning,2025-09-28,5,2025-09-29 05:00,76,verified,Kamuning.pdf,9,2025_Sept15302025_Kamuning_p09.png
Kamuning,2025-09-29,6,2025-09-29 06:00,730,mismatch,Kamuning.pdf,10,2025_Sept15302025_Kamuning_p10.png
Kamuning,2025-09-29,7,2025-09-29 07:00,610,mismatch,Kamuning.pdf,10,2025_Sept15302025_Kamuning_p10.png
Kamuning,2025-09-29,8,2025-09-29 08:00,604,mismatch,Kamuning.pdf,10,2025_Sept15302025_Kamuning_p10.png
Kamuning,2025-09-29,9,2025-09-29 09:00,220,mismatch,Kamuning.pdf,10,2025_Sept15302025_Kamuning_p10.png
Kamuning,2025-09-29,10,2025-09-29 10:00,204,mismatch,Kamuning.pdf,10,2025_Sept15302025_Kamuning_p10.png
Kamuning,2025-09-29,11,2025-09-29 11:00,154,mismatch,Kamuning.pdf,10,2025_Sept15302025_Kamuning_p10.png
Kamuning,2025-09-29,12,2025-09-29 12:00,84,mismatch,Kamuning.pdf,10,2025_Sept15302025_Kamuning_p10.png
Kamuning,2025-09-29,13,2025-09-29 13:00,318,mismatch,Kamuning.pdf,10,2025_Sept15302025_Kamuning_p10.png
Kamuning,2025-09-29,14,2025-09-29 14:00,224,mismatch,Kamuning.pdf,10,2025_Sept15302025_Kamuning_p10.png
Kamuning,2025-09-29,15,2025-09-29 15:00,195,mismatch,Kamuning.pdf,10,2025_Sept15302025_Kamuning_p10.png
Kamuning,2025-09-29,16,2025-09-29 16:00,385,mismatch,Kamuning.pdf,10,2025_Sept15302025_Kamuning_p10.png
Kamuning,2025-09-29,17,2025-09-29 17:00,443,mismatch,Kamuning.pdf,10,2025_Sept15302025_Kamuning_p10.png
Kamuning,2025-09-29,18,2025-09-29 18:00,500,mismatch,Kamuning.pdf,10,2025_Sept15302025_Kamuning_p10.png
Kamuning,2025-09-29,19,2025-09-29 19:00,98,mismatch,Kamuning.pdf,10,2025_Sept15302025_Kamuning_p10.png
Kamuning,2025-09-29,20,2025-09-29 20:00,50,mismatch,Kamuning.pdf,10,2025_Sept15302025_Kamuning_p10.png
Kamuning,2025-09-29,21,2025-09-29 21:00,21,mismatch,Kamuning.pdf,10,2025_Sept15302025_Kamuning_p10.png
Kamuning,2025-09-29,22,2025-09-29 22:00,17,mismatch,Kamuning.pdf,10,2025_Sept15302025_Kamuning_p10.png
Kamuning,2025-09-29,23,2025-09-29 23:00,15,mismatch,Kamuning.pdf,10,2025_Sept15302025_Kamuning_p10.png
Kamuning,2025-09-29,0,2025-09-30 00:00,11,mismatch,Kamuning.pdf,10,2025_Sept15302025_Kamuning_p10.png
Kamuning,2025-09-29,1,2025-09-30 01:00,30,mismatch,Kamuning.pdf,10,2025_Sept15302025_Kamuning_p10.png
Kamuning,2025-09-29,2,2025-09-30 02:00,7,mismatch,Kamuning.pdf,10,2025_Sept15302025_Kamuning_p10.png
Kamuning,2025-09-29,3,2025-09-30 03:00,9,mismatch,Kamuning.pdf,10,2025_Sept15302025_Kamuning_p10.png
Kamuning,2025-09-29,4,2025-09-30 04:00,28,mismatch,Kamuning.pdf,10,2025_Sept15302025_Kamuning_p10.png
Kamuning,2025-09-29,5,2025-09-30 05:00,90,mismatch,Kamuning.pdf,10,2025_Sept15302025_Kamuning_p10.png
Kamuning,2025-09-30,6,2025-09-30 06:00,410,verified,Kamuning.pdf,11,2025_Sept15302025_Kamuning_p11.png
Kamuning,2025-09-30,7,2025-09-30 07:00,185,verified,Kamuning.pdf,11,2025_Sept15302025_Kamuning_p11.png
Kamuning,2025-09-30,8,2025-09-30 08:00,245,verified,Kamuning.pdf,11,2025_Sept15302025_Kamuning_p11.png
Kamuning,2025-09-30,9,2025-09-30 09:00,216,verified,Kamuning.pdf,11,2025_Sept15302025_Kamuning_p11.png
Kamuning,2025-09-30,10,2025-09-30 10:00,170,verified,Kamuning.pdf,11,2025_Sept15302025_Kamuning_p11.png
Kamuning,2025-09-30,11,2025-09-30 11:00,106,verified,Kamuning.pdf,11,2025_Sept15302025_Kamuning_p11.png
Kamuning,2025-09-30,12,2025-09-30 12:00,149,verified,Kamuning.pdf,11,2025_Sept15302025_Kamuning_p11.png
Kamuning,2025-09-30,13,2025-09-30 13:00,253,verified,Kamuning.pdf,11,2025_Sept15302025_Kamuning_p11.png
Kamuning,2025-09-30,14,2025-09-30 14:00,262,verified,Kamuning.pdf,11,2025_Sept15302025_Kamuning_p11.png
Kamuning,2025-09-30,15,2025-09-30 15:00,240,verified,Kamuning.pdf,11,2025_Sept15302025_Kamuning_p11.png
Kamuning,2025-09-30,16,2025-09-30 16:00,280,verified,Kamuning.pdf,11,2025_Sept15302025_Kamuning_p11.png
Kamuning,2025-09-30,17,2025-09-30 17:00,499,verified,Kamuning.pdf,11,2025_Sept15302025_Kamuning_p11.png
Kamuning,2025-09-30,18,2025-09-30 18:00,400,verified,Kamuning.pdf,11,2025_Sept15302025_Kamuning_p11.png
Kamuning,2025-09-30,19,2025-09-30 19:00,88,verified,Kamuning.pdf,11,2025_Sept15302025_Kamuning_p11.png
Kamuning,2025-09-30,20,2025-09-30 20:00,40,verified,Kamuning.pdf,11,2025_Sept15302025_Kamuning_p11.png
Kamuning,2025-09-30,21,2025-09-30 21:00,23,verified,Kamuning.pdf,11,2025_Sept15302025_Kamuning_p11.png
Kamuning,2025-09-30,22,2025-09-30 22:00,19,verified,Kamuning.pdf,11,2025_Sept15302025_Kamuning_p11.png
Kamuning,2025-09-30,23,2025-09-30 23:00,12,verified,Kamuning.pdf,11,2025_Sept15302025_Kamuning_p11.png
Kamuning,2025-09-30,0,2025-10-01 00:00,8,verified,Kamuning.pdf,11,2025_Sept15302025_Kamuning_p11.png
Kamuning,2025-09-30,1,2025-10-01 01:00,26,verified,Kamuning.pdf,11,2025_Sept15302025_Kamuning_p11.png
Kamuning,2025-09-30,2,2025-10-01 02:00,10,verified,Kamuning.pdf,11,2025_Sept15302025_Kamuning_p11.png
Kamuning,2025-09-30,3,2025-10-01 03:00,16,verified,Kamuning.pdf,11,2025_Sept15302025_Kamuning_p11.png
Kamuning,2025-09-30,4,2025-10-01 04:00,19,verified,Kamuning.pdf,11,2025_Sept15302025_Kamuning_p11.png
Kamuning,2025-09-30,5,2025-10-01 05:00,130,verified,Kamuning.pdf,11,2025_Sept15302025_Kamuning_p11.png
Kamuning,2025-10-01,6,2025-10-01 06:00,80,verified,Kamuning.pdf,1,2025_Oct1152025_Kamuning_p01.png
Kamuning,2025-10-01,7,2025-10-01 07:00,135,verified,Kamuning.pdf,1,2025_Oct1152025_Kamuning_p01.png
Kamuning,2025-10-01,8,2025-10-01 08:00,194,verified,Kamuning.pdf,1,2025_Oct1152025_Kamuning_p01.png
Kamuning,2025-10-01,9,2025-10-01 09:00,320,verified,Kamuning.pdf,1,2025_Oct1152025_Kamuning_p01.png
Kamuning,2025-10-01,10,2025-10-01 10:00,245,verified,Kamuning.pdf,1,2025_Oct1152025_Kamuning_p01.png
Kamuning,2025-10-01,11,2025-10-01 11:00,169,verified,Kamuning.pdf,1,2025_Oct1152025_Kamuning_p01.png
Kamuning,2025-10-01,12,2025-10-01 12:00,118,verified,Kamuning.pdf,1,2025_Oct1152025_Kamuning_p01.png
Kamuning,2025-10-01,13,2025-10-01 13:00,120,verified,Kamuning.pdf,1,2025_Oct1152025_Kamuning_p01.png
Kamuning,2025-10-01,14,2025-10-01 14:00,200,verified,Kamuning.pdf,1,2025_Oct1152025_Kamuning_p01.png
Kamuning,2025-10-01,15,2025-10-01 15:00,110,verified,Kamuning.pdf,1,2025_Oct1152025_Kamuning_p01.png
Kamuning,2025-10-01,16,2025-10-01 16:00,80,verified,Kamuning.pdf,1,2025_Oct1152025_Kamuning_p01.png
Kamuning,2025-10-01,17,2025-10-01 17:00,100,verified,Kamuning.pdf,1,2025_Oct1152025_Kamuning_p01.png
Kamuning,2025-10-01,18,2025-10-01 18:00,432,verified,Kamuning.pdf,1,2025_Oct1152025_Kamuning_p01.png
Kamuning,2025-10-01,19,2025-10-01 19:00,200,verified,Kamuning.pdf,1,2025_Oct1152025_Kamuning_p01.png
Kamuning,2025-10-01,20,2025-10-01 20:00,272,verified,Kamuning.pdf,1,2025_Oct1152025_Kamuning_p01.png
Kamuning,2025-10-01,21,2025-10-01 21:00,200,verified,Kamuning.pdf,1,2025_Oct1152025_Kamuning_p01.png
Kamuning,2025-10-01,22,2025-10-01 22:00,139,verified,Kamuning.pdf,1,2025_Oct1152025_Kamuning_p01.png
Kamuning,2025-10-01,23,2025-10-01 23:00,90,verified,Kamuning.pdf,1,2025_Oct1152025_Kamuning_p01.png
Kamuning,2025-10-01,0,2025-10-02 00:00,100,verified,Kamuning.pdf,1,2025_Oct1152025_Kamuning_p01.png
Kamuning,2025-10-01,1,2025-10-02 01:00,36,verified,Kamuning.pdf,1,2025_Oct1152025_Kamuning_p01.png
Kamuning,2025-10-01,2,2025-10-02 02:00,45,verified,Kamuning.pdf,1,2025_Oct1152025_Kamuning_p01.png
Kamuning,2025-10-01,3,2025-10-02 03:00,46,verified,Kamuning.pdf,1,2025_Oct1152025_Kamuning_p01.png
Kamuning,2025-10-01,4,2025-10-02 04:00,31,verified,Kamuning.pdf,1,2025_Oct1152025_Kamuning_p01.png
Kamuning,2025-10-01,5,2025-10-02 05:00,115,verified,Kamuning.pdf,1,2025_Oct1152025_Kamuning_p01.png
Kamuning,2025-10-02,6,2025-10-02 06:00,122,verified,Kamuning.pdf,2,2025_Oct1152025_Kamuning_p02.png
Kamuning,2025-10-02,7,2025-10-02 07:00,150,verified,Kamuning.pdf,2,2025_Oct1152025_Kamuning_p02.png
Kamuning,2025-10-02,8,2025-10-02 08:00,216,verified,Kamuning.pdf,2,2025_Oct1152025_Kamuning_p02.png
Kamuning,2025-10-02,9,2025-10-02 09:00,240,verified,Kamuning.pdf,2,2025_Oct1152025_Kamuning_p02.png
Kamuning,2025-10-02,10,2025-10-02 10:00,212,verified,Kamuning.pdf,2,2025_Oct1152025_Kamuning_p02.png
Kamuning,2025-10-02,11,2025-10-02 11:00,146,verified,Kamuning.pdf,2,2025_Oct1152025_Kamuning_p02.png
Kamuning,2025-10-02,12,2025-10-02 12:00,36,verified,Kamuning.pdf,2,2025_Oct1152025_Kamuning_p02.png
Kamuning,2025-10-02,13,2025-10-02 13:00,65,verified,Kamuning.pdf,2,2025_Oct1152025_Kamuning_p02.png
Kamuning,2025-10-02,14,2025-10-02 14:00,175,verified,Kamuning.pdf,2,2025_Oct1152025_Kamuning_p02.png
Kamuning,2025-10-02,15,2025-10-02 15:00,303,verified,Kamuning.pdf,2,2025_Oct1152025_Kamuning_p02.png
Kamuning,2025-10-02,16,2025-10-02 16:00,308,verified,Kamuning.pdf,2,2025_Oct1152025_Kamuning_p02.png
Kamuning,2025-10-02,17,2025-10-02 17:00,250,verified,Kamuning.pdf,2,2025_Oct1152025_Kamuning_p02.png
Kamuning,2025-10-02,18,2025-10-02 18:00,444,verified,Kamuning.pdf,2,2025_Oct1152025_Kamuning_p02.png
Kamuning,2025-10-02,19,2025-10-02 19:00,221,verified,Kamuning.pdf,2,2025_Oct1152025_Kamuning_p02.png
Kamuning,2025-10-02,20,2025-10-02 20:00,278,verified,Kamuning.pdf,2,2025_Oct1152025_Kamuning_p02.png
Kamuning,2025-10-02,21,2025-10-02 21:00,208,verified,Kamuning.pdf,2,2025_Oct1152025_Kamuning_p02.png
Kamuning,2025-10-02,22,2025-10-02 22:00,150,verified,Kamuning.pdf,2,2025_Oct1152025_Kamuning_p02.png
Kamuning,2025-10-02,23,2025-10-02 23:00,87,verified,Kamuning.pdf,2,2025_Oct1152025_Kamuning_p02.png
Kamuning,2025-10-02,0,2025-10-03 00:00,103,verified,Kamuning.pdf,2,2025_Oct1152025_Kamuning_p02.png
Kamuning,2025-10-02,1,2025-10-03 01:00,95,verified,Kamuning.pdf,2,2025_Oct1152025_Kamuning_p02.png
Kamuning,2025-10-02,2,2025-10-03 02:00,54,verified,Kamuning.pdf,2,2025_Oct1152025_Kamuning_p02.png
Kamuning,2025-10-02,3,2025-10-03 03:00,64,verified,Kamuning.pdf,2,2025_Oct1152025_Kamuning_p02.png
Kamuning,2025-10-02,4,2025-10-03 04:00,53,verified,Kamuning.pdf,2,2025_Oct1152025_Kamuning_p02.png
Kamuning,2025-10-02,5,2025-10-03 05:00,127,verified,Kamuning.pdf,2,2025_Oct1152025_Kamuning_p02.png
Kamuning,2025-10-03,6,2025-10-03 06:00,368,incomplete,Kamuning.pdf,2,2025_Oct1152025_Kamuning_p02.png
Kamuning,2025-10-03,7,2025-10-03 07:00,275,incomplete,Kamuning.pdf,2,2025_Oct1152025_Kamuning_p02.png
Kamuning,2025-10-03,8,2025-10-03 08:00,151,incomplete,Kamuning.pdf,2,2025_Oct1152025_Kamuning_p02.png
Kamuning,2025-10-03,9,2025-10-03 09:00,129,incomplete,Kamuning.pdf,2,2025_Oct1152025_Kamuning_p02.png
Kamuning,2025-10-03,10,2025-10-03 10:00,182,incomplete,Kamuning.pdf,2,2025_Oct1152025_Kamuning_p02.png
Kamuning,2025-10-03,11,2025-10-03 11:00,140,incomplete,Kamuning.pdf,2,2025_Oct1152025_Kamuning_p02.png
Kamuning,2025-10-03,12,2025-10-03 12:00,124,incomplete,Kamuning.pdf,2,2025_Oct1152025_Kamuning_p02.png
Kamuning,2025-10-03,13,2025-10-03 13:00,116,incomplete,Kamuning.pdf,2,2025_Oct1152025_Kamuning_p02.png
Kamuning,2025-10-03,14,2025-10-03 14:00,133,incomplete,Kamuning.pdf,2,2025_Oct1152025_Kamuning_p02.png
Kamuning,2025-10-03,15,2025-10-03 15:00,434,incomplete,Kamuning.pdf,2,2025_Oct1152025_Kamuning_p02.png
Kamuning,2025-10-03,16,2025-10-03 16:00,171,incomplete,Kamuning.pdf,2,2025_Oct1152025_Kamuning_p02.png
Kamuning,2025-10-03,17,2025-10-03 17:00,93,incomplete,Kamuning.pdf,2,2025_Oct1152025_Kamuning_p02.png
Kamuning,2025-10-03,18,2025-10-03 18:00,217,incomplete,Kamuning.pdf,2,2025_Oct1152025_Kamuning_p02.png
Kamuning,2025-10-03,19,2025-10-03 19:00,388,incomplete,Kamuning.pdf,2,2025_Oct1152025_Kamuning_p02.png
Kamuning,2025-10-03,20,2025-10-03 20:00,287,incomplete,Kamuning.pdf,2,2025_Oct1152025_Kamuning_p02.png
Kamuning,2025-10-03,21,2025-10-03 21:00,282,incomplete,Kamuning.pdf,2,2025_Oct1152025_Kamuning_p02.png
Kamuning,2025-10-03,22,2025-10-03 22:00,120,incomplete,Kamuning.pdf,2,2025_Oct1152025_Kamuning_p02.png
Kamuning,2025-10-03,23,2025-10-03 23:00,118,incomplete,Kamuning.pdf,2,2025_Oct1152025_Kamuning_p02.png
Kamuning,2025-10-03,0,2025-10-04 00:00,83,incomplete,Kamuning.pdf,2,2025_Oct1152025_Kamuning_p02.png
Kamuning,2025-10-03,1,2025-10-04 01:00,146,incomplete,Kamuning.pdf,2,2025_Oct1152025_Kamuning_p02.png
Kamuning,2025-10-03,2,2025-10-04 02:00,238,incomplete,Kamuning.pdf,2,2025_Oct1152025_Kamuning_p02.png
Kamuning,2025-10-03,3,2025-10-04 03:00,310,incomplete,Kamuning.pdf,2,2025_Oct1152025_Kamuning_p02.png
Kamuning,2025-10-03,4,2025-10-04 04:00,337,incomplete,Kamuning.pdf,2,2025_Oct1152025_Kamuning_p02.png
Kamuning,2025-10-03,5,2025-10-04 05:00,,incomplete,Kamuning.pdf,2,2025_Oct1152025_Kamuning_p02.png
Kamuning,2025-10-04,6,2025-10-04 06:00,88,verified,Kamuning.pdf,3,2025_Oct1152025_Kamuning_p03.png
Kamuning,2025-10-04,7,2025-10-04 07:00,80,verified,Kamuning.pdf,3,2025_Oct1152025_Kamuning_p03.png
Kamuning,2025-10-04,8,2025-10-04 08:00,51,verified,Kamuning.pdf,3,2025_Oct1152025_Kamuning_p03.png
Kamuning,2025-10-04,9,2025-10-04 09:00,70,verified,Kamuning.pdf,3,2025_Oct1152025_Kamuning_p03.png
Kamuning,2025-10-04,10,2025-10-04 10:00,79,verified,Kamuning.pdf,3,2025_Oct1152025_Kamuning_p03.png
Kamuning,2025-10-04,11,2025-10-04 11:00,94,verified,Kamuning.pdf,3,2025_Oct1152025_Kamuning_p03.png
Kamuning,2025-10-04,12,2025-10-04 12:00,94,verified,Kamuning.pdf,3,2025_Oct1152025_Kamuning_p03.png
Kamuning,2025-10-04,13,2025-10-04 13:00,94,verified,Kamuning.pdf,3,2025_Oct1152025_Kamuning_p03.png
Kamuning,2025-10-04,14,2025-10-04 14:00,97,verified,Kamuning.pdf,3,2025_Oct1152025_Kamuning_p03.png
Kamuning,2025-10-04,15,2025-10-04 15:00,390,verified,Kamuning.pdf,3,2025_Oct1152025_Kamuning_p03.png
Kamuning,2025-10-04,16,2025-10-04 16:00,132,verified,Kamuning.pdf,3,2025_Oct1152025_Kamuning_p03.png
Kamuning,2025-10-04,17,2025-10-04 17:00,18,verified,Kamuning.pdf,3,2025_Oct1152025_Kamuning_p03.png
Kamuning,2025-10-04,18,2025-10-04 18:00,280,verified,Kamuning.pdf,3,2025_Oct1152025_Kamuning_p03.png
Kamuning,2025-10-04,19,2025-10-04 19:00,195,verified,Kamuning.pdf,3,2025_Oct1152025_Kamuning_p03.png
Kamuning,2025-10-04,20,2025-10-04 20:00,101,verified,Kamuning.pdf,3,2025_Oct1152025_Kamuning_p03.png
Kamuning,2025-10-04,21,2025-10-04 21:00,89,verified,Kamuning.pdf,3,2025_Oct1152025_Kamuning_p03.png
Kamuning,2025-10-04,22,2025-10-04 22:00,103,verified,Kamuning.pdf,3,2025_Oct1152025_Kamuning_p03.png
Kamuning,2025-10-04,23,2025-10-04 23:00,46,verified,Kamuning.pdf,3,2025_Oct1152025_Kamuning_p03.png
Kamuning,2025-10-04,0,2025-10-05 00:00,30,verified,Kamuning.pdf,3,2025_Oct1152025_Kamuning_p03.png
Kamuning,2025-10-04,1,2025-10-05 01:00,22,verified,Kamuning.pdf,3,2025_Oct1152025_Kamuning_p03.png
Kamuning,2025-10-04,2,2025-10-05 02:00,36,verified,Kamuning.pdf,3,2025_Oct1152025_Kamuning_p03.png
Kamuning,2025-10-04,3,2025-10-05 03:00,44,verified,Kamuning.pdf,3,2025_Oct1152025_Kamuning_p03.png
Kamuning,2025-10-04,4,2025-10-05 04:00,39,verified,Kamuning.pdf,3,2025_Oct1152025_Kamuning_p03.png
Kamuning,2025-10-04,5,2025-10-05 05:00,75,verified,Kamuning.pdf,3,2025_Oct1152025_Kamuning_p03.png
Kamuning,2025-10-05,6,2025-10-05 06:00,144,verified,Kamuning.pdf,3,2025_Oct1152025_Kamuning_p03.png
Kamuning,2025-10-05,7,2025-10-05 07:00,78,verified,Kamuning.pdf,3,2025_Oct1152025_Kamuning_p03.png
Kamuning,2025-10-05,8,2025-10-05 08:00,62,verified,Kamuning.pdf,3,2025_Oct1152025_Kamuning_p03.png
Kamuning,2025-10-05,9,2025-10-05 09:00,57,verified,Kamuning.pdf,3,2025_Oct1152025_Kamuning_p03.png
Kamuning,2025-10-05,10,2025-10-05 10:00,50,verified,Kamuning.pdf,3,2025_Oct1152025_Kamuning_p03.png
Kamuning,2025-10-05,11,2025-10-05 11:00,99,verified,Kamuning.pdf,3,2025_Oct1152025_Kamuning_p03.png
Kamuning,2025-10-05,12,2025-10-05 12:00,68,verified,Kamuning.pdf,3,2025_Oct1152025_Kamuning_p03.png
Kamuning,2025-10-05,13,2025-10-05 13:00,215,verified,Kamuning.pdf,3,2025_Oct1152025_Kamuning_p03.png
Kamuning,2025-10-05,14,2025-10-05 14:00,38,verified,Kamuning.pdf,3,2025_Oct1152025_Kamuning_p03.png
Kamuning,2025-10-05,15,2025-10-05 15:00,113,verified,Kamuning.pdf,3,2025_Oct1152025_Kamuning_p03.png
Kamuning,2025-10-05,16,2025-10-05 16:00,73,verified,Kamuning.pdf,3,2025_Oct1152025_Kamuning_p03.png
Kamuning,2025-10-05,17,2025-10-05 17:00,100,verified,Kamuning.pdf,3,2025_Oct1152025_Kamuning_p03.png
Kamuning,2025-10-05,18,2025-10-05 18:00,113,verified,Kamuning.pdf,3,2025_Oct1152025_Kamuning_p03.png
Kamuning,2025-10-05,19,2025-10-05 19:00,50,verified,Kamuning.pdf,3,2025_Oct1152025_Kamuning_p03.png
Kamuning,2025-10-05,20,2025-10-05 20:00,561,verified,Kamuning.pdf,3,2025_Oct1152025_Kamuning_p03.png
Kamuning,2025-10-05,21,2025-10-05 21:00,100,verified,Kamuning.pdf,3,2025_Oct1152025_Kamuning_p03.png
Kamuning,2025-10-05,22,2025-10-05 22:00,191,verified,Kamuning.pdf,3,2025_Oct1152025_Kamuning_p03.png
Kamuning,2025-10-05,23,2025-10-05 23:00,184,verified,Kamuning.pdf,3,2025_Oct1152025_Kamuning_p03.png
Kamuning,2025-10-05,0,2025-10-06 00:00,62,verified,Kamuning.pdf,3,2025_Oct1152025_Kamuning_p03.png
Kamuning,2025-10-05,1,2025-10-06 01:00,47,verified,Kamuning.pdf,3,2025_Oct1152025_Kamuning_p03.png
Kamuning,2025-10-05,2,2025-10-06 02:00,75,verified,Kamuning.pdf,3,2025_Oct1152025_Kamuning_p03.png
Kamuning,2025-10-05,3,2025-10-06 03:00,125,verified,Kamuning.pdf,3,2025_Oct1152025_Kamuning_p03.png
Kamuning,2025-10-05,4,2025-10-06 04:00,107,verified,Kamuning.pdf,3,2025_Oct1152025_Kamuning_p03.png
Kamuning,2025-10-05,5,2025-10-06 05:00,192,verified,Kamuning.pdf,3,2025_Oct1152025_Kamuning_p03.png
Kamuning,2025-10-06,6,2025-10-06 06:00,439,verified,Kamuning.pdf,4,2025_Oct1152025_Kamuning_p04.png
Kamuning,2025-10-06,7,2025-10-06 07:00,311,verified,Kamuning.pdf,4,2025_Oct1152025_Kamuning_p04.png
Kamuning,2025-10-06,8,2025-10-06 08:00,198,verified,Kamuning.pdf,4,2025_Oct1152025_Kamuning_p04.png
Kamuning,2025-10-06,9,2025-10-06 09:00,161,verified,Kamuning.pdf,4,2025_Oct1152025_Kamuning_p04.png
Kamuning,2025-10-06,10,2025-10-06 10:00,183,verified,Kamuning.pdf,4,2025_Oct1152025_Kamuning_p04.png
Kamuning,2025-10-06,11,2025-10-06 11:00,151,verified,Kamuning.pdf,4,2025_Oct1152025_Kamuning_p04.png
Kamuning,2025-10-06,12,2025-10-06 12:00,106,verified,Kamuning.pdf,4,2025_Oct1152025_Kamuning_p04.png
Kamuning,2025-10-06,13,2025-10-06 13:00,169,verified,Kamuning.pdf,4,2025_Oct1152025_Kamuning_p04.png
Kamuning,2025-10-06,14,2025-10-06 14:00,211,verified,Kamuning.pdf,4,2025_Oct1152025_Kamuning_p04.png
Kamuning,2025-10-06,15,2025-10-06 15:00,323,verified,Kamuning.pdf,4,2025_Oct1152025_Kamuning_p04.png
Kamuning,2025-10-06,16,2025-10-06 16:00,413,verified,Kamuning.pdf,4,2025_Oct1152025_Kamuning_p04.png
Kamuning,2025-10-06,17,2025-10-06 17:00,481,verified,Kamuning.pdf,4,2025_Oct1152025_Kamuning_p04.png
Kamuning,2025-10-06,18,2025-10-06 18:00,337,verified,Kamuning.pdf,4,2025_Oct1152025_Kamuning_p04.png
Kamuning,2025-10-06,19,2025-10-06 19:00,353,verified,Kamuning.pdf,4,2025_Oct1152025_Kamuning_p04.png
Kamuning,2025-10-06,20,2025-10-06 20:00,250,verified,Kamuning.pdf,4,2025_Oct1152025_Kamuning_p04.png
Kamuning,2025-10-06,21,2025-10-06 21:00,138,verified,Kamuning.pdf,4,2025_Oct1152025_Kamuning_p04.png
Kamuning,2025-10-06,22,2025-10-06 22:00,140,verified,Kamuning.pdf,4,2025_Oct1152025_Kamuning_p04.png
Kamuning,2025-10-06,23,2025-10-06 23:00,57,verified,Kamuning.pdf,4,2025_Oct1152025_Kamuning_p04.png
Kamuning,2025-10-06,0,2025-10-07 00:00,47,verified,Kamuning.pdf,4,2025_Oct1152025_Kamuning_p04.png
Kamuning,2025-10-06,1,2025-10-07 01:00,40,verified,Kamuning.pdf,4,2025_Oct1152025_Kamuning_p04.png
Kamuning,2025-10-06,2,2025-10-07 02:00,24,verified,Kamuning.pdf,4,2025_Oct1152025_Kamuning_p04.png
Kamuning,2025-10-06,3,2025-10-07 03:00,75,verified,Kamuning.pdf,4,2025_Oct1152025_Kamuning_p04.png
Kamuning,2025-10-06,4,2025-10-07 04:00,63,verified,Kamuning.pdf,4,2025_Oct1152025_Kamuning_p04.png
Kamuning,2025-10-06,5,2025-10-07 05:00,66,verified,Kamuning.pdf,4,2025_Oct1152025_Kamuning_p04.png
Kamuning,2025-10-07,6,2025-10-07 06:00,144,verified,Kamuning.pdf,4,2025_Oct1152025_Kamuning_p04.png
Kamuning,2025-10-07,7,2025-10-07 07:00,78,verified,Kamuning.pdf,4,2025_Oct1152025_Kamuning_p04.png
Kamuning,2025-10-07,8,2025-10-07 08:00,62,verified,Kamuning.pdf,4,2025_Oct1152025_Kamuning_p04.png
Kamuning,2025-10-07,9,2025-10-07 09:00,57,verified,Kamuning.pdf,4,2025_Oct1152025_Kamuning_p04.png
Kamuning,2025-10-07,10,2025-10-07 10:00,50,verified,Kamuning.pdf,4,2025_Oct1152025_Kamuning_p04.png
Kamuning,2025-10-07,11,2025-10-07 11:00,99,verified,Kamuning.pdf,4,2025_Oct1152025_Kamuning_p04.png
Kamuning,2025-10-07,12,2025-10-07 12:00,68,verified,Kamuning.pdf,4,2025_Oct1152025_Kamuning_p04.png
Kamuning,2025-10-07,13,2025-10-07 13:00,215,verified,Kamuning.pdf,4,2025_Oct1152025_Kamuning_p04.png
Kamuning,2025-10-07,14,2025-10-07 14:00,38,verified,Kamuning.pdf,4,2025_Oct1152025_Kamuning_p04.png
Kamuning,2025-10-07,15,2025-10-07 15:00,113,verified,Kamuning.pdf,4,2025_Oct1152025_Kamuning_p04.png
Kamuning,2025-10-07,16,2025-10-07 16:00,73,verified,Kamuning.pdf,4,2025_Oct1152025_Kamuning_p04.png
Kamuning,2025-10-07,17,2025-10-07 17:00,100,verified,Kamuning.pdf,4,2025_Oct1152025_Kamuning_p04.png
Kamuning,2025-10-07,18,2025-10-07 18:00,353,verified,Kamuning.pdf,4,2025_Oct1152025_Kamuning_p04.png
Kamuning,2025-10-07,19,2025-10-07 19:00,344,verified,Kamuning.pdf,4,2025_Oct1152025_Kamuning_p04.png
Kamuning,2025-10-07,20,2025-10-07 20:00,230,verified,Kamuning.pdf,4,2025_Oct1152025_Kamuning_p04.png
Kamuning,2025-10-07,21,2025-10-07 21:00,190,verified,Kamuning.pdf,4,2025_Oct1152025_Kamuning_p04.png
Kamuning,2025-10-07,22,2025-10-07 22:00,136,verified,Kamuning.pdf,4,2025_Oct1152025_Kamuning_p04.png
Kamuning,2025-10-07,23,2025-10-07 23:00,115,verified,Kamuning.pdf,4,2025_Oct1152025_Kamuning_p04.png
Kamuning,2025-10-07,0,2025-10-08 00:00,64,verified,Kamuning.pdf,4,2025_Oct1152025_Kamuning_p04.png
Kamuning,2025-10-07,1,2025-10-08 01:00,47,verified,Kamuning.pdf,4,2025_Oct1152025_Kamuning_p04.png
Kamuning,2025-10-07,2,2025-10-08 02:00,24,verified,Kamuning.pdf,4,2025_Oct1152025_Kamuning_p04.png
Kamuning,2025-10-07,3,2025-10-08 03:00,53,verified,Kamuning.pdf,4,2025_Oct1152025_Kamuning_p04.png
Kamuning,2025-10-07,4,2025-10-08 04:00,97,verified,Kamuning.pdf,4,2025_Oct1152025_Kamuning_p04.png
Kamuning,2025-10-07,5,2025-10-08 05:00,78,verified,Kamuning.pdf,4,2025_Oct1152025_Kamuning_p04.png
Kamuning,2025-10-08,6,2025-10-08 06:00,410,verified,Kamuning.pdf,5,2025_Oct1152025_Kamuning_p05.png
Kamuning,2025-10-08,7,2025-10-08 07:00,366,verified,Kamuning.pdf,5,2025_Oct1152025_Kamuning_p05.png
Kamuning,2025-10-08,8,2025-10-08 08:00,219,verified,Kamuning.pdf,5,2025_Oct1152025_Kamuning_p05.png
Kamuning,2025-10-08,9,2025-10-08 09:00,158,verified,Kamuning.pdf,5,2025_Oct1152025_Kamuning_p05.png
Kamuning,2025-10-08,10,2025-10-08 10:00,122,verified,Kamuning.pdf,5,2025_Oct1152025_Kamuning_p05.png
Kamuning,2025-10-08,11,2025-10-08 11:00,131,verified,Kamuning.pdf,5,2025_Oct1152025_Kamuning_p05.png
Kamuning,2025-10-08,12,2025-10-08 12:00,114,verified,Kamuning.pdf,5,2025_Oct1152025_Kamuning_p05.png
Kamuning,2025-10-08,13,2025-10-08 13:00,181,verified,Kamuning.pdf,5,2025_Oct1152025_Kamuning_p05.png
Kamuning,2025-10-08,14,2025-10-08 14:00,128,verified,Kamuning.pdf,5,2025_Oct1152025_Kamuning_p05.png
Kamuning,2025-10-08,15,2025-10-08 15:00,216,verified,Kamuning.pdf,5,2025_Oct1152025_Kamuning_p05.png
Kamuning,2025-10-08,16,2025-10-08 16:00,402,verified,Kamuning.pdf,5,2025_Oct1152025_Kamuning_p05.png
Kamuning,2025-10-08,17,2025-10-08 17:00,485,verified,Kamuning.pdf,5,2025_Oct1152025_Kamuning_p05.png
Kamuning,2025-10-08,18,2025-10-08 18:00,795,verified,Kamuning.pdf,5,2025_Oct1152025_Kamuning_p05.png
Kamuning,2025-10-08,19,2025-10-08 19:00,292,verified,Kamuning.pdf,5,2025_Oct1152025_Kamuning_p05.png
Kamuning,2025-10-08,20,2025-10-08 20:00,140,verified,Kamuning.pdf,5,2025_Oct1152025_Kamuning_p05.png
Kamuning,2025-10-08,21,2025-10-08 21:00,143,verified,Kamuning.pdf,5,2025_Oct1152025_Kamuning_p05.png
Kamuning,2025-10-08,22,2025-10-08 22:00,142,verified,Kamuning.pdf,5,2025_Oct1152025_Kamuning_p05.png
Kamuning,2025-10-08,23,2025-10-08 23:00,56,verified,Kamuning.pdf,5,2025_Oct1152025_Kamuning_p05.png
Kamuning,2025-10-08,0,2025-10-09 00:00,36,verified,Kamuning.pdf,5,2025_Oct1152025_Kamuning_p05.png
Kamuning,2025-10-08,1,2025-10-09 01:00,15,verified,Kamuning.pdf,5,2025_Oct1152025_Kamuning_p05.png
Kamuning,2025-10-08,2,2025-10-09 02:00,10,verified,Kamuning.pdf,5,2025_Oct1152025_Kamuning_p05.png
Kamuning,2025-10-08,3,2025-10-09 03:00,18,verified,Kamuning.pdf,5,2025_Oct1152025_Kamuning_p05.png
Kamuning,2025-10-08,4,2025-10-09 04:00,198,verified,Kamuning.pdf,5,2025_Oct1152025_Kamuning_p05.png
Kamuning,2025-10-08,5,2025-10-09 05:00,211,verified,Kamuning.pdf,5,2025_Oct1152025_Kamuning_p05.png
Kamuning,2025-10-09,6,2025-10-09 06:00,341,verified,Kamuning.pdf,5,2025_Oct1152025_Kamuning_p05.png
Kamuning,2025-10-09,7,2025-10-09 07:00,298,verified,Kamuning.pdf,5,2025_Oct1152025_Kamuning_p05.png
Kamuning,2025-10-09,8,2025-10-09 08:00,161,verified,Kamuning.pdf,5,2025_Oct1152025_Kamuning_p05.png
Kamuning,2025-10-09,9,2025-10-09 09:00,158,verified,Kamuning.pdf,5,2025_Oct1152025_Kamuning_p05.png
Kamuning,2025-10-09,10,2025-10-09 10:00,133,verified,Kamuning.pdf,5,2025_Oct1152025_Kamuning_p05.png
Kamuning,2025-10-09,11,2025-10-09 11:00,156,verified,Kamuning.pdf,5,2025_Oct1152025_Kamuning_p05.png
Kamuning,2025-10-09,12,2025-10-09 12:00,124,verified,Kamuning.pdf,5,2025_Oct1152025_Kamuning_p05.png
Kamuning,2025-10-09,13,2025-10-09 13:00,115,verified,Kamuning.pdf,5,2025_Oct1152025_Kamuning_p05.png
Kamuning,2025-10-09,14,2025-10-09 14:00,201,verified,Kamuning.pdf,5,2025_Oct1152025_Kamuning_p05.png
Kamuning,2025-10-09,15,2025-10-09 15:00,227,verified,Kamuning.pdf,5,2025_Oct1152025_Kamuning_p05.png
Kamuning,2025-10-09,16,2025-10-09 16:00,529,verified,Kamuning.pdf,5,2025_Oct1152025_Kamuning_p05.png
Kamuning,2025-10-09,17,2025-10-09 17:00,214,verified,Kamuning.pdf,5,2025_Oct1152025_Kamuning_p05.png
Kamuning,2025-10-09,18,2025-10-09 18:00,400,verified,Kamuning.pdf,5,2025_Oct1152025_Kamuning_p05.png
Kamuning,2025-10-09,19,2025-10-09 19:00,261,verified,Kamuning.pdf,5,2025_Oct1152025_Kamuning_p05.png
Kamuning,2025-10-09,20,2025-10-09 20:00,170,verified,Kamuning.pdf,5,2025_Oct1152025_Kamuning_p05.png
Kamuning,2025-10-09,21,2025-10-09 21:00,133,verified,Kamuning.pdf,5,2025_Oct1152025_Kamuning_p05.png
Kamuning,2025-10-09,22,2025-10-09 22:00,163,verified,Kamuning.pdf,5,2025_Oct1152025_Kamuning_p05.png
Kamuning,2025-10-09,23,2025-10-09 23:00,108,verified,Kamuning.pdf,5,2025_Oct1152025_Kamuning_p05.png
Kamuning,2025-10-09,0,2025-10-10 00:00,67,verified,Kamuning.pdf,5,2025_Oct1152025_Kamuning_p05.png
Kamuning,2025-10-09,1,2025-10-10 01:00,44,verified,Kamuning.pdf,5,2025_Oct1152025_Kamuning_p05.png
Kamuning,2025-10-09,2,2025-10-10 02:00,62,verified,Kamuning.pdf,5,2025_Oct1152025_Kamuning_p05.png
Kamuning,2025-10-09,3,2025-10-10 03:00,44,verified,Kamuning.pdf,5,2025_Oct1152025_Kamuning_p05.png
Kamuning,2025-10-09,4,2025-10-10 04:00,66,verified,Kamuning.pdf,5,2025_Oct1152025_Kamuning_p05.png
Kamuning,2025-10-09,5,2025-10-10 05:00,101,verified,Kamuning.pdf,5,2025_Oct1152025_Kamuning_p05.png
Kamuning,2025-10-10,6,2025-10-10 06:00,298,mismatch,Kamuning.pdf,6,2025_Oct1152025_Kamuning_p06.png
Kamuning,2025-10-10,7,2025-10-10 07:00,251,mismatch,Kamuning.pdf,6,2025_Oct1152025_Kamuning_p06.png
Kamuning,2025-10-10,8,2025-10-10 08:00,192,mismatch,Kamuning.pdf,6,2025_Oct1152025_Kamuning_p06.png
Kamuning,2025-10-10,9,2025-10-10 09:00,164,mismatch,Kamuning.pdf,6,2025_Oct1152025_Kamuning_p06.png
Kamuning,2025-10-10,10,2025-10-10 10:00,132,mismatch,Kamuning.pdf,6,2025_Oct1152025_Kamuning_p06.png
Kamuning,2025-10-10,11,2025-10-10 11:00,153,mismatch,Kamuning.pdf,6,2025_Oct1152025_Kamuning_p06.png
Kamuning,2025-10-10,12,2025-10-10 12:00,116,mismatch,Kamuning.pdf,6,2025_Oct1152025_Kamuning_p06.png
Kamuning,2025-10-10,13,2025-10-10 13:00,131,mismatch,Kamuning.pdf,6,2025_Oct1152025_Kamuning_p06.png
Kamuning,2025-10-10,14,2025-10-10 14:00,129,mismatch,Kamuning.pdf,6,2025_Oct1152025_Kamuning_p06.png
Kamuning,2025-10-10,15,2025-10-10 15:00,298,mismatch,Kamuning.pdf,6,2025_Oct1152025_Kamuning_p06.png
Kamuning,2025-10-10,16,2025-10-10 16:00,381,mismatch,Kamuning.pdf,6,2025_Oct1152025_Kamuning_p06.png
Kamuning,2025-10-10,17,2025-10-10 17:00,351,mismatch,Kamuning.pdf,6,2025_Oct1152025_Kamuning_p06.png
Kamuning,2025-10-10,18,2025-10-10 18:00,405,mismatch,Kamuning.pdf,6,2025_Oct1152025_Kamuning_p06.png
Kamuning,2025-10-10,19,2025-10-10 19:00,368,mismatch,Kamuning.pdf,6,2025_Oct1152025_Kamuning_p06.png
Kamuning,2025-10-10,20,2025-10-10 20:00,175,mismatch,Kamuning.pdf,6,2025_Oct1152025_Kamuning_p06.png
Kamuning,2025-10-10,21,2025-10-10 21:00,109,mismatch,Kamuning.pdf,6,2025_Oct1152025_Kamuning_p06.png
Kamuning,2025-10-10,22,2025-10-10 22:00,134,mismatch,Kamuning.pdf,6,2025_Oct1152025_Kamuning_p06.png
Kamuning,2025-10-10,23,2025-10-10 23:00,85,mismatch,Kamuning.pdf,6,2025_Oct1152025_Kamuning_p06.png
Kamuning,2025-10-10,0,2025-10-11 00:00,47,mismatch,Kamuning.pdf,6,2025_Oct1152025_Kamuning_p06.png
Kamuning,2025-10-10,1,2025-10-11 01:00,20,mismatch,Kamuning.pdf,6,2025_Oct1152025_Kamuning_p06.png
Kamuning,2025-10-10,2,2025-10-11 02:00,43,mismatch,Kamuning.pdf,6,2025_Oct1152025_Kamuning_p06.png
Kamuning,2025-10-10,3,2025-10-11 03:00,55,mismatch,Kamuning.pdf,6,2025_Oct1152025_Kamuning_p06.png
Kamuning,2025-10-10,4,2025-10-11 04:00,87,mismatch,Kamuning.pdf,6,2025_Oct1152025_Kamuning_p06.png
Kamuning,2025-10-10,5,2025-10-11 05:00,110,mismatch,Kamuning.pdf,6,2025_Oct1152025_Kamuning_p06.png
Kamuning,2025-10-11,6,2025-10-11 06:00,226,verified,Kamuning.pdf,6,2025_Oct1152025_Kamuning_p06.png
Kamuning,2025-10-11,7,2025-10-11 07:00,148,verified,Kamuning.pdf,6,2025_Oct1152025_Kamuning_p06.png
Kamuning,2025-10-11,8,2025-10-11 08:00,107,verified,Kamuning.pdf,6,2025_Oct1152025_Kamuning_p06.png
Kamuning,2025-10-11,9,2025-10-11 09:00,94,verified,Kamuning.pdf,6,2025_Oct1152025_Kamuning_p06.png
Kamuning,2025-10-11,10,2025-10-11 10:00,88,verified,Kamuning.pdf,6,2025_Oct1152025_Kamuning_p06.png
Kamuning,2025-10-11,11,2025-10-11 11:00,129,verified,Kamuning.pdf,6,2025_Oct1152025_Kamuning_p06.png
Kamuning,2025-10-11,12,2025-10-11 12:00,101,verified,Kamuning.pdf,6,2025_Oct1152025_Kamuning_p06.png
Kamuning,2025-10-11,13,2025-10-11 13:00,96,verified,Kamuning.pdf,6,2025_Oct1152025_Kamuning_p06.png
Kamuning,2025-10-11,14,2025-10-11 14:00,152,verified,Kamuning.pdf,6,2025_Oct1152025_Kamuning_p06.png
Kamuning,2025-10-11,15,2025-10-11 15:00,189,verified,Kamuning.pdf,6,2025_Oct1152025_Kamuning_p06.png
Kamuning,2025-10-11,16,2025-10-11 16:00,338,verified,Kamuning.pdf,6,2025_Oct1152025_Kamuning_p06.png
Kamuning,2025-10-11,17,2025-10-11 17:00,228,verified,Kamuning.pdf,6,2025_Oct1152025_Kamuning_p06.png
Kamuning,2025-10-11,18,2025-10-11 18:00,212,verified,Kamuning.pdf,6,2025_Oct1152025_Kamuning_p06.png
Kamuning,2025-10-11,19,2025-10-11 19:00,183,verified,Kamuning.pdf,6,2025_Oct1152025_Kamuning_p06.png
Kamuning,2025-10-11,20,2025-10-11 20:00,159,verified,Kamuning.pdf,6,2025_Oct1152025_Kamuning_p06.png
Kamuning,2025-10-11,21,2025-10-11 21:00,120,verified,Kamuning.pdf,6,2025_Oct1152025_Kamuning_p06.png
Kamuning,2025-10-11,22,2025-10-11 22:00,158,verified,Kamuning.pdf,6,2025_Oct1152025_Kamuning_p06.png
Kamuning,2025-10-11,23,2025-10-11 23:00,188,verified,Kamuning.pdf,6,2025_Oct1152025_Kamuning_p06.png
Kamuning,2025-10-11,0,2025-10-12 00:00,45,verified,Kamuning.pdf,6,2025_Oct1152025_Kamuning_p06.png
Kamuning,2025-10-11,1,2025-10-12 01:00,35,verified,Kamuning.pdf,6,2025_Oct1152025_Kamuning_p06.png
Kamuning,2025-10-11,2,2025-10-12 02:00,63,verified,Kamuning.pdf,6,2025_Oct1152025_Kamuning_p06.png
Kamuning,2025-10-11,3,2025-10-12 03:00,59,verified,Kamuning.pdf,6,2025_Oct1152025_Kamuning_p06.png
Kamuning,2025-10-11,4,2025-10-12 04:00,37,verified,Kamuning.pdf,6,2025_Oct1152025_Kamuning_p06.png
Kamuning,2025-10-11,5,2025-10-12 05:00,82,verified,Kamuning.pdf,6,2025_Oct1152025_Kamuning_p06.png
Kamuning,2025-10-12,6,2025-10-12 06:00,88,mismatch,Kamuning.pdf,7,2025_Oct1152025_Kamuning_p07.png
Kamuning,2025-10-12,7,2025-10-12 07:00,198,mismatch,Kamuning.pdf,7,2025_Oct1152025_Kamuning_p07.png
Kamuning,2025-10-12,8,2025-10-12 08:00,56,mismatch,Kamuning.pdf,7,2025_Oct1152025_Kamuning_p07.png
Kamuning,2025-10-12,9,2025-10-12 09:00,32,mismatch,Kamuning.pdf,7,2025_Oct1152025_Kamuning_p07.png
Kamuning,2025-10-12,10,2025-10-12 10:00,25,mismatch,Kamuning.pdf,7,2025_Oct1152025_Kamuning_p07.png
Kamuning,2025-10-12,11,2025-10-12 11:00,29,mismatch,Kamuning.pdf,7,2025_Oct1152025_Kamuning_p07.png
Kamuning,2025-10-12,12,2025-10-12 12:00,35,mismatch,Kamuning.pdf,7,2025_Oct1152025_Kamuning_p07.png
Kamuning,2025-10-12,13,2025-10-12 13:00,45,mismatch,Kamuning.pdf,7,2025_Oct1152025_Kamuning_p07.png
Kamuning,2025-10-12,14,2025-10-12 14:00,66,mismatch,Kamuning.pdf,7,2025_Oct1152025_Kamuning_p07.png
Kamuning,2025-10-12,15,2025-10-12 15:00,79,mismatch,Kamuning.pdf,7,2025_Oct1152025_Kamuning_p07.png
Kamuning,2025-10-12,16,2025-10-12 16:00,101,mismatch,Kamuning.pdf,7,2025_Oct1152025_Kamuning_p07.png
Kamuning,2025-10-12,17,2025-10-12 17:00,84,mismatch,Kamuning.pdf,7,2025_Oct1152025_Kamuning_p07.png
Kamuning,2025-10-12,18,2025-10-12 18:00,209,mismatch,Kamuning.pdf,7,2025_Oct1152025_Kamuning_p07.png
Kamuning,2025-10-12,19,2025-10-12 19:00,103,mismatch,Kamuning.pdf,7,2025_Oct1152025_Kamuning_p07.png
Kamuning,2025-10-12,20,2025-10-12 20:00,96,mismatch,Kamuning.pdf,7,2025_Oct1152025_Kamuning_p07.png
Kamuning,2025-10-12,21,2025-10-12 21:00,158,mismatch,Kamuning.pdf,7,2025_Oct1152025_Kamuning_p07.png
Kamuning,2025-10-12,22,2025-10-12 22:00,187,mismatch,Kamuning.pdf,7,2025_Oct1152025_Kamuning_p07.png
Kamuning,2025-10-12,23,2025-10-12 23:00,121,mismatch,Kamuning.pdf,7,2025_Oct1152025_Kamuning_p07.png
Kamuning,2025-10-12,0,2025-10-13 00:00,79,mismatch,Kamuning.pdf,7,2025_Oct1152025_Kamuning_p07.png
Kamuning,2025-10-12,1,2025-10-13 01:00,40,mismatch,Kamuning.pdf,7,2025_Oct1152025_Kamuning_p07.png
Kamuning,2025-10-12,2,2025-10-13 02:00,54,mismatch,Kamuning.pdf,7,2025_Oct1152025_Kamuning_p07.png
Kamuning,2025-10-12,3,2025-10-13 03:00,103,mismatch,Kamuning.pdf,7,2025_Oct1152025_Kamuning_p07.png
Kamuning,2025-10-12,4,2025-10-13 04:00,150,mismatch,Kamuning.pdf,7,2025_Oct1152025_Kamuning_p07.png
Kamuning,2025-10-12,5,2025-10-13 05:00,158,mismatch,Kamuning.pdf,7,2025_Oct1152025_Kamuning_p07.png
Kamuning,2025-10-13,6,2025-10-13 06:00,626,verified,Kamuning.pdf,8,2025_Oct1152025_Kamuning_p08.png
Kamuning,2025-10-13,7,2025-10-13 07:00,267,verified,Kamuning.pdf,8,2025_Oct1152025_Kamuning_p08.png
Kamuning,2025-10-13,8,2025-10-13 08:00,138,verified,Kamuning.pdf,8,2025_Oct1152025_Kamuning_p08.png
Kamuning,2025-10-13,9,2025-10-13 09:00,132,verified,Kamuning.pdf,8,2025_Oct1152025_Kamuning_p08.png
Kamuning,2025-10-13,10,2025-10-13 10:00,181,verified,Kamuning.pdf,8,2025_Oct1152025_Kamuning_p08.png
Kamuning,2025-10-13,11,2025-10-13 11:00,146,verified,Kamuning.pdf,8,2025_Oct1152025_Kamuning_p08.png
Kamuning,2025-10-13,12,2025-10-13 12:00,114,verified,Kamuning.pdf,8,2025_Oct1152025_Kamuning_p08.png
Kamuning,2025-10-13,13,2025-10-13 13:00,187,verified,Kamuning.pdf,8,2025_Oct1152025_Kamuning_p08.png
Kamuning,2025-10-13,14,2025-10-13 14:00,205,verified,Kamuning.pdf,8,2025_Oct1152025_Kamuning_p08.png
Kamuning,2025-10-13,15,2025-10-13 15:00,312,verified,Kamuning.pdf,8,2025_Oct1152025_Kamuning_p08.png
Kamuning,2025-10-13,16,2025-10-13 16:00,304,verified,Kamuning.pdf,8,2025_Oct1152025_Kamuning_p08.png
Kamuning,2025-10-13,17,2025-10-13 17:00,293,verified,Kamuning.pdf,8,2025_Oct1152025_Kamuning_p08.png
Kamuning,2025-10-13,18,2025-10-13 18:00,524,verified,Kamuning.pdf,8,2025_Oct1152025_Kamuning_p08.png
Kamuning,2025-10-13,19,2025-10-13 19:00,374,verified,Kamuning.pdf,8,2025_Oct1152025_Kamuning_p08.png
Kamuning,2025-10-13,20,2025-10-13 20:00,284,verified,Kamuning.pdf,8,2025_Oct1152025_Kamuning_p08.png
Kamuning,2025-10-13,21,2025-10-13 21:00,145,verified,Kamuning.pdf,8,2025_Oct1152025_Kamuning_p08.png
Kamuning,2025-10-13,22,2025-10-13 22:00,122,verified,Kamuning.pdf,8,2025_Oct1152025_Kamuning_p08.png
Kamuning,2025-10-13,23,2025-10-13 23:00,113,verified,Kamuning.pdf,8,2025_Oct1152025_Kamuning_p08.png
Kamuning,2025-10-13,0,2025-10-14 00:00,55,verified,Kamuning.pdf,8,2025_Oct1152025_Kamuning_p08.png
Kamuning,2025-10-13,1,2025-10-14 01:00,39,verified,Kamuning.pdf,8,2025_Oct1152025_Kamuning_p08.png
Kamuning,2025-10-13,2,2025-10-14 02:00,61,verified,Kamuning.pdf,8,2025_Oct1152025_Kamuning_p08.png
Kamuning,2025-10-13,3,2025-10-14 03:00,90,verified,Kamuning.pdf,8,2025_Oct1152025_Kamuning_p08.png
Kamuning,2025-10-13,4,2025-10-14 04:00,109,verified,Kamuning.pdf,8,2025_Oct1152025_Kamuning_p08.png
Kamuning,2025-10-13,5,2025-10-14 05:00,143,verified,Kamuning.pdf,8,2025_Oct1152025_Kamuning_p08.png
Kamuning,2025-10-14,6,2025-10-14 06:00,337,verified,Kamuning.pdf,9,2025_Oct1152025_Kamuning_p09.png
Kamuning,2025-10-14,7,2025-10-14 07:00,215,verified,Kamuning.pdf,9,2025_Oct1152025_Kamuning_p09.png
Kamuning,2025-10-14,8,2025-10-14 08:00,188,verified,Kamuning.pdf,9,2025_Oct1152025_Kamuning_p09.png
Kamuning,2025-10-14,9,2025-10-14 09:00,119,verified,Kamuning.pdf,9,2025_Oct1152025_Kamuning_p09.png
Kamuning,2025-10-14,10,2025-10-14 10:00,108,verified,Kamuning.pdf,9,2025_Oct1152025_Kamuning_p09.png
Kamuning,2025-10-14,11,2025-10-14 11:00,112,verified,Kamuning.pdf,9,2025_Oct1152025_Kamuning_p09.png
Kamuning,2025-10-14,12,2025-10-14 12:00,104,verified,Kamuning.pdf,9,2025_Oct1152025_Kamuning_p09.png
Kamuning,2025-10-14,13,2025-10-14 13:00,137,verified,Kamuning.pdf,9,2025_Oct1152025_Kamuning_p09.png
Kamuning,2025-10-14,14,2025-10-14 14:00,116,verified,Kamuning.pdf,9,2025_Oct1152025_Kamuning_p09.png
Kamuning,2025-10-14,15,2025-10-14 15:00,139,verified,Kamuning.pdf,9,2025_Oct1152025_Kamuning_p09.png
Kamuning,2025-10-14,16,2025-10-14 16:00,277,verified,Kamuning.pdf,9,2025_Oct1152025_Kamuning_p09.png
Kamuning,2025-10-14,17,2025-10-14 17:00,216,verified,Kamuning.pdf,9,2025_Oct1152025_Kamuning_p09.png
Kamuning,2025-10-14,18,2025-10-14 18:00,460,verified,Kamuning.pdf,9,2025_Oct1152025_Kamuning_p09.png
Kamuning,2025-10-14,19,2025-10-14 19:00,328,verified,Kamuning.pdf,9,2025_Oct1152025_Kamuning_p09.png
Kamuning,2025-10-14,20,2025-10-14 20:00,340,verified,Kamuning.pdf,9,2025_Oct1152025_Kamuning_p09.png
Kamuning,2025-10-14,21,2025-10-14 21:00,170,verified,Kamuning.pdf,9,2025_Oct1152025_Kamuning_p09.png
Kamuning,2025-10-14,22,2025-10-14 22:00,151,verified,Kamuning.pdf,9,2025_Oct1152025_Kamuning_p09.png
Kamuning,2025-10-14,23,2025-10-14 23:00,173,verified,Kamuning.pdf,9,2025_Oct1152025_Kamuning_p09.png
Kamuning,2025-10-14,0,2025-10-15 00:00,63,verified,Kamuning.pdf,9,2025_Oct1152025_Kamuning_p09.png
Kamuning,2025-10-14,1,2025-10-15 01:00,57,verified,Kamuning.pdf,9,2025_Oct1152025_Kamuning_p09.png
Kamuning,2025-10-14,2,2025-10-15 02:00,39,verified,Kamuning.pdf,9,2025_Oct1152025_Kamuning_p09.png
Kamuning,2025-10-14,3,2025-10-15 03:00,50,verified,Kamuning.pdf,9,2025_Oct1152025_Kamuning_p09.png
Kamuning,2025-10-14,4,2025-10-15 04:00,47,verified,Kamuning.pdf,9,2025_Oct1152025_Kamuning_p09.png
Kamuning,2025-10-14,5,2025-10-15 05:00,150,verified,Kamuning.pdf,9,2025_Oct1152025_Kamuning_p09.png
Kamuning,2025-10-15,6,2025-10-15 06:00,234,verified,Kamuning.pdf,10,2025_Oct1152025_Kamuning_p10.png
Kamuning,2025-10-15,7,2025-10-15 07:00,421,verified,Kamuning.pdf,10,2025_Oct1152025_Kamuning_p10.png
Kamuning,2025-10-15,8,2025-10-15 08:00,193,verified,Kamuning.pdf,10,2025_Oct1152025_Kamuning_p10.png
Kamuning,2025-10-15,9,2025-10-15 09:00,157,verified,Kamuning.pdf,10,2025_Oct1152025_Kamuning_p10.png
Kamuning,2025-10-15,10,2025-10-15 10:00,120,verified,Kamuning.pdf,10,2025_Oct1152025_Kamuning_p10.png
Kamuning,2025-10-15,11,2025-10-15 11:00,106,verified,Kamuning.pdf,10,2025_Oct1152025_Kamuning_p10.png
Kamuning,2025-10-15,12,2025-10-15 12:00,142,verified,Kamuning.pdf,10,2025_Oct1152025_Kamuning_p10.png
Kamuning,2025-10-15,13,2025-10-15 13:00,161,verified,Kamuning.pdf,10,2025_Oct1152025_Kamuning_p10.png
Kamuning,2025-10-15,14,2025-10-15 14:00,133,verified,Kamuning.pdf,10,2025_Oct1152025_Kamuning_p10.png
Kamuning,2025-10-15,15,2025-10-15 15:00,189,verified,Kamuning.pdf,10,2025_Oct1152025_Kamuning_p10.png
Kamuning,2025-10-15,16,2025-10-15 16:00,381,verified,Kamuning.pdf,10,2025_Oct1152025_Kamuning_p10.png
Kamuning,2025-10-15,17,2025-10-15 17:00,240,verified,Kamuning.pdf,10,2025_Oct1152025_Kamuning_p10.png
Kamuning,2025-10-15,18,2025-10-15 18:00,280,verified,Kamuning.pdf,10,2025_Oct1152025_Kamuning_p10.png
Kamuning,2025-10-15,19,2025-10-15 19:00,271,verified,Kamuning.pdf,10,2025_Oct1152025_Kamuning_p10.png
Kamuning,2025-10-15,20,2025-10-15 20:00,201,verified,Kamuning.pdf,10,2025_Oct1152025_Kamuning_p10.png
Kamuning,2025-10-15,21,2025-10-15 21:00,165,verified,Kamuning.pdf,10,2025_Oct1152025_Kamuning_p10.png
Kamuning,2025-10-15,22,2025-10-15 22:00,134,verified,Kamuning.pdf,10,2025_Oct1152025_Kamuning_p10.png
Kamuning,2025-10-15,23,2025-10-15 23:00,182,verified,Kamuning.pdf,10,2025_Oct1152025_Kamuning_p10.png
Kamuning,2025-10-15,0,2025-10-16 00:00,55,verified,Kamuning.pdf,10,2025_Oct1152025_Kamuning_p10.png
Kamuning,2025-10-15,1,2025-10-16 01:00,68,verified,Kamuning.pdf,10,2025_Oct1152025_Kamuning_p10.png
Kamuning,2025-10-15,2,2025-10-16 02:00,51,verified,Kamuning.pdf,10,2025_Oct1152025_Kamuning_p10.png
Kamuning,2025-10-15,3,2025-10-16 03:00,79,verified,Kamuning.pdf,10,2025_Oct1152025_Kamuning_p10.png
Kamuning,2025-10-15,4,2025-10-16 04:00,160,verified,Kamuning.pdf,10,2025_Oct1152025_Kamuning_p10.png
Kamuning,2025-10-15,5,2025-10-16 05:00,129,verified,Kamuning.pdf,10,2025_Oct1152025_Kamuning_p10.png
Kamuning,2025-10-16,6,2025-10-16 06:00,328,verified,Kamuning.pdf,1,2025_Oct16312025_Kamuning_p01.png
Kamuning,2025-10-16,7,2025-10-16 07:00,205,verified,Kamuning.pdf,1,2025_Oct16312025_Kamuning_p01.png
Kamuning,2025-10-16,8,2025-10-16 08:00,146,verified,Kamuning.pdf,1,2025_Oct16312025_Kamuning_p01.png
Kamuning,2025-10-16,9,2025-10-16 09:00,193,verified,Kamuning.pdf,1,2025_Oct16312025_Kamuning_p01.png
Kamuning,2025-10-16,10,2025-10-16 10:00,198,verified,Kamuning.pdf,1,2025_Oct16312025_Kamuning_p01.png
Kamuning,2025-10-16,11,2025-10-16 11:00,125,verified,Kamuning.pdf,1,2025_Oct16312025_Kamuning_p01.png
Kamuning,2025-10-16,12,2025-10-16 12:00,106,verified,Kamuning.pdf,1,2025_Oct16312025_Kamuning_p01.png
Kamuning,2025-10-16,13,2025-10-16 13:00,56,verified,Kamuning.pdf,1,2025_Oct16312025_Kamuning_p01.png
Kamuning,2025-10-16,14,2025-10-16 14:00,42,verified,Kamuning.pdf,1,2025_Oct16312025_Kamuning_p01.png
Kamuning,2025-10-16,15,2025-10-16 15:00,313,verified,Kamuning.pdf,1,2025_Oct16312025_Kamuning_p01.png
Kamuning,2025-10-16,16,2025-10-16 16:00,235,verified,Kamuning.pdf,1,2025_Oct16312025_Kamuning_p01.png
Kamuning,2025-10-16,17,2025-10-16 17:00,190,verified,Kamuning.pdf,1,2025_Oct16312025_Kamuning_p01.png
Kamuning,2025-10-16,18,2025-10-16 18:00,293,verified,Kamuning.pdf,1,2025_Oct16312025_Kamuning_p01.png
Kamuning,2025-10-16,19,2025-10-16 19:00,287,verified,Kamuning.pdf,1,2025_Oct16312025_Kamuning_p01.png
Kamuning,2025-10-16,20,2025-10-16 20:00,203,verified,Kamuning.pdf,1,2025_Oct16312025_Kamuning_p01.png
Kamuning,2025-10-16,21,2025-10-16 21:00,171,verified,Kamuning.pdf,1,2025_Oct16312025_Kamuning_p01.png
Kamuning,2025-10-16,22,2025-10-16 22:00,152,verified,Kamuning.pdf,1,2025_Oct16312025_Kamuning_p01.png
Kamuning,2025-10-16,23,2025-10-16 23:00,110,verified,Kamuning.pdf,1,2025_Oct16312025_Kamuning_p01.png
Kamuning,2025-10-16,0,2025-10-17 00:00,82,verified,Kamuning.pdf,1,2025_Oct16312025_Kamuning_p01.png
Kamuning,2025-10-16,1,2025-10-17 01:00,51,verified,Kamuning.pdf,1,2025_Oct16312025_Kamuning_p01.png
Kamuning,2025-10-16,2,2025-10-17 02:00,37,verified,Kamuning.pdf,1,2025_Oct16312025_Kamuning_p01.png
Kamuning,2025-10-16,3,2025-10-17 03:00,31,verified,Kamuning.pdf,1,2025_Oct16312025_Kamuning_p01.png
Kamuning,2025-10-16,4,2025-10-17 04:00,98,verified,Kamuning.pdf,1,2025_Oct16312025_Kamuning_p01.png
Kamuning,2025-10-16,5,2025-10-17 05:00,97,verified,Kamuning.pdf,1,2025_Oct16312025_Kamuning_p01.png
Kamuning,2025-10-17,6,2025-10-17 06:00,227,verified,Kamuning.pdf,1,2025_Oct16312025_Kamuning_p01.png
Kamuning,2025-10-17,7,2025-10-17 07:00,153,verified,Kamuning.pdf,1,2025_Oct16312025_Kamuning_p01.png
Kamuning,2025-10-17,8,2025-10-17 08:00,98,verified,Kamuning.pdf,1,2025_Oct16312025_Kamuning_p01.png
Kamuning,2025-10-17,9,2025-10-17 09:00,89,verified,Kamuning.pdf,1,2025_Oct16312025_Kamuning_p01.png
Kamuning,2025-10-17,10,2025-10-17 10:00,73,verified,Kamuning.pdf,1,2025_Oct16312025_Kamuning_p01.png
Kamuning,2025-10-17,11,2025-10-17 11:00,57,verified,Kamuning.pdf,1,2025_Oct16312025_Kamuning_p01.png
Kamuning,2025-10-17,12,2025-10-17 12:00,64,verified,Kamuning.pdf,1,2025_Oct16312025_Kamuning_p01.png
Kamuning,2025-10-17,13,2025-10-17 13:00,58,verified,Kamuning.pdf,1,2025_Oct16312025_Kamuning_p01.png
Kamuning,2025-10-17,14,2025-10-17 14:00,78,verified,Kamuning.pdf,1,2025_Oct16312025_Kamuning_p01.png
Kamuning,2025-10-17,15,2025-10-17 15:00,72,verified,Kamuning.pdf,1,2025_Oct16312025_Kamuning_p01.png
Kamuning,2025-10-17,16,2025-10-17 16:00,98,verified,Kamuning.pdf,1,2025_Oct16312025_Kamuning_p01.png
Kamuning,2025-10-17,17,2025-10-17 17:00,186,verified,Kamuning.pdf,1,2025_Oct16312025_Kamuning_p01.png
Kamuning,2025-10-17,18,2025-10-17 18:00,345,verified,Kamuning.pdf,1,2025_Oct16312025_Kamuning_p01.png
Kamuning,2025-10-17,19,2025-10-17 19:00,266,verified,Kamuning.pdf,1,2025_Oct16312025_Kamuning_p01.png
Kamuning,2025-10-17,20,2025-10-17 20:00,185,verified,Kamuning.pdf,1,2025_Oct16312025_Kamuning_p01.png
Kamuning,2025-10-17,21,2025-10-17 21:00,136,verified,Kamuning.pdf,1,2025_Oct16312025_Kamuning_p01.png
Kamuning,2025-10-17,22,2025-10-17 22:00,129,verified,Kamuning.pdf,1,2025_Oct16312025_Kamuning_p01.png
Kamuning,2025-10-17,23,2025-10-17 23:00,106,verified,Kamuning.pdf,1,2025_Oct16312025_Kamuning_p01.png
Kamuning,2025-10-17,0,2025-10-18 00:00,45,verified,Kamuning.pdf,1,2025_Oct16312025_Kamuning_p01.png
Kamuning,2025-10-17,1,2025-10-18 01:00,20,verified,Kamuning.pdf,1,2025_Oct16312025_Kamuning_p01.png
Kamuning,2025-10-17,2,2025-10-18 02:00,25,verified,Kamuning.pdf,1,2025_Oct16312025_Kamuning_p01.png
Kamuning,2025-10-17,3,2025-10-18 03:00,33,verified,Kamuning.pdf,1,2025_Oct16312025_Kamuning_p01.png
Kamuning,2025-10-17,4,2025-10-18 04:00,49,verified,Kamuning.pdf,1,2025_Oct16312025_Kamuning_p01.png
Kamuning,2025-10-17,5,2025-10-18 05:00,105,verified,Kamuning.pdf,1,2025_Oct16312025_Kamuning_p01.png
Kamuning,2025-10-18,6,2025-10-18 06:00,156,verified,Kamuning.pdf,2,2025_Oct16312025_Kamuning_p02.png
Kamuning,2025-10-18,7,2025-10-18 07:00,168,verified,Kamuning.pdf,2,2025_Oct16312025_Kamuning_p02.png
Kamuning,2025-10-18,8,2025-10-18 08:00,120,verified,Kamuning.pdf,2,2025_Oct16312025_Kamuning_p02.png
Kamuning,2025-10-18,9,2025-10-18 09:00,103,verified,Kamuning.pdf,2,2025_Oct16312025_Kamuning_p02.png
Kamuning,2025-10-18,10,2025-10-18 10:00,98,verified,Kamuning.pdf,2,2025_Oct16312025_Kamuning_p02.png
Kamuning,2025-10-18,11,2025-10-18 11:00,87,verified,Kamuning.pdf,2,2025_Oct16312025_Kamuning_p02.png
Kamuning,2025-10-18,12,2025-10-18 12:00,72,verified,Kamuning.pdf,2,2025_Oct16312025_Kamuning_p02.png
Kamuning,2025-10-18,13,2025-10-18 13:00,94,verified,Kamuning.pdf,2,2025_Oct16312025_Kamuning_p02.png
Kamuning,2025-10-18,14,2025-10-18 14:00,75,verified,Kamuning.pdf,2,2025_Oct16312025_Kamuning_p02.png
Kamuning,2025-10-18,15,2025-10-18 15:00,196,verified,Kamuning.pdf,2,2025_Oct16312025_Kamuning_p02.png
Kamuning,2025-10-18,16,2025-10-18 16:00,284,verified,Kamuning.pdf,2,2025_Oct16312025_Kamuning_p02.png
Kamuning,2025-10-18,17,2025-10-18 17:00,298,verified,Kamuning.pdf,2,2025_Oct16312025_Kamuning_p02.png
Kamuning,2025-10-18,18,2025-10-18 18:00,299,verified,Kamuning.pdf,2,2025_Oct16312025_Kamuning_p02.png
Kamuning,2025-10-18,19,2025-10-18 19:00,136,verified,Kamuning.pdf,2,2025_Oct16312025_Kamuning_p02.png
Kamuning,2025-10-18,20,2025-10-18 20:00,141,verified,Kamuning.pdf,2,2025_Oct16312025_Kamuning_p02.png
Kamuning,2025-10-18,21,2025-10-18 21:00,287,verified,Kamuning.pdf,2,2025_Oct16312025_Kamuning_p02.png
Kamuning,2025-10-18,22,2025-10-18 22:00,127,verified,Kamuning.pdf,2,2025_Oct16312025_Kamuning_p02.png
Kamuning,2025-10-18,23,2025-10-18 23:00,38,verified,Kamuning.pdf,2,2025_Oct16312025_Kamuning_p02.png
Kamuning,2025-10-18,0,2025-10-19 00:00,45,verified,Kamuning.pdf,2,2025_Oct16312025_Kamuning_p02.png
Kamuning,2025-10-18,1,2025-10-19 01:00,16,verified,Kamuning.pdf,2,2025_Oct16312025_Kamuning_p02.png
Kamuning,2025-10-18,2,2025-10-19 02:00,13,verified,Kamuning.pdf,2,2025_Oct16312025_Kamuning_p02.png
Kamuning,2025-10-18,3,2025-10-19 03:00,42,verified,Kamuning.pdf,2,2025_Oct16312025_Kamuning_p02.png
Kamuning,2025-10-18,4,2025-10-19 04:00,53,verified,Kamuning.pdf,2,2025_Oct16312025_Kamuning_p02.png
Kamuning,2025-10-18,5,2025-10-19 05:00,68,verified,Kamuning.pdf,2,2025_Oct16312025_Kamuning_p02.png
Kamuning,2025-10-19,6,2025-10-19 06:00,136,mismatch,Kamuning.pdf,2,2025_Oct16312025_Kamuning_p02.png
Kamuning,2025-10-19,7,2025-10-19 07:00,93,mismatch,Kamuning.pdf,2,2025_Oct16312025_Kamuning_p02.png
Kamuning,2025-10-19,8,2025-10-19 08:00,84,mismatch,Kamuning.pdf,2,2025_Oct16312025_Kamuning_p02.png
Kamuning,2025-10-19,9,2025-10-19 09:00,82,mismatch,Kamuning.pdf,2,2025_Oct16312025_Kamuning_p02.png
Kamuning,2025-10-19,10,2025-10-19 10:00,65,mismatch,Kamuning.pdf,2,2025_Oct16312025_Kamuning_p02.png
Kamuning,2025-10-19,11,2025-10-19 11:00,87,mismatch,Kamuning.pdf,2,2025_Oct16312025_Kamuning_p02.png
Kamuning,2025-10-19,12,2025-10-19 12:00,73,mismatch,Kamuning.pdf,2,2025_Oct16312025_Kamuning_p02.png
Kamuning,2025-10-19,13,2025-10-19 13:00,92,mismatch,Kamuning.pdf,2,2025_Oct16312025_Kamuning_p02.png
Kamuning,2025-10-19,14,2025-10-19 14:00,85,mismatch,Kamuning.pdf,2,2025_Oct16312025_Kamuning_p02.png
Kamuning,2025-10-19,15,2025-10-19 15:00,64,mismatch,Kamuning.pdf,2,2025_Oct16312025_Kamuning_p02.png
Kamuning,2025-10-19,16,2025-10-19 16:00,127,mismatch,Kamuning.pdf,2,2025_Oct16312025_Kamuning_p02.png
Kamuning,2025-10-19,17,2025-10-19 17:00,184,mismatch,Kamuning.pdf,2,2025_Oct16312025_Kamuning_p02.png
Kamuning,2025-10-19,18,2025-10-19 18:00,108,mismatch,Kamuning.pdf,2,2025_Oct16312025_Kamuning_p02.png
Kamuning,2025-10-19,19,2025-10-19 19:00,76,mismatch,Kamuning.pdf,2,2025_Oct16312025_Kamuning_p02.png
Kamuning,2025-10-19,20,2025-10-19 20:00,54,mismatch,Kamuning.pdf,2,2025_Oct16312025_Kamuning_p02.png
Kamuning,2025-10-19,21,2025-10-19 21:00,176,mismatch,Kamuning.pdf,2,2025_Oct16312025_Kamuning_p02.png
Kamuning,2025-10-19,22,2025-10-19 22:00,118,mismatch,Kamuning.pdf,2,2025_Oct16312025_Kamuning_p02.png
Kamuning,2025-10-19,23,2025-10-19 23:00,33,mismatch,Kamuning.pdf,2,2025_Oct16312025_Kamuning_p02.png
Kamuning,2025-10-19,0,2025-10-20 00:00,21,mismatch,Kamuning.pdf,2,2025_Oct16312025_Kamuning_p02.png
Kamuning,2025-10-19,1,2025-10-20 01:00,13,mismatch,Kamuning.pdf,2,2025_Oct16312025_Kamuning_p02.png
Kamuning,2025-10-19,2,2025-10-20 02:00,27,mismatch,Kamuning.pdf,2,2025_Oct16312025_Kamuning_p02.png
Kamuning,2025-10-19,3,2025-10-20 03:00,236,mismatch,Kamuning.pdf,2,2025_Oct16312025_Kamuning_p02.png
Kamuning,2025-10-19,4,2025-10-20 04:00,147,mismatch,Kamuning.pdf,2,2025_Oct16312025_Kamuning_p02.png
Kamuning,2025-10-19,5,2025-10-20 05:00,83,mismatch,Kamuning.pdf,2,2025_Oct16312025_Kamuning_p02.png
Kamuning,2025-10-20,6,2025-10-20 06:00,287,verified,Kamuning.pdf,3,2025_Oct16312025_Kamuning_p03.png
Kamuning,2025-10-20,7,2025-10-20 07:00,226,verified,Kamuning.pdf,3,2025_Oct16312025_Kamuning_p03.png
Kamuning,2025-10-20,8,2025-10-20 08:00,279,verified,Kamuning.pdf,3,2025_Oct16312025_Kamuning_p03.png
Kamuning,2025-10-20,9,2025-10-20 09:00,185,verified,Kamuning.pdf,3,2025_Oct16312025_Kamuning_p03.png
Kamuning,2025-10-20,10,2025-10-20 10:00,96,verified,Kamuning.pdf,3,2025_Oct16312025_Kamuning_p03.png
Kamuning,2025-10-20,11,2025-10-20 11:00,83,verified,Kamuning.pdf,3,2025_Oct16312025_Kamuning_p03.png
Kamuning,2025-10-20,12,2025-10-20 12:00,78,verified,Kamuning.pdf,3,2025_Oct16312025_Kamuning_p03.png
Kamuning,2025-10-20,13,2025-10-20 13:00,95,verified,Kamuning.pdf,3,2025_Oct16312025_Kamuning_p03.png
Kamuning,2025-10-20,14,2025-10-20 14:00,93,verified,Kamuning.pdf,3,2025_Oct16312025_Kamuning_p03.png
Kamuning,2025-10-20,15,2025-10-20 15:00,251,verified,Kamuning.pdf,3,2025_Oct16312025_Kamuning_p03.png
Kamuning,2025-10-20,16,2025-10-20 16:00,198,verified,Kamuning.pdf,3,2025_Oct16312025_Kamuning_p03.png
Kamuning,2025-10-20,17,2025-10-20 17:00,285,verified,Kamuning.pdf,3,2025_Oct16312025_Kamuning_p03.png
Kamuning,2025-10-20,18,2025-10-20 18:00,294,verified,Kamuning.pdf,3,2025_Oct16312025_Kamuning_p03.png
Kamuning,2025-10-20,19,2025-10-20 19:00,132,verified,Kamuning.pdf,3,2025_Oct16312025_Kamuning_p03.png
Kamuning,2025-10-20,20,2025-10-20 20:00,81,verified,Kamuning.pdf,3,2025_Oct16312025_Kamuning_p03.png
Kamuning,2025-10-20,21,2025-10-20 21:00,67,verified,Kamuning.pdf,3,2025_Oct16312025_Kamuning_p03.png
Kamuning,2025-10-20,22,2025-10-20 22:00,42,verified,Kamuning.pdf,3,2025_Oct16312025_Kamuning_p03.png
Kamuning,2025-10-20,23,2025-10-20 23:00,26,verified,Kamuning.pdf,3,2025_Oct16312025_Kamuning_p03.png
Kamuning,2025-10-20,0,2025-10-21 00:00,20,verified,Kamuning.pdf,3,2025_Oct16312025_Kamuning_p03.png
Kamuning,2025-10-20,1,2025-10-21 01:00,13,verified,Kamuning.pdf,3,2025_Oct16312025_Kamuning_p03.png
Kamuning,2025-10-20,2,2025-10-21 02:00,28,verified,Kamuning.pdf,3,2025_Oct16312025_Kamuning_p03.png
Kamuning,2025-10-20,3,2025-10-21 03:00,119,verified,Kamuning.pdf,3,2025_Oct16312025_Kamuning_p03.png
Kamuning,2025-10-20,4,2025-10-21 04:00,41,verified,Kamuning.pdf,3,2025_Oct16312025_Kamuning_p03.png
Kamuning,2025-10-20,5,2025-10-21 05:00,24,verified,Kamuning.pdf,3,2025_Oct16312025_Kamuning_p03.png
Kamuning,2025-10-21,6,2025-10-21 06:00,184,verified,Kamuning.pdf,3,2025_Oct16312025_Kamuning_p03.png
Kamuning,2025-10-21,7,2025-10-21 07:00,168,verified,Kamuning.pdf,3,2025_Oct16312025_Kamuning_p03.png
Kamuning,2025-10-21,8,2025-10-21 08:00,97,verified,Kamuning.pdf,3,2025_Oct16312025_Kamuning_p03.png
Kamuning,2025-10-21,9,2025-10-21 09:00,84,verified,Kamuning.pdf,3,2025_Oct16312025_Kamuning_p03.png
Kamuning,2025-10-21,10,2025-10-21 10:00,78,verified,Kamuning.pdf,3,2025_Oct16312025_Kamuning_p03.png
Kamuning,2025-10-21,11,2025-10-21 11:00,67,verified,Kamuning.pdf,3,2025_Oct16312025_Kamuning_p03.png
Kamuning,2025-10-21,12,2025-10-21 12:00,185,verified,Kamuning.pdf,3,2025_Oct16312025_Kamuning_p03.png
Kamuning,2025-10-21,13,2025-10-21 13:00,138,verified,Kamuning.pdf,3,2025_Oct16312025_Kamuning_p03.png
Kamuning,2025-10-21,14,2025-10-21 14:00,162,verified,Kamuning.pdf,3,2025_Oct16312025_Kamuning_p03.png
Kamuning,2025-10-21,15,2025-10-21 15:00,297,verified,Kamuning.pdf,3,2025_Oct16312025_Kamuning_p03.png
Kamuning,2025-10-21,16,2025-10-21 16:00,264,verified,Kamuning.pdf,3,2025_Oct16312025_Kamuning_p03.png
Kamuning,2025-10-21,17,2025-10-21 17:00,192,verified,Kamuning.pdf,3,2025_Oct16312025_Kamuning_p03.png
Kamuning,2025-10-21,18,2025-10-21 18:00,287,verified,Kamuning.pdf,3,2025_Oct16312025_Kamuning_p03.png
Kamuning,2025-10-21,19,2025-10-21 19:00,176,verified,Kamuning.pdf,3,2025_Oct16312025_Kamuning_p03.png
Kamuning,2025-10-21,20,2025-10-21 20:00,87,verified,Kamuning.pdf,3,2025_Oct16312025_Kamuning_p03.png
Kamuning,2025-10-21,21,2025-10-21 21:00,53,verified,Kamuning.pdf,3,2025_Oct16312025_Kamuning_p03.png
Kamuning,2025-10-21,22,2025-10-21 22:00,32,verified,Kamuning.pdf,3,2025_Oct16312025_Kamuning_p03.png
Kamuning,2025-10-21,23,2025-10-21 23:00,27,verified,Kamuning.pdf,3,2025_Oct16312025_Kamuning_p03.png
Kamuning,2025-10-21,0,2025-10-22 00:00,21,verified,Kamuning.pdf,3,2025_Oct16312025_Kamuning_p03.png
Kamuning,2025-10-21,1,2025-10-22 01:00,16,verified,Kamuning.pdf,3,2025_Oct16312025_Kamuning_p03.png
Kamuning,2025-10-21,2,2025-10-22 02:00,57,verified,Kamuning.pdf,3,2025_Oct16312025_Kamuning_p03.png
Kamuning,2025-10-21,3,2025-10-22 03:00,72,verified,Kamuning.pdf,3,2025_Oct16312025_Kamuning_p03.png
Kamuning,2025-10-21,4,2025-10-22 04:00,48,verified,Kamuning.pdf,3,2025_Oct16312025_Kamuning_p03.png
Kamuning,2025-10-21,5,2025-10-22 05:00,55,verified,Kamuning.pdf,3,2025_Oct16312025_Kamuning_p03.png
Kamuning,2025-10-22,6,2025-10-22 06:00,38,verified,Kamuning.pdf,4,2025_Oct16312025_Kamuning_p04.png
Kamuning,2025-10-22,7,2025-10-22 07:00,55,verified,Kamuning.pdf,4,2025_Oct16312025_Kamuning_p04.png
Kamuning,2025-10-22,8,2025-10-22 08:00,181,verified,Kamuning.pdf,4,2025_Oct16312025_Kamuning_p04.png
Kamuning,2025-10-22,9,2025-10-22 09:00,51,verified,Kamuning.pdf,4,2025_Oct16312025_Kamuning_p04.png
Kamuning,2025-10-22,10,2025-10-22 10:00,68,verified,Kamuning.pdf,4,2025_Oct16312025_Kamuning_p04.png
Kamuning,2025-10-22,11,2025-10-22 11:00,19,verified,Kamuning.pdf,4,2025_Oct16312025_Kamuning_p04.png
Kamuning,2025-10-22,12,2025-10-22 12:00,70,verified,Kamuning.pdf,4,2025_Oct16312025_Kamuning_p04.png
Kamuning,2025-10-22,13,2025-10-22 13:00,38,verified,Kamuning.pdf,4,2025_Oct16312025_Kamuning_p04.png
Kamuning,2025-10-22,14,2025-10-22 14:00,61,verified,Kamuning.pdf,4,2025_Oct16312025_Kamuning_p04.png
Kamuning,2025-10-22,15,2025-10-22 15:00,19,verified,Kamuning.pdf,4,2025_Oct16312025_Kamuning_p04.png
Kamuning,2025-10-22,16,2025-10-22 16:00,57,verified,Kamuning.pdf,4,2025_Oct16312025_Kamuning_p04.png
Kamuning,2025-10-22,17,2025-10-22 17:00,303,verified,Kamuning.pdf,4,2025_Oct16312025_Kamuning_p04.png
Kamuning,2025-10-22,18,2025-10-22 18:00,392,verified,Kamuning.pdf,4,2025_Oct16312025_Kamuning_p04.png
Kamuning,2025-10-22,19,2025-10-22 19:00,138,verified,Kamuning.pdf,4,2025_Oct16312025_Kamuning_p04.png
Kamuning,2025-10-22,20,2025-10-22 20:00,86,verified,Kamuning.pdf,4,2025_Oct16312025_Kamuning_p04.png
Kamuning,2025-10-22,21,2025-10-22 21:00,53,verified,Kamuning.pdf,4,2025_Oct16312025_Kamuning_p04.png
Kamuning,2025-10-22,22,2025-10-22 22:00,31,verified,Kamuning.pdf,4,2025_Oct16312025_Kamuning_p04.png
Kamuning,2025-10-22,23,2025-10-22 23:00,16,verified,Kamuning.pdf,4,2025_Oct16312025_Kamuning_p04.png
Kamuning,2025-10-22,0,2025-10-23 00:00,12,verified,Kamuning.pdf,4,2025_Oct16312025_Kamuning_p04.png
Kamuning,2025-10-22,1,2025-10-23 01:00,29,verified,Kamuning.pdf,4,2025_Oct16312025_Kamuning_p04.png
Kamuning,2025-10-22,2,2025-10-23 02:00,27,verified,Kamuning.pdf,4,2025_Oct16312025_Kamuning_p04.png
Kamuning,2025-10-22,3,2025-10-23 03:00,41,verified,Kamuning.pdf,4,2025_Oct16312025_Kamuning_p04.png
Kamuning,2025-10-22,4,2025-10-23 04:00,54,verified,Kamuning.pdf,4,2025_Oct16312025_Kamuning_p04.png
Kamuning,2025-10-22,5,2025-10-23 05:00,62,verified,Kamuning.pdf,4,2025_Oct16312025_Kamuning_p04.png
Kamuning,2025-10-23,6,2025-10-23 06:00,235,verified,Kamuning.pdf,5,2025_Oct16312025_Kamuning_p05.png
Kamuning,2025-10-23,7,2025-10-23 07:00,178,verified,Kamuning.pdf,5,2025_Oct16312025_Kamuning_p05.png
Kamuning,2025-10-23,8,2025-10-23 08:00,123,verified,Kamuning.pdf,5,2025_Oct16312025_Kamuning_p05.png
Kamuning,2025-10-23,9,2025-10-23 09:00,94,verified,Kamuning.pdf,5,2025_Oct16312025_Kamuning_p05.png
Kamuning,2025-10-23,10,2025-10-23 10:00,67,verified,Kamuning.pdf,5,2025_Oct16312025_Kamuning_p05.png
Kamuning,2025-10-23,11,2025-10-23 11:00,51,verified,Kamuning.pdf,5,2025_Oct16312025_Kamuning_p05.png
Kamuning,2025-10-23,12,2025-10-23 12:00,65,verified,Kamuning.pdf,5,2025_Oct16312025_Kamuning_p05.png
Kamuning,2025-10-23,13,2025-10-23 13:00,84,verified,Kamuning.pdf,5,2025_Oct16312025_Kamuning_p05.png
Kamuning,2025-10-23,14,2025-10-23 14:00,78,verified,Kamuning.pdf,5,2025_Oct16312025_Kamuning_p05.png
Kamuning,2025-10-23,15,2025-10-23 15:00,243,verified,Kamuning.pdf,5,2025_Oct16312025_Kamuning_p05.png
Kamuning,2025-10-23,16,2025-10-23 16:00,195,verified,Kamuning.pdf,5,2025_Oct16312025_Kamuning_p05.png
Kamuning,2025-10-23,17,2025-10-23 17:00,198,verified,Kamuning.pdf,5,2025_Oct16312025_Kamuning_p05.png
Kamuning,2025-10-23,18,2025-10-23 18:00,374,verified,Kamuning.pdf,5,2025_Oct16312025_Kamuning_p05.png
Kamuning,2025-10-23,19,2025-10-23 19:00,136,verified,Kamuning.pdf,5,2025_Oct16312025_Kamuning_p05.png
Kamuning,2025-10-23,20,2025-10-23 20:00,73,verified,Kamuning.pdf,5,2025_Oct16312025_Kamuning_p05.png
Kamuning,2025-10-23,21,2025-10-23 21:00,78,verified,Kamuning.pdf,5,2025_Oct16312025_Kamuning_p05.png
Kamuning,2025-10-23,22,2025-10-23 22:00,62,verified,Kamuning.pdf,5,2025_Oct16312025_Kamuning_p05.png
Kamuning,2025-10-23,23,2025-10-23 23:00,56,verified,Kamuning.pdf,5,2025_Oct16312025_Kamuning_p05.png
Kamuning,2025-10-23,0,2025-10-24 00:00,22,verified,Kamuning.pdf,5,2025_Oct16312025_Kamuning_p05.png
Kamuning,2025-10-23,1,2025-10-24 01:00,18,verified,Kamuning.pdf,5,2025_Oct16312025_Kamuning_p05.png
Kamuning,2025-10-23,2,2025-10-24 02:00,14,verified,Kamuning.pdf,5,2025_Oct16312025_Kamuning_p05.png
Kamuning,2025-10-23,3,2025-10-24 03:00,44,verified,Kamuning.pdf,5,2025_Oct16312025_Kamuning_p05.png
Kamuning,2025-10-23,4,2025-10-24 04:00,33,verified,Kamuning.pdf,5,2025_Oct16312025_Kamuning_p05.png
Kamuning,2025-10-23,5,2025-10-24 05:00,165,verified,Kamuning.pdf,5,2025_Oct16312025_Kamuning_p05.png
Kamuning,2025-10-24,6,2025-10-24 06:00,200,verified,Kamuning.pdf,5,2025_Oct16312025_Kamuning_p05.png
Kamuning,2025-10-24,7,2025-10-24 07:00,132,verified,Kamuning.pdf,5,2025_Oct16312025_Kamuning_p05.png
Kamuning,2025-10-24,8,2025-10-24 08:00,83,verified,Kamuning.pdf,5,2025_Oct16312025_Kamuning_p05.png
Kamuning,2025-10-24,9,2025-10-24 09:00,93,verified,Kamuning.pdf,5,2025_Oct16312025_Kamuning_p05.png
Kamuning,2025-10-24,10,2025-10-24 10:00,65,verified,Kamuning.pdf,5,2025_Oct16312025_Kamuning_p05.png
Kamuning,2025-10-24,11,2025-10-24 11:00,79,verified,Kamuning.pdf,5,2025_Oct16312025_Kamuning_p05.png
Kamuning,2025-10-24,12,2025-10-24 12:00,81,verified,Kamuning.pdf,5,2025_Oct16312025_Kamuning_p05.png
Kamuning,2025-10-24,13,2025-10-24 13:00,44,verified,Kamuning.pdf,5,2025_Oct16312025_Kamuning_p05.png
Kamuning,2025-10-24,14,2025-10-24 14:00,32,verified,Kamuning.pdf,5,2025_Oct16312025_Kamuning_p05.png
Kamuning,2025-10-24,15,2025-10-24 15:00,192,verified,Kamuning.pdf,5,2025_Oct16312025_Kamuning_p05.png
Kamuning,2025-10-24,16,2025-10-24 16:00,169,verified,Kamuning.pdf,5,2025_Oct16312025_Kamuning_p05.png
Kamuning,2025-10-24,17,2025-10-24 17:00,201,verified,Kamuning.pdf,5,2025_Oct16312025_Kamuning_p05.png
Kamuning,2025-10-24,18,2025-10-24 18:00,386,verified,Kamuning.pdf,5,2025_Oct16312025_Kamuning_p05.png
Kamuning,2025-10-24,19,2025-10-24 19:00,287,verified,Kamuning.pdf,5,2025_Oct16312025_Kamuning_p05.png
Kamuning,2025-10-24,20,2025-10-24 20:00,112,verified,Kamuning.pdf,5,2025_Oct16312025_Kamuning_p05.png
Kamuning,2025-10-24,21,2025-10-24 21:00,87,verified,Kamuning.pdf,5,2025_Oct16312025_Kamuning_p05.png
Kamuning,2025-10-24,22,2025-10-24 22:00,59,verified,Kamuning.pdf,5,2025_Oct16312025_Kamuning_p05.png
Kamuning,2025-10-24,23,2025-10-24 23:00,28,verified,Kamuning.pdf,5,2025_Oct16312025_Kamuning_p05.png
Kamuning,2025-10-24,0,2025-10-25 00:00,33,verified,Kamuning.pdf,5,2025_Oct16312025_Kamuning_p05.png
Kamuning,2025-10-24,1,2025-10-25 01:00,20,verified,Kamuning.pdf,5,2025_Oct16312025_Kamuning_p05.png
Kamuning,2025-10-24,2,2025-10-25 02:00,49,verified,Kamuning.pdf,5,2025_Oct16312025_Kamuning_p05.png
Kamuning,2025-10-24,3,2025-10-25 03:00,110,verified,Kamuning.pdf,5,2025_Oct16312025_Kamuning_p05.png
Kamuning,2025-10-24,4,2025-10-25 04:00,186,verified,Kamuning.pdf,5,2025_Oct16312025_Kamuning_p05.png
Kamuning,2025-10-24,5,2025-10-25 05:00,146,verified,Kamuning.pdf,5,2025_Oct16312025_Kamuning_p05.png
Kamuning,2025-10-25,6,2025-10-25 06:00,110,verified,Kamuning.pdf,6,2025_Oct16312025_Kamuning_p06.png
Kamuning,2025-10-25,7,2025-10-25 07:00,92,verified,Kamuning.pdf,6,2025_Oct16312025_Kamuning_p06.png
Kamuning,2025-10-25,8,2025-10-25 08:00,52,verified,Kamuning.pdf,6,2025_Oct16312025_Kamuning_p06.png
Kamuning,2025-10-25,9,2025-10-25 09:00,43,verified,Kamuning.pdf,6,2025_Oct16312025_Kamuning_p06.png
Kamuning,2025-10-25,10,2025-10-25 10:00,39,verified,Kamuning.pdf,6,2025_Oct16312025_Kamuning_p06.png
Kamuning,2025-10-25,11,2025-10-25 11:00,81,verified,Kamuning.pdf,6,2025_Oct16312025_Kamuning_p06.png
Kamuning,2025-10-25,12,2025-10-25 12:00,39,verified,Kamuning.pdf,6,2025_Oct16312025_Kamuning_p06.png
Kamuning,2025-10-25,13,2025-10-25 13:00,48,verified,Kamuning.pdf,6,2025_Oct16312025_Kamuning_p06.png
Kamuning,2025-10-25,14,2025-10-25 14:00,57,verified,Kamuning.pdf,6,2025_Oct16312025_Kamuning_p06.png
Kamuning,2025-10-25,15,2025-10-25 15:00,101,verified,Kamuning.pdf,6,2025_Oct16312025_Kamuning_p06.png
Kamuning,2025-10-25,16,2025-10-25 16:00,99,verified,Kamuning.pdf,6,2025_Oct16312025_Kamuning_p06.png
Kamuning,2025-10-25,17,2025-10-25 17:00,150,verified,Kamuning.pdf,6,2025_Oct16312025_Kamuning_p06.png
Kamuning,2025-10-25,18,2025-10-25 18:00,126,verified,Kamuning.pdf,6,2025_Oct16312025_Kamuning_p06.png
Kamuning,2025-10-25,19,2025-10-25 19:00,85,verified,Kamuning.pdf,6,2025_Oct16312025_Kamuning_p06.png
Kamuning,2025-10-25,20,2025-10-25 20:00,76,verified,Kamuning.pdf,6,2025_Oct16312025_Kamuning_p06.png
Kamuning,2025-10-25,21,2025-10-25 21:00,53,verified,Kamuning.pdf,6,2025_Oct16312025_Kamuning_p06.png
Kamuning,2025-10-25,22,2025-10-25 22:00,34,verified,Kamuning.pdf,6,2025_Oct16312025_Kamuning_p06.png
Kamuning,2025-10-25,23,2025-10-25 23:00,37,verified,Kamuning.pdf,6,2025_Oct16312025_Kamuning_p06.png
Kamuning,2025-10-25,0,2025-10-26 00:00,26,verified,Kamuning.pdf,6,2025_Oct16312025_Kamuning_p06.png
Kamuning,2025-10-25,1,2025-10-26 01:00,18,verified,Kamuning.pdf,6,2025_Oct16312025_Kamuning_p06.png
Kamuning,2025-10-25,2,2025-10-26 02:00,45,verified,Kamuning.pdf,6,2025_Oct16312025_Kamuning_p06.png
Kamuning,2025-10-25,3,2025-10-26 03:00,41,verified,Kamuning.pdf,6,2025_Oct16312025_Kamuning_p06.png
Kamuning,2025-10-25,4,2025-10-26 04:00,57,verified,Kamuning.pdf,6,2025_Oct16312025_Kamuning_p06.png
Kamuning,2025-10-25,5,2025-10-26 05:00,53,verified,Kamuning.pdf,6,2025_Oct16312025_Kamuning_p06.png
Kamuning,2025-10-26,6,2025-10-26 06:00,58,verified,Kamuning.pdf,6,2025_Oct16312025_Kamuning_p06.png
Kamuning,2025-10-26,7,2025-10-26 07:00,81,verified,Kamuning.pdf,6,2025_Oct16312025_Kamuning_p06.png
Kamuning,2025-10-26,8,2025-10-26 08:00,39,verified,Kamuning.pdf,6,2025_Oct16312025_Kamuning_p06.png
Kamuning,2025-10-26,9,2025-10-26 09:00,67,verified,Kamuning.pdf,6,2025_Oct16312025_Kamuning_p06.png
Kamuning,2025-10-26,10,2025-10-26 10:00,59,verified,Kamuning.pdf,6,2025_Oct16312025_Kamuning_p06.png
Kamuning,2025-10-26,11,2025-10-26 11:00,72,verified,Kamuning.pdf,6,2025_Oct16312025_Kamuning_p06.png
Kamuning,2025-10-26,12,2025-10-26 12:00,43,verified,Kamuning.pdf,6,2025_Oct16312025_Kamuning_p06.png
Kamuning,2025-10-26,13,2025-10-26 13:00,61,verified,Kamuning.pdf,6,2025_Oct16312025_Kamuning_p06.png
Kamuning,2025-10-26,14,2025-10-26 14:00,52,verified,Kamuning.pdf,6,2025_Oct16312025_Kamuning_p06.png
Kamuning,2025-10-26,15,2025-10-26 15:00,99,verified,Kamuning.pdf,6,2025_Oct16312025_Kamuning_p06.png
Kamuning,2025-10-26,16,2025-10-26 16:00,102,verified,Kamuning.pdf,6,2025_Oct16312025_Kamuning_p06.png
Kamuning,2025-10-26,17,2025-10-26 17:00,98,verified,Kamuning.pdf,6,2025_Oct16312025_Kamuning_p06.png
Kamuning,2025-10-26,18,2025-10-26 18:00,100,verified,Kamuning.pdf,6,2025_Oct16312025_Kamuning_p06.png
Kamuning,2025-10-26,19,2025-10-26 19:00,75,verified,Kamuning.pdf,6,2025_Oct16312025_Kamuning_p06.png
Kamuning,2025-10-26,20,2025-10-26 20:00,131,verified,Kamuning.pdf,6,2025_Oct16312025_Kamuning_p06.png
Kamuning,2025-10-26,21,2025-10-26 21:00,266,verified,Kamuning.pdf,6,2025_Oct16312025_Kamuning_p06.png
Kamuning,2025-10-26,22,2025-10-26 22:00,147,verified,Kamuning.pdf,6,2025_Oct16312025_Kamuning_p06.png
Kamuning,2025-10-26,23,2025-10-26 23:00,26,verified,Kamuning.pdf,6,2025_Oct16312025_Kamuning_p06.png
Kamuning,2025-10-26,0,2025-10-27 00:00,21,verified,Kamuning.pdf,6,2025_Oct16312025_Kamuning_p06.png
Kamuning,2025-10-26,1,2025-10-27 01:00,10,verified,Kamuning.pdf,6,2025_Oct16312025_Kamuning_p06.png
Kamuning,2025-10-26,2,2025-10-27 02:00,11,verified,Kamuning.pdf,6,2025_Oct16312025_Kamuning_p06.png
Kamuning,2025-10-26,3,2025-10-27 03:00,150,verified,Kamuning.pdf,6,2025_Oct16312025_Kamuning_p06.png
Kamuning,2025-10-26,4,2025-10-27 04:00,257,verified,Kamuning.pdf,6,2025_Oct16312025_Kamuning_p06.png
Kamuning,2025-10-26,5,2025-10-27 05:00,138,verified,Kamuning.pdf,6,2025_Oct16312025_Kamuning_p06.png
Kamuning,2025-10-27,6,2025-10-27 06:00,158,verified,Kamuning.pdf,7,2025_Oct16312025_Kamuning_p07.png
Kamuning,2025-10-27,7,2025-10-27 07:00,200,verified,Kamuning.pdf,7,2025_Oct16312025_Kamuning_p07.png
Kamuning,2025-10-27,8,2025-10-27 08:00,146,verified,Kamuning.pdf,7,2025_Oct16312025_Kamuning_p07.png
Kamuning,2025-10-27,9,2025-10-27 09:00,40,verified,Kamuning.pdf,7,2025_Oct16312025_Kamuning_p07.png
Kamuning,2025-10-27,10,2025-10-27 10:00,39,verified,Kamuning.pdf,7,2025_Oct16312025_Kamuning_p07.png
Kamuning,2025-10-27,11,2025-10-27 11:00,59,verified,Kamuning.pdf,7,2025_Oct16312025_Kamuning_p07.png
Kamuning,2025-10-27,12,2025-10-27 12:00,64,verified,Kamuning.pdf,7,2025_Oct16312025_Kamuning_p07.png
Kamuning,2025-10-27,13,2025-10-27 13:00,92,verified,Kamuning.pdf,7,2025_Oct16312025_Kamuning_p07.png
Kamuning,2025-10-27,14,2025-10-27 14:00,86,verified,Kamuning.pdf,7,2025_Oct16312025_Kamuning_p07.png
Kamuning,2025-10-27,15,2025-10-27 15:00,132,verified,Kamuning.pdf,7,2025_Oct16312025_Kamuning_p07.png
Kamuning,2025-10-27,16,2025-10-27 16:00,201,verified,Kamuning.pdf,7,2025_Oct16312025_Kamuning_p07.png
Kamuning,2025-10-27,17,2025-10-27 17:00,180,verified,Kamuning.pdf,7,2025_Oct16312025_Kamuning_p07.png
Kamuning,2025-10-27,18,2025-10-27 18:00,247,verified,Kamuning.pdf,7,2025_Oct16312025_Kamuning_p07.png
Kamuning,2025-10-27,19,2025-10-27 19:00,210,verified,Kamuning.pdf,7,2025_Oct16312025_Kamuning_p07.png
Kamuning,2025-10-27,20,2025-10-27 20:00,106,verified,Kamuning.pdf,7,2025_Oct16312025_Kamuning_p07.png
Kamuning,2025-10-27,21,2025-10-27 21:00,128,verified,Kamuning.pdf,7,2025_Oct16312025_Kamuning_p07.png
Kamuning,2025-10-27,22,2025-10-27 22:00,51,verified,Kamuning.pdf,7,2025_Oct16312025_Kamuning_p07.png
Kamuning,2025-10-27,23,2025-10-27 23:00,45,verified,Kamuning.pdf,7,2025_Oct16312025_Kamuning_p07.png
Kamuning,2025-10-27,0,2025-10-28 00:00,25,verified,Kamuning.pdf,7,2025_Oct16312025_Kamuning_p07.png
Kamuning,2025-10-27,1,2025-10-28 01:00,12,verified,Kamuning.pdf,7,2025_Oct16312025_Kamuning_p07.png
Kamuning,2025-10-27,2,2025-10-28 02:00,8,verified,Kamuning.pdf,7,2025_Oct16312025_Kamuning_p07.png
Kamuning,2025-10-27,3,2025-10-28 03:00,9,verified,Kamuning.pdf,7,2025_Oct16312025_Kamuning_p07.png
Kamuning,2025-10-27,4,2025-10-28 04:00,34,verified,Kamuning.pdf,7,2025_Oct16312025_Kamuning_p07.png
Kamuning,2025-10-27,5,2025-10-28 05:00,59,verified,Kamuning.pdf,7,2025_Oct16312025_Kamuning_p07.png
Kamuning,2025-10-28,6,2025-10-28 06:00,158,verified,Kamuning.pdf,7,2025_Oct16312025_Kamuning_p07.png
Kamuning,2025-10-28,7,2025-10-28 07:00,200,verified,Kamuning.pdf,7,2025_Oct16312025_Kamuning_p07.png
Kamuning,2025-10-28,8,2025-10-28 08:00,146,verified,Kamuning.pdf,7,2025_Oct16312025_Kamuning_p07.png
Kamuning,2025-10-28,9,2025-10-28 09:00,40,verified,Kamuning.pdf,7,2025_Oct16312025_Kamuning_p07.png
Kamuning,2025-10-28,10,2025-10-28 10:00,39,verified,Kamuning.pdf,7,2025_Oct16312025_Kamuning_p07.png
Kamuning,2025-10-28,11,2025-10-28 11:00,59,verified,Kamuning.pdf,7,2025_Oct16312025_Kamuning_p07.png
Kamuning,2025-10-28,12,2025-10-28 12:00,64,verified,Kamuning.pdf,7,2025_Oct16312025_Kamuning_p07.png
Kamuning,2025-10-28,13,2025-10-28 13:00,92,verified,Kamuning.pdf,7,2025_Oct16312025_Kamuning_p07.png
Kamuning,2025-10-28,14,2025-10-28 14:00,86,verified,Kamuning.pdf,7,2025_Oct16312025_Kamuning_p07.png
Kamuning,2025-10-28,15,2025-10-28 15:00,132,verified,Kamuning.pdf,7,2025_Oct16312025_Kamuning_p07.png
Kamuning,2025-10-28,16,2025-10-28 16:00,201,verified,Kamuning.pdf,7,2025_Oct16312025_Kamuning_p07.png
Kamuning,2025-10-28,17,2025-10-28 17:00,180,verified,Kamuning.pdf,7,2025_Oct16312025_Kamuning_p07.png
Kamuning,2025-10-28,18,2025-10-28 18:00,387,verified,Kamuning.pdf,7,2025_Oct16312025_Kamuning_p07.png
Kamuning,2025-10-28,19,2025-10-28 19:00,176,verified,Kamuning.pdf,7,2025_Oct16312025_Kamuning_p07.png
Kamuning,2025-10-28,20,2025-10-28 20:00,87,verified,Kamuning.pdf,7,2025_Oct16312025_Kamuning_p07.png
Kamuning,2025-10-28,21,2025-10-28 21:00,64,verified,Kamuning.pdf,7,2025_Oct16312025_Kamuning_p07.png
Kamuning,2025-10-28,22,2025-10-28 22:00,44,verified,Kamuning.pdf,7,2025_Oct16312025_Kamuning_p07.png
Kamuning,2025-10-28,23,2025-10-28 23:00,38,verified,Kamuning.pdf,7,2025_Oct16312025_Kamuning_p07.png
Kamuning,2025-10-28,0,2025-10-29 00:00,29,verified,Kamuning.pdf,7,2025_Oct16312025_Kamuning_p07.png
Kamuning,2025-10-28,1,2025-10-29 01:00,23,verified,Kamuning.pdf,7,2025_Oct16312025_Kamuning_p07.png
Kamuning,2025-10-28,2,2025-10-29 02:00,25,verified,Kamuning.pdf,7,2025_Oct16312025_Kamuning_p07.png
Kamuning,2025-10-28,3,2025-10-29 03:00,67,verified,Kamuning.pdf,7,2025_Oct16312025_Kamuning_p07.png
Kamuning,2025-10-28,4,2025-10-29 04:00,52,verified,Kamuning.pdf,7,2025_Oct16312025_Kamuning_p07.png
Kamuning,2025-10-28,5,2025-10-29 05:00,43,verified,Kamuning.pdf,7,2025_Oct16312025_Kamuning_p07.png
Kamuning,2025-10-29,6,2025-10-29 06:00,71,verified,Kamuning.pdf,8,2025_Oct16312025_Kamuning_p08.png
Kamuning,2025-10-29,7,2025-10-29 07:00,91,verified,Kamuning.pdf,8,2025_Oct16312025_Kamuning_p08.png
Kamuning,2025-10-29,8,2025-10-29 08:00,33,verified,Kamuning.pdf,8,2025_Oct16312025_Kamuning_p08.png
Kamuning,2025-10-29,9,2025-10-29 09:00,41,verified,Kamuning.pdf,8,2025_Oct16312025_Kamuning_p08.png
Kamuning,2025-10-29,10,2025-10-29 10:00,29,verified,Kamuning.pdf,8,2025_Oct16312025_Kamuning_p08.png
Kamuning,2025-10-29,11,2025-10-29 11:00,51,verified,Kamuning.pdf,8,2025_Oct16312025_Kamuning_p08.png
Kamuning,2025-10-29,12,2025-10-29 12:00,62,verified,Kamuning.pdf,8,2025_Oct16312025_Kamuning_p08.png
Kamuning,2025-10-29,13,2025-10-29 13:00,73,verified,Kamuning.pdf,8,2025_Oct16312025_Kamuning_p08.png
Kamuning,2025-10-29,14,2025-10-29 14:00,61,verified,Kamuning.pdf,8,2025_Oct16312025_Kamuning_p08.png
Kamuning,2025-10-29,15,2025-10-29 15:00,101,verified,Kamuning.pdf,8,2025_Oct16312025_Kamuning_p08.png
Kamuning,2025-10-29,16,2025-10-29 16:00,98,verified,Kamuning.pdf,8,2025_Oct16312025_Kamuning_p08.png
Kamuning,2025-10-29,17,2025-10-29 17:00,109,verified,Kamuning.pdf,8,2025_Oct16312025_Kamuning_p08.png
Kamuning,2025-10-29,18,2025-10-29 18:00,402,verified,Kamuning.pdf,8,2025_Oct16312025_Kamuning_p08.png
Kamuning,2025-10-29,19,2025-10-29 19:00,186,verified,Kamuning.pdf,8,2025_Oct16312025_Kamuning_p08.png
Kamuning,2025-10-29,20,2025-10-29 20:00,140,verified,Kamuning.pdf,8,2025_Oct16312025_Kamuning_p08.png
Kamuning,2025-10-29,21,2025-10-29 21:00,97,verified,Kamuning.pdf,8,2025_Oct16312025_Kamuning_p08.png
Kamuning,2025-10-29,22,2025-10-29 22:00,110,verified,Kamuning.pdf,8,2025_Oct16312025_Kamuning_p08.png
Kamuning,2025-10-29,23,2025-10-29 23:00,38,verified,Kamuning.pdf,8,2025_Oct16312025_Kamuning_p08.png
Kamuning,2025-10-29,0,2025-10-30 00:00,64,verified,Kamuning.pdf,8,2025_Oct16312025_Kamuning_p08.png
Kamuning,2025-10-29,1,2025-10-30 01:00,29,verified,Kamuning.pdf,8,2025_Oct16312025_Kamuning_p08.png
Kamuning,2025-10-29,2,2025-10-30 02:00,41,verified,Kamuning.pdf,8,2025_Oct16312025_Kamuning_p08.png
Kamuning,2025-10-29,3,2025-10-30 03:00,81,verified,Kamuning.pdf,8,2025_Oct16312025_Kamuning_p08.png
Kamuning,2025-10-29,4,2025-10-30 04:00,52,verified,Kamuning.pdf,8,2025_Oct16312025_Kamuning_p08.png
Kamuning,2025-10-29,5,2025-10-30 05:00,45,verified,Kamuning.pdf,8,2025_Oct16312025_Kamuning_p08.png
Kamuning,2025-10-30,6,2025-10-30 06:00,115,verified,Kamuning.pdf,8,2025_Oct16312025_Kamuning_p08.png
Kamuning,2025-10-30,7,2025-10-30 07:00,98,verified,Kamuning.pdf,8,2025_Oct16312025_Kamuning_p08.png
Kamuning,2025-10-30,8,2025-10-30 08:00,61,verified,Kamuning.pdf,8,2025_Oct16312025_Kamuning_p08.png
Kamuning,2025-10-30,9,2025-10-30 09:00,94,verified,Kamuning.pdf,8,2025_Oct16312025_Kamuning_p08.png
Kamuning,2025-10-30,10,2025-10-30 10:00,63,verified,Kamuning.pdf,8,2025_Oct16312025_Kamuning_p08.png
Kamuning,2025-10-30,11,2025-10-30 11:00,49,verified,Kamuning.pdf,8,2025_Oct16312025_Kamuning_p08.png
Kamuning,2025-10-30,12,2025-10-30 12:00,101,verified,Kamuning.pdf,8,2025_Oct16312025_Kamuning_p08.png
Kamuning,2025-10-30,13,2025-10-30 13:00,91,verified,Kamuning.pdf,8,2025_Oct16312025_Kamuning_p08.png
Kamuning,2025-10-30,14,2025-10-30 14:00,89,verified,Kamuning.pdf,8,2025_Oct16312025_Kamuning_p08.png
Kamuning,2025-10-30,15,2025-10-30 15:00,102,verified,Kamuning.pdf,8,2025_Oct16312025_Kamuning_p08.png
Kamuning,2025-10-30,16,2025-10-30 16:00,149,verified,Kamuning.pdf,8,2025_Oct16312025_Kamuning_p08.png
Kamuning,2025-10-30,17,2025-10-30 17:00,163,verified,Kamuning.pdf,8,2025_Oct16312025_Kamuning_p08.png
Kamuning,2025-10-30,18,2025-10-30 18:00,365,verified,Kamuning.pdf,8,2025_Oct16312025_Kamuning_p08.png
Kamuning,2025-10-30,19,2025-10-30 19:00,177,verified,Kamuning.pdf,8,2025_Oct16312025_Kamuning_p08.png
Kamuning,2025-10-30,20,2025-10-30 20:00,66,verified,Kamuning.pdf,8,2025_Oct16312025_Kamuning_p08.png
Kamuning,2025-10-30,21,2025-10-30 21:00,163,verified,Kamuning.pdf,8,2025_Oct16312025_Kamuning_p08.png
Kamuning,2025-10-30,22,2025-10-30 22:00,103,verified,Kamuning.pdf,8,2025_Oct16312025_Kamuning_p08.png
Kamuning,2025-10-30,23,2025-10-30 23:00,44,verified,Kamuning.pdf,8,2025_Oct16312025_Kamuning_p08.png
Kamuning,2025-10-30,0,2025-10-31 00:00,42,verified,Kamuning.pdf,8,2025_Oct16312025_Kamuning_p08.png
Kamuning,2025-10-30,1,2025-10-31 01:00,14,verified,Kamuning.pdf,8,2025_Oct16312025_Kamuning_p08.png
Kamuning,2025-10-30,2,2025-10-31 02:00,24,verified,Kamuning.pdf,8,2025_Oct16312025_Kamuning_p08.png
Kamuning,2025-10-30,3,2025-10-31 03:00,40,verified,Kamuning.pdf,8,2025_Oct16312025_Kamuning_p08.png
Kamuning,2025-10-30,4,2025-10-31 04:00,35,verified,Kamuning.pdf,8,2025_Oct16312025_Kamuning_p08.png
Kamuning,2025-10-30,5,2025-10-31 05:00,31,verified,Kamuning.pdf,8,2025_Oct16312025_Kamuning_p08.png
Kamuning,2025-10-31,6,2025-10-31 06:00,99,mismatch,Kamuning.pdf,9,2025_Oct16312025_Kamuning_p09.png
Kamuning,2025-10-31,7,2025-10-31 07:00,61,mismatch,Kamuning.pdf,9,2025_Oct16312025_Kamuning_p09.png
Kamuning,2025-10-31,8,2025-10-31 08:00,59,mismatch,Kamuning.pdf,9,2025_Oct16312025_Kamuning_p09.png
Kamuning,2025-10-31,9,2025-10-31 09:00,32,mismatch,Kamuning.pdf,9,2025_Oct16312025_Kamuning_p09.png
Kamuning,2025-10-31,10,2025-10-31 10:00,41,mismatch,Kamuning.pdf,9,2025_Oct16312025_Kamuning_p09.png
Kamuning,2025-10-31,11,2025-10-31 11:00,40,mismatch,Kamuning.pdf,9,2025_Oct16312025_Kamuning_p09.png
Kamuning,2025-10-31,12,2025-10-31 12:00,61,mismatch,Kamuning.pdf,9,2025_Oct16312025_Kamuning_p09.png
Kamuning,2025-10-31,13,2025-10-31 13:00,50,mismatch,Kamuning.pdf,9,2025_Oct16312025_Kamuning_p09.png
Kamuning,2025-10-31,14,2025-10-31 14:00,49,mismatch,Kamuning.pdf,9,2025_Oct16312025_Kamuning_p09.png
Kamuning,2025-10-31,15,2025-10-31 15:00,63,mismatch,Kamuning.pdf,9,2025_Oct16312025_Kamuning_p09.png
Kamuning,2025-10-31,16,2025-10-31 16:00,86,mismatch,Kamuning.pdf,9,2025_Oct16312025_Kamuning_p09.png
Kamuning,2025-10-31,17,2025-10-31 17:00,91,mismatch,Kamuning.pdf,9,2025_Oct16312025_Kamuning_p09.png
Kamuning,2025-10-31,18,2025-10-31 18:00,127,mismatch,Kamuning.pdf,9,2025_Oct16312025_Kamuning_p09.png
Kamuning,2025-10-31,19,2025-10-31 19:00,88,mismatch,Kamuning.pdf,9,2025_Oct16312025_Kamuning_p09.png
Kamuning,2025-10-31,20,2025-10-31 20:00,62,mismatch,Kamuning.pdf,9,2025_Oct16312025_Kamuning_p09.png
Kamuning,2025-10-31,21,2025-10-31 21:00,41,mismatch,Kamuning.pdf,9,2025_Oct16312025_Kamuning_p09.png
Kamuning,2025-10-31,22,2025-10-31 22:00,37,mismatch,Kamuning.pdf,9,2025_Oct16312025_Kamuning_p09.png
Kamuning,2025-10-31,23,2025-10-31 23:00,28,mismatch,Kamuning.pdf,9,2025_Oct16312025_Kamuning_p09.png
Kamuning,2025-10-31,0,2025-11-01 00:00,16,mismatch,Kamuning.pdf,9,2025_Oct16312025_Kamuning_p09.png
Kamuning,2025-10-31,1,2025-11-01 01:00,29,mismatch,Kamuning.pdf,9,2025_Oct16312025_Kamuning_p09.png
Kamuning,2025-10-31,2,2025-11-01 02:00,43,mismatch,Kamuning.pdf,9,2025_Oct16312025_Kamuning_p09.png
Kamuning,2025-10-31,3,2025-11-01 03:00,36,mismatch,Kamuning.pdf,9,2025_Oct16312025_Kamuning_p09.png
Kamuning,2025-10-31,4,2025-11-01 04:00,53,mismatch,Kamuning.pdf,9,2025_Oct16312025_Kamuning_p09.png
Kamuning,2025-10-31,5,2025-11-01 05:00,32,mismatch,Kamuning.pdf,9,2025_Oct16312025_Kamuning_p09.png
Kamuning,2025-11-01,6,2025-11-01 06:00,83,verified,110125-111525.pdf,1,2025_November1December15_110125-111525_p01.png
Kamuning,2025-11-01,7,2025-11-01 07:00,104,verified,110125-111525.pdf,1,2025_November1December15_110125-111525_p01.png
Kamuning,2025-11-01,8,2025-11-01 08:00,83,verified,110125-111525.pdf,1,2025_November1December15_110125-111525_p01.png
Kamuning,2025-11-01,9,2025-11-01 09:00,69,verified,110125-111525.pdf,1,2025_November1December15_110125-111525_p01.png
Kamuning,2025-11-01,10,2025-11-01 10:00,76,verified,110125-111525.pdf,1,2025_November1December15_110125-111525_p01.png
Kamuning,2025-11-01,11,2025-11-01 11:00,67,verified,110125-111525.pdf,1,2025_November1December15_110125-111525_p01.png
Kamuning,2025-11-01,12,2025-11-01 12:00,42,verified,110125-111525.pdf,1,2025_November1December15_110125-111525_p01.png
Kamuning,2025-11-01,13,2025-11-01 13:00,51,verified,110125-111525.pdf,1,2025_November1December15_110125-111525_p01.png
Kamuning,2025-11-01,14,2025-11-01 14:00,98,verified,110125-111525.pdf,1,2025_November1December15_110125-111525_p01.png
Kamuning,2025-11-01,15,2025-11-01 15:00,82,verified,110125-111525.pdf,1,2025_November1December15_110125-111525_p01.png
Kamuning,2025-11-01,16,2025-11-01 16:00,82,verified,110125-111525.pdf,1,2025_November1December15_110125-111525_p01.png
Kamuning,2025-11-01,17,2025-11-01 17:00,35,verified,110125-111525.pdf,1,2025_November1December15_110125-111525_p01.png
Kamuning,2025-11-01,18,2025-11-01 18:00,97,verified,110125-111525.pdf,1,2025_November1December15_110125-111525_p01.png
Kamuning,2025-11-01,19,2025-11-01 19:00,73,verified,110125-111525.pdf,1,2025_November1December15_110125-111525_p01.png
Kamuning,2025-11-01,20,2025-11-01 20:00,64,verified,110125-111525.pdf,1,2025_November1December15_110125-111525_p01.png
Kamuning,2025-11-01,21,2025-11-01 21:00,78,verified,110125-111525.pdf,1,2025_November1December15_110125-111525_p01.png
Kamuning,2025-11-01,22,2025-11-01 22:00,51,verified,110125-111525.pdf,1,2025_November1December15_110125-111525_p01.png
Kamuning,2025-11-01,23,2025-11-01 23:00,39,verified,110125-111525.pdf,1,2025_November1December15_110125-111525_p01.png
Kamuning,2025-11-01,0,2025-11-02 00:00,23,verified,110125-111525.pdf,1,2025_November1December15_110125-111525_p01.png
Kamuning,2025-11-01,1,2025-11-02 01:00,22,verified,110125-111525.pdf,1,2025_November1December15_110125-111525_p01.png
Kamuning,2025-11-01,2,2025-11-02 02:00,19,verified,110125-111525.pdf,1,2025_November1December15_110125-111525_p01.png
Kamuning,2025-11-01,3,2025-11-02 03:00,26,verified,110125-111525.pdf,1,2025_November1December15_110125-111525_p01.png
Kamuning,2025-11-01,4,2025-11-02 04:00,47,verified,110125-111525.pdf,1,2025_November1December15_110125-111525_p01.png
Kamuning,2025-11-01,5,2025-11-02 05:00,60,verified,110125-111525.pdf,1,2025_November1December15_110125-111525_p01.png
Kamuning,2025-11-02,6,2025-11-02 06:00,104,verified,110125-111525.pdf,1,2025_November1December15_110125-111525_p01.png
Kamuning,2025-11-02,7,2025-11-02 07:00,61,verified,110125-111525.pdf,1,2025_November1December15_110125-111525_p01.png
Kamuning,2025-11-02,8,2025-11-02 08:00,102,verified,110125-111525.pdf,1,2025_November1December15_110125-111525_p01.png
Kamuning,2025-11-02,9,2025-11-02 09:00,76,verified,110125-111525.pdf,1,2025_November1December15_110125-111525_p01.png
Kamuning,2025-11-02,10,2025-11-02 10:00,76,verified,110125-111525.pdf,1,2025_November1December15_110125-111525_p01.png
Kamuning,2025-11-02,11,2025-11-02 11:00,68,verified,110125-111525.pdf,1,2025_November1December15_110125-111525_p01.png
Kamuning,2025-11-02,12,2025-11-02 12:00,48,verified,110125-111525.pdf,1,2025_November1December15_110125-111525_p01.png
Kamuning,2025-11-02,13,2025-11-02 13:00,126,verified,110125-111525.pdf,1,2025_November1December15_110125-111525_p01.png
Kamuning,2025-11-02,14,2025-11-02 14:00,135,verified,110125-111525.pdf,1,2025_November1December15_110125-111525_p01.png
Kamuning,2025-11-02,15,2025-11-02 15:00,94,verified,110125-111525.pdf,1,2025_November1December15_110125-111525_p01.png
Kamuning,2025-11-02,16,2025-11-02 16:00,121,verified,110125-111525.pdf,1,2025_November1December15_110125-111525_p01.png
Kamuning,2025-11-02,17,2025-11-02 17:00,103,verified,110125-111525.pdf,1,2025_November1December15_110125-111525_p01.png
Kamuning,2025-11-02,18,2025-11-02 18:00,72,verified,110125-111525.pdf,1,2025_November1December15_110125-111525_p01.png
Kamuning,2025-11-02,19,2025-11-02 19:00,56,verified,110125-111525.pdf,1,2025_November1December15_110125-111525_p01.png
Kamuning,2025-11-02,20,2025-11-02 20:00,78,verified,110125-111525.pdf,1,2025_November1December15_110125-111525_p01.png
Kamuning,2025-11-02,21,2025-11-02 21:00,83,verified,110125-111525.pdf,1,2025_November1December15_110125-111525_p01.png
Kamuning,2025-11-02,22,2025-11-02 22:00,44,verified,110125-111525.pdf,1,2025_November1December15_110125-111525_p01.png
Kamuning,2025-11-02,23,2025-11-02 23:00,18,verified,110125-111525.pdf,1,2025_November1December15_110125-111525_p01.png
Kamuning,2025-11-02,0,2025-11-03 00:00,28,verified,110125-111525.pdf,1,2025_November1December15_110125-111525_p01.png
Kamuning,2025-11-02,1,2025-11-03 01:00,30,verified,110125-111525.pdf,1,2025_November1December15_110125-111525_p01.png
Kamuning,2025-11-02,2,2025-11-03 02:00,17,verified,110125-111525.pdf,1,2025_November1December15_110125-111525_p01.png
Kamuning,2025-11-02,3,2025-11-03 03:00,10,verified,110125-111525.pdf,1,2025_November1December15_110125-111525_p01.png
Kamuning,2025-11-02,4,2025-11-03 04:00,18,verified,110125-111525.pdf,1,2025_November1December15_110125-111525_p01.png
Kamuning,2025-11-02,5,2025-11-03 05:00,10,verified,110125-111525.pdf,1,2025_November1December15_110125-111525_p01.png
Kamuning,2025-11-03,6,2025-11-03 06:00,128,mismatch,110125-111525.pdf,2,2025_November1December15_110125-111525_p02.png
Kamuning,2025-11-03,7,2025-11-03 07:00,267,mismatch,110125-111525.pdf,2,2025_November1December15_110125-111525_p02.png
Kamuning,2025-11-03,8,2025-11-03 08:00,107,mismatch,110125-111525.pdf,2,2025_November1December15_110125-111525_p02.png
Kamuning,2025-11-03,9,2025-11-03 09:00,102,mismatch,110125-111525.pdf,2,2025_November1December15_110125-111525_p02.png
Kamuning,2025-11-03,10,2025-11-03 10:00,97,mismatch,110125-111525.pdf,2,2025_November1December15_110125-111525_p02.png
Kamuning,2025-11-03,11,2025-11-03 11:00,84,mismatch,110125-111525.pdf,2,2025_November1December15_110125-111525_p02.png
Kamuning,2025-11-03,12,2025-11-03 12:00,57,mismatch,110125-111525.pdf,2,2025_November1December15_110125-111525_p02.png
Kamuning,2025-11-03,13,2025-11-03 13:00,39,mismatch,110125-111525.pdf,2,2025_November1December15_110125-111525_p02.png
Kamuning,2025-11-03,14,2025-11-03 14:00,85,mismatch,110125-111525.pdf,2,2025_November1December15_110125-111525_p02.png
Kamuning,2025-11-03,15,2025-11-03 15:00,148,mismatch,110125-111525.pdf,2,2025_November1December15_110125-111525_p02.png
Kamuning,2025-11-03,16,2025-11-03 16:00,140,mismatch,110125-111525.pdf,2,2025_November1December15_110125-111525_p02.png
Kamuning,2025-11-03,17,2025-11-03 17:00,342,mismatch,110125-111525.pdf,2,2025_November1December15_110125-111525_p02.png
Kamuning,2025-11-03,18,2025-11-03 18:00,81,mismatch,110125-111525.pdf,2,2025_November1December15_110125-111525_p02.png
Kamuning,2025-11-03,19,2025-11-03 19:00,93,mismatch,110125-111525.pdf,2,2025_November1December15_110125-111525_p02.png
Kamuning,2025-11-03,20,2025-11-03 20:00,38,mismatch,110125-111525.pdf,2,2025_November1December15_110125-111525_p02.png
Kamuning,2025-11-03,21,2025-11-03 21:00,21,mismatch,110125-111525.pdf,2,2025_November1December15_110125-111525_p02.png
Kamuning,2025-11-03,22,2025-11-03 22:00,18,mismatch,110125-111525.pdf,2,2025_November1December15_110125-111525_p02.png
Kamuning,2025-11-03,23,2025-11-03 23:00,17,mismatch,110125-111525.pdf,2,2025_November1December15_110125-111525_p02.png
Kamuning,2025-11-03,0,2025-11-04 00:00,8,mismatch,110125-111525.pdf,2,2025_November1December15_110125-111525_p02.png
Kamuning,2025-11-03,1,2025-11-04 01:00,33,mismatch,110125-111525.pdf,2,2025_November1December15_110125-111525_p02.png
Kamuning,2025-11-03,2,2025-11-04 02:00,16,mismatch,110125-111525.pdf,2,2025_November1December15_110125-111525_p02.png
Kamuning,2025-11-03,3,2025-11-04 03:00,9,mismatch,110125-111525.pdf,2,2025_November1December15_110125-111525_p02.png
Kamuning,2025-11-03,4,2025-11-04 04:00,36,mismatch,110125-111525.pdf,2,2025_November1December15_110125-111525_p02.png
Kamuning,2025-11-03,5,2025-11-04 05:00,14,mismatch,110125-111525.pdf,2,2025_November1December15_110125-111525_p02.png
Kamuning,2025-11-04,6,2025-11-04 06:00,258,verified,110125-111525.pdf,2,2025_November1December15_110125-111525_p02.png
Kamuning,2025-11-04,7,2025-11-04 07:00,127,verified,110125-111525.pdf,2,2025_November1December15_110125-111525_p02.png
Kamuning,2025-11-04,8,2025-11-04 08:00,85,verified,110125-111525.pdf,2,2025_November1December15_110125-111525_p02.png
Kamuning,2025-11-04,9,2025-11-04 09:00,81,verified,110125-111525.pdf,2,2025_November1December15_110125-111525_p02.png
Kamuning,2025-11-04,10,2025-11-04 10:00,77,verified,110125-111525.pdf,2,2025_November1December15_110125-111525_p02.png
Kamuning,2025-11-04,11,2025-11-04 11:00,70,verified,110125-111525.pdf,2,2025_November1December15_110125-111525_p02.png
Kamuning,2025-11-04,12,2025-11-04 12:00,97,verified,110125-111525.pdf,2,2025_November1December15_110125-111525_p02.png
Kamuning,2025-11-04,13,2025-11-04 13:00,85,verified,110125-111525.pdf,2,2025_November1December15_110125-111525_p02.png
Kamuning,2025-11-04,14,2025-11-04 14:00,108,verified,110125-111525.pdf,2,2025_November1December15_110125-111525_p02.png
Kamuning,2025-11-04,15,2025-11-04 15:00,93,verified,110125-111525.pdf,2,2025_November1December15_110125-111525_p02.png
Kamuning,2025-11-04,16,2025-11-04 16:00,244,verified,110125-111525.pdf,2,2025_November1December15_110125-111525_p02.png
Kamuning,2025-11-04,17,2025-11-04 17:00,146,verified,110125-111525.pdf,2,2025_November1December15_110125-111525_p02.png
Kamuning,2025-11-04,18,2025-11-04 18:00,213,verified,110125-111525.pdf,2,2025_November1December15_110125-111525_p02.png
Kamuning,2025-11-04,19,2025-11-04 19:00,139,verified,110125-111525.pdf,2,2025_November1December15_110125-111525_p02.png
Kamuning,2025-11-04,20,2025-11-04 20:00,61,verified,110125-111525.pdf,2,2025_November1December15_110125-111525_p02.png
Kamuning,2025-11-04,21,2025-11-04 21:00,16,verified,110125-111525.pdf,2,2025_November1December15_110125-111525_p02.png
Kamuning,2025-11-04,22,2025-11-04 22:00,14,verified,110125-111525.pdf,2,2025_November1December15_110125-111525_p02.png
Kamuning,2025-11-04,23,2025-11-04 23:00,11,verified,110125-111525.pdf,2,2025_November1December15_110125-111525_p02.png
Kamuning,2025-11-04,0,2025-11-05 00:00,19,verified,110125-111525.pdf,2,2025_November1December15_110125-111525_p02.png
Kamuning,2025-11-04,1,2025-11-05 01:00,27,verified,110125-111525.pdf,2,2025_November1December15_110125-111525_p02.png
Kamuning,2025-11-04,2,2025-11-05 02:00,16,verified,110125-111525.pdf,2,2025_November1December15_110125-111525_p02.png
Kamuning,2025-11-04,3,2025-11-05 03:00,14,verified,110125-111525.pdf,2,2025_November1December15_110125-111525_p02.png
Kamuning,2025-11-04,4,2025-11-05 04:00,39,verified,110125-111525.pdf,2,2025_November1December15_110125-111525_p02.png
Kamuning,2025-11-04,5,2025-11-05 05:00,25,verified,110125-111525.pdf,2,2025_November1December15_110125-111525_p02.png
Kamuning,2025-11-05,6,2025-11-05 06:00,86,verified,110125-111525.pdf,3,2025_November1December15_110125-111525_p03.png
Kamuning,2025-11-05,7,2025-11-05 07:00,102,verified,110125-111525.pdf,3,2025_November1December15_110125-111525_p03.png
Kamuning,2025-11-05,8,2025-11-05 08:00,78,verified,110125-111525.pdf,3,2025_November1December15_110125-111525_p03.png
Kamuning,2025-11-05,9,2025-11-05 09:00,69,verified,110125-111525.pdf,3,2025_November1December15_110125-111525_p03.png
Kamuning,2025-11-05,10,2025-11-05 10:00,81,verified,110125-111525.pdf,3,2025_November1December15_110125-111525_p03.png
Kamuning,2025-11-05,11,2025-11-05 11:00,98,verified,110125-111525.pdf,3,2025_November1December15_110125-111525_p03.png
Kamuning,2025-11-05,12,2025-11-05 12:00,38,verified,110125-111525.pdf,3,2025_November1December15_110125-111525_p03.png
Kamuning,2025-11-05,13,2025-11-05 13:00,56,verified,110125-111525.pdf,3,2025_November1December15_110125-111525_p03.png
Kamuning,2025-11-05,14,2025-11-05 14:00,44,verified,110125-111525.pdf,3,2025_November1December15_110125-111525_p03.png
Kamuning,2025-11-05,15,2025-11-05 15:00,52,verified,110125-111525.pdf,3,2025_November1December15_110125-111525_p03.png
Kamuning,2025-11-05,16,2025-11-05 16:00,48,verified,110125-111525.pdf,3,2025_November1December15_110125-111525_p03.png
Kamuning,2025-11-05,17,2025-11-05 17:00,67,verified,110125-111525.pdf,3,2025_November1December15_110125-111525_p03.png
Kamuning,2025-11-05,18,2025-11-05 18:00,597,verified,110125-111525.pdf,3,2025_November1December15_110125-111525_p03.png
Kamuning,2025-11-05,19,2025-11-05 19:00,290,verified,110125-111525.pdf,3,2025_November1December15_110125-111525_p03.png
Kamuning,2025-11-05,20,2025-11-05 20:00,315,verified,110125-111525.pdf,3,2025_November1December15_110125-111525_p03.png
Kamuning,2025-11-05,21,2025-11-05 21:00,132,verified,110125-111525.pdf,3,2025_November1December15_110125-111525_p03.png
Kamuning,2025-11-05,22,2025-11-05 22:00,166,verified,110125-111525.pdf,3,2025_November1December15_110125-111525_p03.png
Kamuning,2025-11-05,23,2025-11-05 23:00,134,verified,110125-111525.pdf,3,2025_November1December15_110125-111525_p03.png
Kamuning,2025-11-05,0,2025-11-06 00:00,45,verified,110125-111525.pdf,3,2025_November1December15_110125-111525_p03.png
Kamuning,2025-11-05,1,2025-11-06 01:00,1,verified,110125-111525.pdf,3,2025_November1December15_110125-111525_p03.png
Kamuning,2025-11-05,2,2025-11-06 02:00,38,verified,110125-111525.pdf,3,2025_November1December15_110125-111525_p03.png
Kamuning,2025-11-05,3,2025-11-06 03:00,61,verified,110125-111525.pdf,3,2025_November1December15_110125-111525_p03.png
Kamuning,2025-11-05,4,2025-11-06 04:00,144,verified,110125-111525.pdf,3,2025_November1December15_110125-111525_p03.png
Kamuning,2025-11-05,5,2025-11-06 05:00,121,verified,110125-111525.pdf,3,2025_November1December15_110125-111525_p03.png
Kamuning,2025-11-06,6,2025-11-06 06:00,89,verified,110125-111525.pdf,3,2025_November1December15_110125-111525_p03.png
Kamuning,2025-11-06,7,2025-11-06 07:00,128,verified,110125-111525.pdf,3,2025_November1December15_110125-111525_p03.png
Kamuning,2025-11-06,8,2025-11-06 08:00,97,verified,110125-111525.pdf,3,2025_November1December15_110125-111525_p03.png
Kamuning,2025-11-06,9,2025-11-06 09:00,102,verified,110125-111525.pdf,3,2025_November1December15_110125-111525_p03.png
Kamuning,2025-11-06,10,2025-11-06 10:00,89,verified,110125-111525.pdf,3,2025_November1December15_110125-111525_p03.png
Kamuning,2025-11-06,11,2025-11-06 11:00,72,verified,110125-111525.pdf,3,2025_November1December15_110125-111525_p03.png
Kamuning,2025-11-06,12,2025-11-06 12:00,81,verified,110125-111525.pdf,3,2025_November1December15_110125-111525_p03.png
Kamuning,2025-11-06,13,2025-11-06 13:00,96,verified,110125-111525.pdf,3,2025_November1December15_110125-111525_p03.png
Kamuning,2025-11-06,14,2025-11-06 14:00,67,verified,110125-111525.pdf,3,2025_November1December15_110125-111525_p03.png
Kamuning,2025-11-06,15,2025-11-06 15:00,86,verified,110125-111525.pdf,3,2025_November1December15_110125-111525_p03.png
Kamuning,2025-11-06,16,2025-11-06 16:00,73,verified,110125-111525.pdf,3,2025_November1December15_110125-111525_p03.png
Kamuning,2025-11-06,17,2025-11-06 17:00,112,verified,110125-111525.pdf,3,2025_November1December15_110125-111525_p03.png
Kamuning,2025-11-06,18,2025-11-06 18:00,750,verified,110125-111525.pdf,3,2025_November1December15_110125-111525_p03.png
Kamuning,2025-11-06,19,2025-11-06 19:00,180,verified,110125-111525.pdf,3,2025_November1December15_110125-111525_p03.png
Kamuning,2025-11-06,20,2025-11-06 20:00,280,verified,110125-111525.pdf,3,2025_November1December15_110125-111525_p03.png
Kamuning,2025-11-06,21,2025-11-06 21:00,445,verified,110125-111525.pdf,3,2025_November1December15_110125-111525_p03.png
Kamuning,2025-11-06,22,2025-11-06 22:00,106,verified,110125-111525.pdf,3,2025_November1December15_110125-111525_p03.png
Kamuning,2025-11-06,23,2025-11-06 23:00,119,verified,110125-111525.pdf,3,2025_November1December15_110125-111525_p03.png
Kamuning,2025-11-06,0,2025-11-07 00:00,51,verified,110125-111525.pdf,3,2025_November1December15_110125-111525_p03.png
Kamuning,2025-11-06,1,2025-11-07 01:00,37,verified,110125-111525.pdf,3,2025_November1December15_110125-111525_p03.png
Kamuning,2025-11-06,2,2025-11-07 02:00,44,verified,110125-111525.pdf,3,2025_November1December15_110125-111525_p03.png
Kamuning,2025-11-06,3,2025-11-07 03:00,70,verified,110125-111525.pdf,3,2025_November1December15_110125-111525_p03.png
Kamuning,2025-11-06,4,2025-11-07 04:00,97,verified,110125-111525.pdf,3,2025_November1December15_110125-111525_p03.png
Kamuning,2025-11-06,5,2025-11-07 05:00,141,verified,110125-111525.pdf,3,2025_November1December15_110125-111525_p03.png
Kamuning,2025-11-07,6,2025-11-07 06:00,180,verified,110125-111525.pdf,4,2025_November1December15_110125-111525_p04.png
Kamuning,2025-11-07,7,2025-11-07 07:00,162,verified,110125-111525.pdf,4,2025_November1December15_110125-111525_p04.png
Kamuning,2025-11-07,8,2025-11-07 08:00,130,verified,110125-111525.pdf,4,2025_November1December15_110125-111525_p04.png
Kamuning,2025-11-07,9,2025-11-07 09:00,98,verified,110125-111525.pdf,4,2025_November1December15_110125-111525_p04.png
Kamuning,2025-11-07,10,2025-11-07 10:00,168,verified,110125-111525.pdf,4,2025_November1December15_110125-111525_p04.png
Kamuning,2025-11-07,11,2025-11-07 11:00,80,verified,110125-111525.pdf,4,2025_November1December15_110125-111525_p04.png
Kamuning,2025-11-07,12,2025-11-07 12:00,98,verified,110125-111525.pdf,4,2025_November1December15_110125-111525_p04.png
Kamuning,2025-11-07,13,2025-11-07 13:00,132,verified,110125-111525.pdf,4,2025_November1December15_110125-111525_p04.png
Kamuning,2025-11-07,14,2025-11-07 14:00,126,verified,110125-111525.pdf,4,2025_November1December15_110125-111525_p04.png
Kamuning,2025-11-07,15,2025-11-07 15:00,157,verified,110125-111525.pdf,4,2025_November1December15_110125-111525_p04.png
Kamuning,2025-11-07,16,2025-11-07 16:00,240,verified,110125-111525.pdf,4,2025_November1December15_110125-111525_p04.png
Kamuning,2025-11-07,17,2025-11-07 17:00,190,verified,110125-111525.pdf,4,2025_November1December15_110125-111525_p04.png
Kamuning,2025-11-07,18,2025-11-07 18:00,350,verified,110125-111525.pdf,4,2025_November1December15_110125-111525_p04.png
Kamuning,2025-11-07,19,2025-11-07 19:00,257,verified,110125-111525.pdf,4,2025_November1December15_110125-111525_p04.png
Kamuning,2025-11-07,20,2025-11-07 20:00,140,verified,110125-111525.pdf,4,2025_November1December15_110125-111525_p04.png
Kamuning,2025-11-07,21,2025-11-07 21:00,172,verified,110125-111525.pdf,4,2025_November1December15_110125-111525_p04.png
Kamuning,2025-11-07,22,2025-11-07 22:00,168,verified,110125-111525.pdf,4,2025_November1December15_110125-111525_p04.png
Kamuning,2025-11-07,23,2025-11-07 23:00,198,verified,110125-111525.pdf,4,2025_November1December15_110125-111525_p04.png
Kamuning,2025-11-07,0,2025-11-08 00:00,50,verified,110125-111525.pdf,4,2025_November1December15_110125-111525_p04.png
Kamuning,2025-11-07,1,2025-11-08 01:00,42,verified,110125-111525.pdf,4,2025_November1December15_110125-111525_p04.png
Kamuning,2025-11-07,2,2025-11-08 02:00,38,verified,110125-111525.pdf,4,2025_November1December15_110125-111525_p04.png
Kamuning,2025-11-07,3,2025-11-08 03:00,75,verified,110125-111525.pdf,4,2025_November1December15_110125-111525_p04.png
Kamuning,2025-11-07,4,2025-11-08 04:00,81,verified,110125-111525.pdf,4,2025_November1December15_110125-111525_p04.png
Kamuning,2025-11-07,5,2025-11-08 05:00,103,verified,110125-111525.pdf,4,2025_November1December15_110125-111525_p04.png
Kamuning,2025-11-08,6,2025-11-08 06:00,205,verified,110125-111525.pdf,4,2025_November1December15_110125-111525_p04.png
Kamuning,2025-11-08,7,2025-11-08 07:00,142,verified,110125-111525.pdf,4,2025_November1December15_110125-111525_p04.png
Kamuning,2025-11-08,8,2025-11-08 08:00,62,verified,110125-111525.pdf,4,2025_November1December15_110125-111525_p04.png
Kamuning,2025-11-08,9,2025-11-08 09:00,113,verified,110125-111525.pdf,4,2025_November1December15_110125-111525_p04.png
Kamuning,2025-11-08,10,2025-11-08 10:00,98,verified,110125-111525.pdf,4,2025_November1December15_110125-111525_p04.png
Kamuning,2025-11-08,11,2025-11-08 11:00,99,verified,110125-111525.pdf,4,2025_November1December15_110125-111525_p04.png
Kamuning,2025-11-08,12,2025-11-08 12:00,81,verified,110125-111525.pdf,4,2025_November1December15_110125-111525_p04.png
Kamuning,2025-11-08,13,2025-11-08 13:00,119,verified,110125-111525.pdf,4,2025_November1December15_110125-111525_p04.png
Kamuning,2025-11-08,14,2025-11-08 14:00,155,verified,110125-111525.pdf,4,2025_November1December15_110125-111525_p04.png
Kamuning,2025-11-08,15,2025-11-08 15:00,120,verified,110125-111525.pdf,4,2025_November1December15_110125-111525_p04.png
Kamuning,2025-11-08,16,2025-11-08 16:00,180,verified,110125-111525.pdf,4,2025_November1December15_110125-111525_p04.png
Kamuning,2025-11-08,17,2025-11-08 17:00,105,verified,110125-111525.pdf,4,2025_November1December15_110125-111525_p04.png
Kamuning,2025-11-08,18,2025-11-08 18:00,279,verified,110125-111525.pdf,4,2025_November1December15_110125-111525_p04.png
Kamuning,2025-11-08,19,2025-11-08 19:00,189,verified,110125-111525.pdf,4,2025_November1December15_110125-111525_p04.png
Kamuning,2025-11-08,20,2025-11-08 20:00,89,verified,110125-111525.pdf,4,2025_November1December15_110125-111525_p04.png
Kamuning,2025-11-08,21,2025-11-08 21:00,90,verified,110125-111525.pdf,4,2025_November1December15_110125-111525_p04.png
Kamuning,2025-11-08,22,2025-11-08 22:00,89,verified,110125-111525.pdf,4,2025_November1December15_110125-111525_p04.png
Kamuning,2025-11-08,23,2025-11-08 23:00,81,verified,110125-111525.pdf,4,2025_November1December15_110125-111525_p04.png
Kamuning,2025-11-08,0,2025-11-09 00:00,41,verified,110125-111525.pdf,4,2025_November1December15_110125-111525_p04.png
Kamuning,2025-11-08,1,2025-11-09 01:00,39,verified,110125-111525.pdf,4,2025_November1December15_110125-111525_p04.png
Kamuning,2025-11-08,2,2025-11-09 02:00,60,verified,110125-111525.pdf,4,2025_November1December15_110125-111525_p04.png
Kamuning,2025-11-08,3,2025-11-09 03:00,45,verified,110125-111525.pdf,4,2025_November1December15_110125-111525_p04.png
Kamuning,2025-11-08,4,2025-11-09 04:00,71,verified,110125-111525.pdf,4,2025_November1December15_110125-111525_p04.png
Kamuning,2025-11-08,5,2025-11-09 05:00,88,verified,110125-111525.pdf,4,2025_November1December15_110125-111525_p04.png
Kamuning,2025-11-09,6,2025-11-09 06:00,211,verified,110125-111525.pdf,5,2025_November1December15_110125-111525_p05.png
Kamuning,2025-11-09,7,2025-11-09 07:00,142,verified,110125-111525.pdf,5,2025_November1December15_110125-111525_p05.png
Kamuning,2025-11-09,8,2025-11-09 08:00,62,verified,110125-111525.pdf,5,2025_November1December15_110125-111525_p05.png
Kamuning,2025-11-09,9,2025-11-09 09:00,113,verified,110125-111525.pdf,5,2025_November1December15_110125-111525_p05.png
Kamuning,2025-11-09,10,2025-11-09 10:00,82,verified,110125-111525.pdf,5,2025_November1December15_110125-111525_p05.png
Kamuning,2025-11-09,11,2025-11-09 11:00,99,verified,110125-111525.pdf,5,2025_November1December15_110125-111525_p05.png
Kamuning,2025-11-09,12,2025-11-09 12:00,97,verified,110125-111525.pdf,5,2025_November1December15_110125-111525_p05.png
Kamuning,2025-11-09,13,2025-11-09 13:00,121,verified,110125-111525.pdf,5,2025_November1December15_110125-111525_p05.png
Kamuning,2025-11-09,14,2025-11-09 14:00,155,verified,110125-111525.pdf,5,2025_November1December15_110125-111525_p05.png
Kamuning,2025-11-09,15,2025-11-09 15:00,122,verified,110125-111525.pdf,5,2025_November1December15_110125-111525_p05.png
Kamuning,2025-11-09,16,2025-11-09 16:00,244,verified,110125-111525.pdf,5,2025_November1December15_110125-111525_p05.png
Kamuning,2025-11-09,17,2025-11-09 17:00,109,verified,110125-111525.pdf,5,2025_November1December15_110125-111525_p05.png
Kamuning,2025-11-09,18,2025-11-09 18:00,372,verified,110125-111525.pdf,5,2025_November1December15_110125-111525_p05.png
Kamuning,2025-11-09,19,2025-11-09 19:00,214,verified,110125-111525.pdf,5,2025_November1December15_110125-111525_p05.png
Kamuning,2025-11-09,20,2025-11-09 20:00,89,verified,110125-111525.pdf,5,2025_November1December15_110125-111525_p05.png
Kamuning,2025-11-09,21,2025-11-09 21:00,91,verified,110125-111525.pdf,5,2025_November1December15_110125-111525_p05.png
Kamuning,2025-11-09,22,2025-11-09 22:00,89,verified,110125-111525.pdf,5,2025_November1December15_110125-111525_p05.png
Kamuning,2025-11-09,23,2025-11-09 23:00,92,verified,110125-111525.pdf,5,2025_November1December15_110125-111525_p05.png
Kamuning,2025-11-09,0,2025-11-10 00:00,46,verified,110125-111525.pdf,5,2025_November1December15_110125-111525_p05.png
Kamuning,2025-11-09,1,2025-11-10 01:00,39,verified,110125-111525.pdf,5,2025_November1December15_110125-111525_p05.png
Kamuning,2025-11-09,2,2025-11-10 02:00,60,verified,110125-111525.pdf,5,2025_November1December15_110125-111525_p05.png
Kamuning,2025-11-09,3,2025-11-10 03:00,45,verified,110125-111525.pdf,5,2025_November1December15_110125-111525_p05.png
Kamuning,2025-11-09,4,2025-11-10 04:00,71,verified,110125-111525.pdf,5,2025_November1December15_110125-111525_p05.png
Kamuning,2025-11-09,5,2025-11-10 05:00,88,verified,110125-111525.pdf,5,2025_November1December15_110125-111525_p05.png
Kamuning,2025-11-10,6,2025-11-10 06:00,187,verified,110125-111525.pdf,5,2025_November1December15_110125-111525_p05.png
Kamuning,2025-11-10,7,2025-11-10 07:00,121,verified,110125-111525.pdf,5,2025_November1December15_110125-111525_p05.png
Kamuning,2025-11-10,8,2025-11-10 08:00,90,verified,110125-111525.pdf,5,2025_November1December15_110125-111525_p05.png
Kamuning,2025-11-10,9,2025-11-10 09:00,73,verified,110125-111525.pdf,5,2025_November1December15_110125-111525_p05.png
Kamuning,2025-11-10,10,2025-11-10 10:00,79,verified,110125-111525.pdf,5,2025_November1December15_110125-111525_p05.png
Kamuning,2025-11-10,11,2025-11-10 11:00,53,verified,110125-111525.pdf,5,2025_November1December15_110125-111525_p05.png
Kamuning,2025-11-10,12,2025-11-10 12:00,56,verified,110125-111525.pdf,5,2025_November1December15_110125-111525_p05.png
Kamuning,2025-11-10,13,2025-11-10 13:00,48,verified,110125-111525.pdf,5,2025_November1December15_110125-111525_p05.png
Kamuning,2025-11-10,14,2025-11-10 14:00,62,verified,110125-111525.pdf,5,2025_November1December15_110125-111525_p05.png
Kamuning,2025-11-10,15,2025-11-10 15:00,62,verified,110125-111525.pdf,5,2025_November1December15_110125-111525_p05.png
Kamuning,2025-11-10,16,2025-11-10 16:00,119,verified,110125-111525.pdf,5,2025_November1December15_110125-111525_p05.png
Kamuning,2025-11-10,17,2025-11-10 17:00,125,verified,110125-111525.pdf,5,2025_November1December15_110125-111525_p05.png
Kamuning,2025-11-10,18,2025-11-10 18:00,76,verified,110125-111525.pdf,5,2025_November1December15_110125-111525_p05.png
Kamuning,2025-11-10,19,2025-11-10 19:00,92,verified,110125-111525.pdf,5,2025_November1December15_110125-111525_p05.png
Kamuning,2025-11-10,20,2025-11-10 20:00,107,verified,110125-111525.pdf,5,2025_November1December15_110125-111525_p05.png
Kamuning,2025-11-10,21,2025-11-10 21:00,78,verified,110125-111525.pdf,5,2025_November1December15_110125-111525_p05.png
Kamuning,2025-11-10,22,2025-11-10 22:00,87,verified,110125-111525.pdf,5,2025_November1December15_110125-111525_p05.png
Kamuning,2025-11-10,23,2025-11-10 23:00,65,verified,110125-111525.pdf,5,2025_November1December15_110125-111525_p05.png
Kamuning,2025-11-10,0,2025-11-11 00:00,48,verified,110125-111525.pdf,5,2025_November1December15_110125-111525_p05.png
Kamuning,2025-11-10,1,2025-11-11 01:00,57,verified,110125-111525.pdf,5,2025_November1December15_110125-111525_p05.png
Kamuning,2025-11-10,2,2025-11-11 02:00,39,verified,110125-111525.pdf,5,2025_November1December15_110125-111525_p05.png
Kamuning,2025-11-10,3,2025-11-11 03:00,110,verified,110125-111525.pdf,5,2025_November1December15_110125-111525_p05.png
Kamuning,2025-11-10,4,2025-11-11 04:00,110,verified,110125-111525.pdf,5,2025_November1December15_110125-111525_p05.png
Kamuning,2025-11-10,5,2025-11-11 05:00,106,verified,110125-111525.pdf,5,2025_November1December15_110125-111525_p05.png
Kamuning,2025-11-11,6,2025-11-11 06:00,349,verified,110125-111525.pdf,6,2025_November1December15_110125-111525_p06.png
Kamuning,2025-11-11,7,2025-11-11 07:00,322,verified,110125-111525.pdf,6,2025_November1December15_110125-111525_p06.png
Kamuning,2025-11-11,8,2025-11-11 08:00,175,verified,110125-111525.pdf,6,2025_November1December15_110125-111525_p06.png
Kamuning,2025-11-11,9,2025-11-11 09:00,192,verified,110125-111525.pdf,6,2025_November1December15_110125-111525_p06.png
Kamuning,2025-11-11,10,2025-11-11 10:00,168,verified,110125-111525.pdf,6,2025_November1December15_110125-111525_p06.png
Kamuning,2025-11-11,11,2025-11-11 11:00,143,verified,110125-111525.pdf,6,2025_November1December15_110125-111525_p06.png
Kamuning,2025-11-11,12,2025-11-11 12:00,132,verified,110125-111525.pdf,6,2025_November1December15_110125-111525_p06.png
Kamuning,2025-11-11,13,2025-11-11 13:00,111,verified,110125-111525.pdf,6,2025_November1December15_110125-111525_p06.png
Kamuning,2025-11-11,14,2025-11-11 14:00,140,verified,110125-111525.pdf,6,2025_November1December15_110125-111525_p06.png
Kamuning,2025-11-11,15,2025-11-11 15:00,99,verified,110125-111525.pdf,6,2025_November1December15_110125-111525_p06.png
Kamuning,2025-11-11,16,2025-11-11 16:00,283,verified,110125-111525.pdf,6,2025_November1December15_110125-111525_p06.png
Kamuning,2025-11-11,17,2025-11-11 17:00,151,verified,110125-111525.pdf,6,2025_November1December15_110125-111525_p06.png
Kamuning,2025-11-11,18,2025-11-11 18:00,146,verified,110125-111525.pdf,6,2025_November1December15_110125-111525_p06.png
Kamuning,2025-11-11,19,2025-11-11 19:00,141,verified,110125-111525.pdf,6,2025_November1December15_110125-111525_p06.png
Kamuning,2025-11-11,20,2025-11-11 20:00,104,verified,110125-111525.pdf,6,2025_November1December15_110125-111525_p06.png
Kamuning,2025-11-11,21,2025-11-11 21:00,82,verified,110125-111525.pdf,6,2025_November1December15_110125-111525_p06.png
Kamuning,2025-11-11,22,2025-11-11 22:00,41,verified,110125-111525.pdf,6,2025_November1December15_110125-111525_p06.png
Kamuning,2025-11-11,23,2025-11-11 23:00,36,verified,110125-111525.pdf,6,2025_November1December15_110125-111525_p06.png
Kamuning,2025-11-11,0,2025-11-12 00:00,36,verified,110125-111525.pdf,6,2025_November1December15_110125-111525_p06.png
Kamuning,2025-11-11,1,2025-11-12 01:00,39,verified,110125-111525.pdf,6,2025_November1December15_110125-111525_p06.png
Kamuning,2025-11-11,2,2025-11-12 02:00,44,verified,110125-111525.pdf,6,2025_November1December15_110125-111525_p06.png
Kamuning,2025-11-11,3,2025-11-12 03:00,38,verified,110125-111525.pdf,6,2025_November1December15_110125-111525_p06.png
Kamuning,2025-11-11,4,2025-11-12 04:00,47,verified,110125-111525.pdf,6,2025_November1December15_110125-111525_p06.png
Kamuning,2025-11-11,5,2025-11-12 05:00,52,verified,110125-111525.pdf,6,2025_November1December15_110125-111525_p06.png
Kamuning,2025-11-12,6,2025-11-12 06:00,287,verified,110125-111525.pdf,6,2025_November1December15_110125-111525_p06.png
Kamuning,2025-11-12,7,2025-11-12 07:00,302,verified,110125-111525.pdf,6,2025_November1December15_110125-111525_p06.png
Kamuning,2025-11-12,8,2025-11-12 08:00,214,verified,110125-111525.pdf,6,2025_November1December15_110125-111525_p06.png
Kamuning,2025-11-12,9,2025-11-12 09:00,157,verified,110125-111525.pdf,6,2025_November1December15_110125-111525_p06.png
Kamuning,2025-11-12,10,2025-11-12 10:00,169,verified,110125-111525.pdf,6,2025_November1December15_110125-111525_p06.png
Kamuning,2025-11-12,11,2025-11-12 11:00,90,verified,110125-111525.pdf,6,2025_November1December15_110125-111525_p06.png
Kamuning,2025-11-12,12,2025-11-12 12:00,73,verified,110125-111525.pdf,6,2025_November1December15_110125-111525_p06.png
Kamuning,2025-11-12,13,2025-11-12 13:00,158,verified,110125-111525.pdf,6,2025_November1December15_110125-111525_p06.png
Kamuning,2025-11-12,14,2025-11-12 14:00,123,verified,110125-111525.pdf,6,2025_November1December15_110125-111525_p06.png
Kamuning,2025-11-12,15,2025-11-12 15:00,166,verified,110125-111525.pdf,6,2025_November1December15_110125-111525_p06.png
Kamuning,2025-11-12,16,2025-11-12 16:00,323,verified,110125-111525.pdf,6,2025_November1December15_110125-111525_p06.png
Kamuning,2025-11-12,17,2025-11-12 17:00,223,verified,110125-111525.pdf,6,2025_November1December15_110125-111525_p06.png
Kamuning,2025-11-12,18,2025-11-12 18:00,886,verified,110125-111525.pdf,6,2025_November1December15_110125-111525_p06.png
Kamuning,2025-11-12,19,2025-11-12 19:00,411,verified,110125-111525.pdf,6,2025_November1December15_110125-111525_p06.png
Kamuning,2025-11-12,20,2025-11-12 20:00,430,verified,110125-111525.pdf,6,2025_November1December15_110125-111525_p06.png
Kamuning,2025-11-12,21,2025-11-12 21:00,385,verified,110125-111525.pdf,6,2025_November1December15_110125-111525_p06.png
Kamuning,2025-11-12,22,2025-11-12 22:00,315,verified,110125-111525.pdf,6,2025_November1December15_110125-111525_p06.png
Kamuning,2025-11-12,23,2025-11-12 23:00,201,verified,110125-111525.pdf,6,2025_November1December15_110125-111525_p06.png
Kamuning,2025-11-12,0,2025-11-13 00:00,66,verified,110125-111525.pdf,6,2025_November1December15_110125-111525_p06.png
Kamuning,2025-11-12,1,2025-11-13 01:00,55,verified,110125-111525.pdf,6,2025_November1December15_110125-111525_p06.png
Kamuning,2025-11-12,2,2025-11-13 02:00,53,verified,110125-111525.pdf,6,2025_November1December15_110125-111525_p06.png
Kamuning,2025-11-12,3,2025-11-13 03:00,74,verified,110125-111525.pdf,6,2025_November1December15_110125-111525_p06.png
Kamuning,2025-11-12,4,2025-11-13 04:00,80,verified,110125-111525.pdf,6,2025_November1December15_110125-111525_p06.png
Kamuning,2025-11-12,5,2025-11-13 05:00,90,verified,110125-111525.pdf,6,2025_November1December15_110125-111525_p06.png
Kamuning,2025-11-13,6,2025-11-13 06:00,287,verified,110125-111525.pdf,7,2025_November1December15_110125-111525_p07.png
Kamuning,2025-11-13,7,2025-11-13 07:00,151,verified,110125-111525.pdf,7,2025_November1December15_110125-111525_p07.png
Kamuning,2025-11-13,8,2025-11-13 08:00,173,verified,110125-111525.pdf,7,2025_November1December15_110125-111525_p07.png
Kamuning,2025-11-13,9,2025-11-13 09:00,101,verified,110125-111525.pdf,7,2025_November1December15_110125-111525_p07.png
Kamuning,2025-11-13,10,2025-11-13 10:00,190,verified,110125-111525.pdf,7,2025_November1December15_110125-111525_p07.png
Kamuning,2025-11-13,11,2025-11-13 11:00,144,verified,110125-111525.pdf,7,2025_November1December15_110125-111525_p07.png
Kamuning,2025-11-13,12,2025-11-13 12:00,75,verified,110125-111525.pdf,7,2025_November1December15_110125-111525_p07.png
Kamuning,2025-11-13,13,2025-11-13 13:00,124,verified,110125-111525.pdf,7,2025_November1December15_110125-111525_p07.png
Kamuning,2025-11-13,14,2025-11-13 14:00,119,verified,110125-111525.pdf,7,2025_November1December15_110125-111525_p07.png
Kamuning,2025-11-13,15,2025-11-13 15:00,384,verified,110125-111525.pdf,7,2025_November1December15_110125-111525_p07.png
Kamuning,2025-11-13,16,2025-11-13 16:00,169,verified,110125-111525.pdf,7,2025_November1December15_110125-111525_p07.png
Kamuning,2025-11-13,17,2025-11-13 17:00,134,verified,110125-111525.pdf,7,2025_November1December15_110125-111525_p07.png
Kamuning,2025-11-13,18,2025-11-13 18:00,1302,verified,110125-111525.pdf,7,2025_November1December15_110125-111525_p07.png
Kamuning,2025-11-13,19,2025-11-13 19:00,500,verified,110125-111525.pdf,7,2025_November1December15_110125-111525_p07.png
Kamuning,2025-11-13,20,2025-11-13 20:00,211,verified,110125-111525.pdf,7,2025_November1December15_110125-111525_p07.png
Kamuning,2025-11-13,21,2025-11-13 21:00,170,verified,110125-111525.pdf,7,2025_November1December15_110125-111525_p07.png
Kamuning,2025-11-13,22,2025-11-13 22:00,254,verified,110125-111525.pdf,7,2025_November1December15_110125-111525_p07.png
Kamuning,2025-11-13,23,2025-11-13 23:00,284,verified,110125-111525.pdf,7,2025_November1December15_110125-111525_p07.png
Kamuning,2025-11-13,0,2025-11-14 00:00,80,verified,110125-111525.pdf,7,2025_November1December15_110125-111525_p07.png
Kamuning,2025-11-13,1,2025-11-14 01:00,49,verified,110125-111525.pdf,7,2025_November1December15_110125-111525_p07.png
Kamuning,2025-11-13,2,2025-11-14 02:00,45,verified,110125-111525.pdf,7,2025_November1December15_110125-111525_p07.png
Kamuning,2025-11-13,3,2025-11-14 03:00,76,verified,110125-111525.pdf,7,2025_November1December15_110125-111525_p07.png
Kamuning,2025-11-13,4,2025-11-14 04:00,28,verified,110125-111525.pdf,7,2025_November1December15_110125-111525_p07.png
Kamuning,2025-11-13,5,2025-11-14 05:00,158,verified,110125-111525.pdf,7,2025_November1December15_110125-111525_p07.png
Kamuning,2025-11-14,6,2025-11-14 06:00,314,verified,110125-111525.pdf,7,2025_November1December15_110125-111525_p07.png
Kamuning,2025-11-14,7,2025-11-14 07:00,234,verified,110125-111525.pdf,7,2025_November1December15_110125-111525_p07.png
Kamuning,2025-11-14,8,2025-11-14 08:00,151,verified,110125-111525.pdf,7,2025_November1December15_110125-111525_p07.png
Kamuning,2025-11-14,9,2025-11-14 09:00,198,verified,110125-111525.pdf,7,2025_November1December15_110125-111525_p07.png
Kamuning,2025-11-14,10,2025-11-14 10:00,164,verified,110125-111525.pdf,7,2025_November1December15_110125-111525_p07.png
Kamuning,2025-11-14,11,2025-11-14 11:00,97,verified,110125-111525.pdf,7,2025_November1December15_110125-111525_p07.png
Kamuning,2025-11-14,12,2025-11-14 12:00,141,verified,110125-111525.pdf,7,2025_November1December15_110125-111525_p07.png
Kamuning,2025-11-14,13,2025-11-14 13:00,82,verified,110125-111525.pdf,7,2025_November1December15_110125-111525_p07.png
Kamuning,2025-11-14,14,2025-11-14 14:00,192,verified,110125-111525.pdf,7,2025_November1December15_110125-111525_p07.png
Kamuning,2025-11-14,15,2025-11-14 15:00,173,verified,110125-111525.pdf,7,2025_November1December15_110125-111525_p07.png
Kamuning,2025-11-14,16,2025-11-14 16:00,295,verified,110125-111525.pdf,7,2025_November1December15_110125-111525_p07.png
Kamuning,2025-11-14,17,2025-11-14 17:00,91,verified,110125-111525.pdf,7,2025_November1December15_110125-111525_p07.png
Kamuning,2025-11-14,18,2025-11-14 18:00,809,verified,110125-111525.pdf,7,2025_November1December15_110125-111525_p07.png
Kamuning,2025-11-14,19,2025-11-14 19:00,584,verified,110125-111525.pdf,7,2025_November1December15_110125-111525_p07.png
Kamuning,2025-11-14,20,2025-11-14 20:00,203,verified,110125-111525.pdf,7,2025_November1December15_110125-111525_p07.png
Kamuning,2025-11-14,21,2025-11-14 21:00,244,verified,110125-111525.pdf,7,2025_November1December15_110125-111525_p07.png
Kamuning,2025-11-14,22,2025-11-14 22:00,273,verified,110125-111525.pdf,7,2025_November1December15_110125-111525_p07.png
Kamuning,2025-11-14,23,2025-11-14 23:00,199,verified,110125-111525.pdf,7,2025_November1December15_110125-111525_p07.png
Kamuning,2025-11-14,0,2025-11-15 00:00,96,verified,110125-111525.pdf,7,2025_November1December15_110125-111525_p07.png
Kamuning,2025-11-14,1,2025-11-15 01:00,83,verified,110125-111525.pdf,7,2025_November1December15_110125-111525_p07.png
Kamuning,2025-11-14,2,2025-11-15 02:00,96,verified,110125-111525.pdf,7,2025_November1December15_110125-111525_p07.png
Kamuning,2025-11-14,3,2025-11-15 03:00,103,verified,110125-111525.pdf,7,2025_November1December15_110125-111525_p07.png
Kamuning,2025-11-14,4,2025-11-15 04:00,148,verified,110125-111525.pdf,7,2025_November1December15_110125-111525_p07.png
Kamuning,2025-11-14,5,2025-11-15 05:00,130,verified,110125-111525.pdf,7,2025_November1December15_110125-111525_p07.png
Kamuning,2025-11-15,6,2025-11-15 06:00,308,mismatch,110125-111525.pdf,8,2025_November1December15_110125-111525_p08.png
Kamuning,2025-11-15,7,2025-11-15 07:00,153,mismatch,110125-111525.pdf,8,2025_November1December15_110125-111525_p08.png
Kamuning,2025-11-15,8,2025-11-15 08:00,127,mismatch,110125-111525.pdf,8,2025_November1December15_110125-111525_p08.png
Kamuning,2025-11-15,9,2025-11-15 09:00,210,mismatch,110125-111525.pdf,8,2025_November1December15_110125-111525_p08.png
Kamuning,2025-11-15,10,2025-11-15 10:00,90,mismatch,110125-111525.pdf,8,2025_November1December15_110125-111525_p08.png
Kamuning,2025-11-15,11,2025-11-15 11:00,99,mismatch,110125-111525.pdf,8,2025_November1December15_110125-111525_p08.png
Kamuning,2025-11-15,12,2025-11-15 12:00,135,mismatch,110125-111525.pdf,8,2025_November1December15_110125-111525_p08.png
Kamuning,2025-11-15,13,2025-11-15 13:00,174,mismatch,110125-111525.pdf,8,2025_November1December15_110125-111525_p08.png
Kamuning,2025-11-15,14,2025-11-15 14:00,119,mismatch,110125-111525.pdf,8,2025_November1December15_110125-111525_p08.png
Kamuning,2025-11-15,15,2025-11-15 15:00,190,mismatch,110125-111525.pdf,8,2025_November1December15_110125-111525_p08.png
Kamuning,2025-11-15,16,2025-11-15 16:00,296,mismatch,110125-111525.pdf,8,2025_November1December15_110125-111525_p08.png
Kamuning,2025-11-15,17,2025-11-15 17:00,125,mismatch,110125-111525.pdf,8,2025_November1December15_110125-111525_p08.png
Kamuning,2025-11-15,18,2025-11-15 18:00,543,mismatch,110125-111525.pdf,8,2025_November1December15_110125-111525_p08.png
Kamuning,2025-11-15,19,2025-11-15 19:00,212,mismatch,110125-111525.pdf,8,2025_November1December15_110125-111525_p08.png
Kamuning,2025-11-15,20,2025-11-15 20:00,238,mismatch,110125-111525.pdf,8,2025_November1December15_110125-111525_p08.png
Kamuning,2025-11-15,21,2025-11-15 21:00,408,mismatch,110125-111525.pdf,8,2025_November1December15_110125-111525_p08.png
Kamuning,2025-11-15,22,2025-11-15 22:00,97,mismatch,110125-111525.pdf,8,2025_November1December15_110125-111525_p08.png
Kamuning,2025-11-15,23,2025-11-15 23:00,61,mismatch,110125-111525.pdf,8,2025_November1December15_110125-111525_p08.png
Kamuning,2025-11-15,0,2025-11-16 00:00,37,mismatch,110125-111525.pdf,8,2025_November1December15_110125-111525_p08.png
Kamuning,2025-11-15,1,2025-11-16 01:00,47,mismatch,110125-111525.pdf,8,2025_November1December15_110125-111525_p08.png
Kamuning,2025-11-15,2,2025-11-16 02:00,69,mismatch,110125-111525.pdf,8,2025_November1December15_110125-111525_p08.png
Kamuning,2025-11-15,3,2025-11-16 03:00,38,mismatch,110125-111525.pdf,8,2025_November1December15_110125-111525_p08.png
Kamuning,2025-11-15,4,2025-11-16 04:00,142,mismatch,110125-111525.pdf,8,2025_November1December15_110125-111525_p08.png
Kamuning,2025-11-15,5,2025-11-16 05:00,98,mismatch,110125-111525.pdf,8,2025_November1December15_110125-111525_p08.png
Kamuning,2025-11-16,6,2025-11-16 06:00,151,verified,111625-113025.pdf,1,2025_November1December15_111625-113025_p01.png
Kamuning,2025-11-16,7,2025-11-16 07:00,140,verified,111625-113025.pdf,1,2025_November1December15_111625-113025_p01.png
Kamuning,2025-11-16,8,2025-11-16 08:00,89,verified,111625-113025.pdf,1,2025_November1December15_111625-113025_p01.png
Kamuning,2025-11-16,9,2025-11-16 09:00,115,verified,111625-113025.pdf,1,2025_November1December15_111625-113025_p01.png
Kamuning,2025-11-16,10,2025-11-16 10:00,142,verified,111625-113025.pdf,1,2025_November1December15_111625-113025_p01.png
Kamuning,2025-11-16,11,2025-11-16 11:00,167,verified,111625-113025.pdf,1,2025_November1December15_111625-113025_p01.png
Kamuning,2025-11-16,12,2025-11-16 12:00,118,verified,111625-113025.pdf,1,2025_November1December15_111625-113025_p01.png
Kamuning,2025-11-16,13,2025-11-16 13:00,90,verified,111625-113025.pdf,1,2025_November1December15_111625-113025_p01.png
Kamuning,2025-11-16,14,2025-11-16 14:00,118,verified,111625-113025.pdf,1,2025_November1December15_111625-113025_p01.png
Kamuning,2025-11-16,15,2025-11-16 15:00,212,verified,111625-113025.pdf,1,2025_November1December15_111625-113025_p01.png
Kamuning,2025-11-16,16,2025-11-16 16:00,194,verified,111625-113025.pdf,1,2025_November1December15_111625-113025_p01.png
Kamuning,2025-11-16,17,2025-11-16 17:00,187,verified,111625-113025.pdf,1,2025_November1December15_111625-113025_p01.png
Kamuning,2025-11-16,18,2025-11-16 18:00,247,verified,111625-113025.pdf,1,2025_November1December15_111625-113025_p01.png
Kamuning,2025-11-16,19,2025-11-16 19:00,99,verified,111625-113025.pdf,1,2025_November1December15_111625-113025_p01.png
Kamuning,2025-11-16,20,2025-11-16 20:00,217,verified,111625-113025.pdf,1,2025_November1December15_111625-113025_p01.png
Kamuning,2025-11-16,21,2025-11-16 21:00,268,verified,111625-113025.pdf,1,2025_November1December15_111625-113025_p01.png
Kamuning,2025-11-16,22,2025-11-16 22:00,365,verified,111625-113025.pdf,1,2025_November1December15_111625-113025_p01.png
Kamuning,2025-11-16,23,2025-11-16 23:00,131,verified,111625-113025.pdf,1,2025_November1December15_111625-113025_p01.png
Kamuning,2025-11-16,0,2025-11-17 00:00,34,verified,111625-113025.pdf,1,2025_November1December15_111625-113025_p01.png
Kamuning,2025-11-16,1,2025-11-17 01:00,61,verified,111625-113025.pdf,1,2025_November1December15_111625-113025_p01.png
Kamuning,2025-11-16,2,2025-11-17 02:00,62,verified,111625-113025.pdf,1,2025_November1December15_111625-113025_p01.png
Kamuning,2025-11-16,3,2025-11-17 03:00,89,verified,111625-113025.pdf,1,2025_November1December15_111625-113025_p01.png
Kamuning,2025-11-16,4,2025-11-17 04:00,286,verified,111625-113025.pdf,1,2025_November1December15_111625-113025_p01.png
Kamuning,2025-11-16,5,2025-11-17 05:00,149,verified,111625-113025.pdf,1,2025_November1December15_111625-113025_p01.png
Kamuning,2025-11-17,6,2025-11-17 06:00,1369,verified,111625-113025.pdf,1,2025_November1December15_111625-113025_p01.png
Kamuning,2025-11-17,7,2025-11-17 07:00,521,verified,111625-113025.pdf,1,2025_November1December15_111625-113025_p01.png
Kamuning,2025-11-17,8,2025-11-17 08:00,324,verified,111625-113025.pdf,1,2025_November1December15_111625-113025_p01.png
Kamuning,2025-11-17,9,2025-11-17 09:00,191,verified,111625-113025.pdf,1,2025_November1December15_111625-113025_p01.png
Kamuning,2025-11-17,10,2025-11-17 10:00,98,verified,111625-113025.pdf,1,2025_November1December15_111625-113025_p01.png
Kamuning,2025-11-17,11,2025-11-17 11:00,174,verified,111625-113025.pdf,1,2025_November1December15_111625-113025_p01.png
Kamuning,2025-11-17,12,2025-11-17 12:00,268,verified,111625-113025.pdf,1,2025_November1December15_111625-113025_p01.png
Kamuning,2025-11-17,13,2025-11-17 13:00,294,verified,111625-113025.pdf,1,2025_November1December15_111625-113025_p01.png
Kamuning,2025-11-17,14,2025-11-17 14:00,230,verified,111625-113025.pdf,1,2025_November1December15_111625-113025_p01.png
Kamuning,2025-11-17,15,2025-11-17 15:00,258,verified,111625-113025.pdf,1,2025_November1December15_111625-113025_p01.png
Kamuning,2025-11-17,16,2025-11-17 16:00,338,verified,111625-113025.pdf,1,2025_November1December15_111625-113025_p01.png
Kamuning,2025-11-17,17,2025-11-17 17:00,141,verified,111625-113025.pdf,1,2025_November1December15_111625-113025_p01.png
Kamuning,2025-11-17,18,2025-11-17 18:00,946,verified,111625-113025.pdf,1,2025_November1December15_111625-113025_p01.png
Kamuning,2025-11-17,19,2025-11-17 19:00,546,verified,111625-113025.pdf,1,2025_November1December15_111625-113025_p01.png
Kamuning,2025-11-17,20,2025-11-17 20:00,217,verified,111625-113025.pdf,1,2025_November1December15_111625-113025_p01.png
Kamuning,2025-11-17,21,2025-11-17 21:00,310,verified,111625-113025.pdf,1,2025_November1December15_111625-113025_p01.png
Kamuning,2025-11-17,22,2025-11-17 22:00,151,verified,111625-113025.pdf,1,2025_November1December15_111625-113025_p01.png
Kamuning,2025-11-17,23,2025-11-17 23:00,102,verified,111625-113025.pdf,1,2025_November1December15_111625-113025_p01.png
Kamuning,2025-11-17,0,2025-11-18 00:00,67,verified,111625-113025.pdf,1,2025_November1December15_111625-113025_p01.png
Kamuning,2025-11-17,1,2025-11-18 01:00,23,verified,111625-113025.pdf,1,2025_November1December15_111625-113025_p01.png
Kamuning,2025-11-17,2,2025-11-18 02:00,22,verified,111625-113025.pdf,1,2025_November1December15_111625-113025_p01.png
Kamuning,2025-11-17,3,2025-11-18 03:00,35,verified,111625-113025.pdf,1,2025_November1December15_111625-113025_p01.png
Kamuning,2025-11-17,4,2025-11-18 04:00,95,verified,111625-113025.pdf,1,2025_November1December15_111625-113025_p01.png
Kamuning,2025-11-17,5,2025-11-18 05:00,109,verified,111625-113025.pdf,1,2025_November1December15_111625-113025_p01.png
Kamuning,2025-11-18,6,2025-11-18 06:00,3500,verified,111625-113025.pdf,2,2025_November1December15_111625-113025_p02.png
Kamuning,2025-11-18,7,2025-11-18 07:00,888,verified,111625-113025.pdf,2,2025_November1December15_111625-113025_p02.png
Kamuning,2025-11-18,8,2025-11-18 08:00,986,verified,111625-113025.pdf,2,2025_November1December15_111625-113025_p02.png
Kamuning,2025-11-18,9,2025-11-18 09:00,227,verified,111625-113025.pdf,2,2025_November1December15_111625-113025_p02.png
Kamuning,2025-11-18,10,2025-11-18 10:00,128,verified,111625-113025.pdf,2,2025_November1December15_111625-113025_p02.png
Kamuning,2025-11-18,11,2025-11-18 11:00,70,verified,111625-113025.pdf,2,2025_November1December15_111625-113025_p02.png
Kamuning,2025-11-18,12,2025-11-18 12:00,147,verified,111625-113025.pdf,2,2025_November1December15_111625-113025_p02.png
Kamuning,2025-11-18,13,2025-11-18 13:00,55,verified,111625-113025.pdf,2,2025_November1December15_111625-113025_p02.png
Kamuning,2025-11-18,14,2025-11-18 14:00,27,verified,111625-113025.pdf,2,2025_November1December15_111625-113025_p02.png
Kamuning,2025-11-18,15,2025-11-18 15:00,176,verified,111625-113025.pdf,2,2025_November1December15_111625-113025_p02.png
Kamuning,2025-11-18,16,2025-11-18 16:00,94,verified,111625-113025.pdf,2,2025_November1December15_111625-113025_p02.png
Kamuning,2025-11-18,17,2025-11-18 17:00,291,verified,111625-113025.pdf,2,2025_November1December15_111625-113025_p02.png
Kamuning,2025-11-18,18,2025-11-18 18:00,1387,verified,111625-113025.pdf,2,2025_November1December15_111625-113025_p02.png
Kamuning,2025-11-18,19,2025-11-18 19:00,403,verified,111625-113025.pdf,2,2025_November1December15_111625-113025_p02.png
Kamuning,2025-11-18,20,2025-11-18 20:00,213,verified,111625-113025.pdf,2,2025_November1December15_111625-113025_p02.png
Kamuning,2025-11-18,21,2025-11-18 21:00,357,verified,111625-113025.pdf,2,2025_November1December15_111625-113025_p02.png
Kamuning,2025-11-18,22,2025-11-18 22:00,298,verified,111625-113025.pdf,2,2025_November1December15_111625-113025_p02.png
Kamuning,2025-11-18,23,2025-11-18 23:00,74,verified,111625-113025.pdf,2,2025_November1December15_111625-113025_p02.png
Kamuning,2025-11-18,0,2025-11-19 00:00,35,verified,111625-113025.pdf,2,2025_November1December15_111625-113025_p02.png
Kamuning,2025-11-18,1,2025-11-19 01:00,20,verified,111625-113025.pdf,2,2025_November1December15_111625-113025_p02.png
Kamuning,2025-11-18,2,2025-11-19 02:00,24,verified,111625-113025.pdf,2,2025_November1December15_111625-113025_p02.png
Kamuning,2025-11-18,3,2025-11-19 03:00,61,verified,111625-113025.pdf,2,2025_November1December15_111625-113025_p02.png
Kamuning,2025-11-18,4,2025-11-19 04:00,53,verified,111625-113025.pdf,2,2025_November1December15_111625-113025_p02.png
Kamuning,2025-11-18,5,2025-11-19 05:00,83,verified,111625-113025.pdf,2,2025_November1December15_111625-113025_p02.png
Kamuning,2025-11-19,6,2025-11-19 06:00,657,verified,111625-113025.pdf,2,2025_November1December15_111625-113025_p02.png
Kamuning,2025-11-19,7,2025-11-19 07:00,251,verified,111625-113025.pdf,2,2025_November1December15_111625-113025_p02.png
Kamuning,2025-11-19,8,2025-11-19 08:00,261,verified,111625-113025.pdf,2,2025_November1December15_111625-113025_p02.png
Kamuning,2025-11-19,9,2025-11-19 09:00,149,verified,111625-113025.pdf,2,2025_November1December15_111625-113025_p02.png
Kamuning,2025-11-19,10,2025-11-19 10:00,190,verified,111625-113025.pdf,2,2025_November1December15_111625-113025_p02.png
Kamuning,2025-11-19,11,2025-11-19 11:00,138,verified,111625-113025.pdf,2,2025_November1December15_111625-113025_p02.png
Kamuning,2025-11-19,12,2025-11-19 12:00,136,verified,111625-113025.pdf,2,2025_November1December15_111625-113025_p02.png
Kamuning,2025-11-19,13,2025-11-19 13:00,241,verified,111625-113025.pdf,2,2025_November1December15_111625-113025_p02.png
Kamuning,2025-11-19,14,2025-11-19 14:00,184,verified,111625-113025.pdf,2,2025_November1December15_111625-113025_p02.png
Kamuning,2025-11-19,15,2025-11-19 15:00,176,verified,111625-113025.pdf,2,2025_November1December15_111625-113025_p02.png
Kamuning,2025-11-19,16,2025-11-19 16:00,428,verified,111625-113025.pdf,2,2025_November1December15_111625-113025_p02.png
Kamuning,2025-11-19,17,2025-11-19 17:00,72,verified,111625-113025.pdf,2,2025_November1December15_111625-113025_p02.png
Kamuning,2025-11-19,18,2025-11-19 18:00,998,verified,111625-113025.pdf,2,2025_November1December15_111625-113025_p02.png
Kamuning,2025-11-19,19,2025-11-19 19:00,444,verified,111625-113025.pdf,2,2025_November1December15_111625-113025_p02.png
Kamuning,2025-11-19,20,2025-11-19 20:00,210,verified,111625-113025.pdf,2,2025_November1December15_111625-113025_p02.png
Kamuning,2025-11-19,21,2025-11-19 21:00,285,verified,111625-113025.pdf,2,2025_November1December15_111625-113025_p02.png
Kamuning,2025-11-19,22,2025-11-19 22:00,210,verified,111625-113025.pdf,2,2025_November1December15_111625-113025_p02.png
Kamuning,2025-11-19,23,2025-11-19 23:00,76,verified,111625-113025.pdf,2,2025_November1December15_111625-113025_p02.png
Kamuning,2025-11-19,0,2025-11-20 00:00,26,verified,111625-113025.pdf,2,2025_November1December15_111625-113025_p02.png
Kamuning,2025-11-19,1,2025-11-20 01:00,37,verified,111625-113025.pdf,2,2025_November1December15_111625-113025_p02.png
Kamuning,2025-11-19,2,2025-11-20 02:00,25,verified,111625-113025.pdf,2,2025_November1December15_111625-113025_p02.png
Kamuning,2025-11-19,3,2025-11-20 03:00,74,verified,111625-113025.pdf,2,2025_November1December15_111625-113025_p02.png
Kamuning,2025-11-19,4,2025-11-20 04:00,80,verified,111625-113025.pdf,2,2025_November1December15_111625-113025_p02.png
Kamuning,2025-11-19,5,2025-11-20 05:00,132,verified,111625-113025.pdf,2,2025_November1December15_111625-113025_p02.png
Kamuning,2025-11-20,6,2025-11-20 06:00,935,verified,111625-113025.pdf,3,2025_November1December15_111625-113025_p03.png
Kamuning,2025-11-20,7,2025-11-20 07:00,515,verified,111625-113025.pdf,3,2025_November1December15_111625-113025_p03.png
Kamuning,2025-11-20,8,2025-11-20 08:00,447,verified,111625-113025.pdf,3,2025_November1December15_111625-113025_p03.png
Kamuning,2025-11-20,9,2025-11-20 09:00,117,verified,111625-113025.pdf,3,2025_November1December15_111625-113025_p03.png
Kamuning,2025-11-20,10,2025-11-20 10:00,85,verified,111625-113025.pdf,3,2025_November1December15_111625-113025_p03.png
Kamuning,2025-11-20,11,2025-11-20 11:00,73,verified,111625-113025.pdf,3,2025_November1December15_111625-113025_p03.png
Kamuning,2025-11-20,12,2025-11-20 12:00,130,verified,111625-113025.pdf,3,2025_November1December15_111625-113025_p03.png
Kamuning,2025-11-20,13,2025-11-20 13:00,133,verified,111625-113025.pdf,3,2025_November1December15_111625-113025_p03.png
Kamuning,2025-11-20,14,2025-11-20 14:00,190,verified,111625-113025.pdf,3,2025_November1December15_111625-113025_p03.png
Kamuning,2025-11-20,15,2025-11-20 15:00,300,verified,111625-113025.pdf,3,2025_November1December15_111625-113025_p03.png
Kamuning,2025-11-20,16,2025-11-20 16:00,610,verified,111625-113025.pdf,3,2025_November1December15_111625-113025_p03.png
Kamuning,2025-11-20,17,2025-11-20 17:00,703,verified,111625-113025.pdf,3,2025_November1December15_111625-113025_p03.png
Kamuning,2025-11-20,18,2025-11-20 18:00,1480,verified,111625-113025.pdf,3,2025_November1December15_111625-113025_p03.png
Kamuning,2025-11-20,19,2025-11-20 19:00,650,verified,111625-113025.pdf,3,2025_November1December15_111625-113025_p03.png
Kamuning,2025-11-20,20,2025-11-20 20:00,359,verified,111625-113025.pdf,3,2025_November1December15_111625-113025_p03.png
Kamuning,2025-11-20,21,2025-11-20 21:00,300,verified,111625-113025.pdf,3,2025_November1December15_111625-113025_p03.png
Kamuning,2025-11-20,22,2025-11-20 22:00,107,verified,111625-113025.pdf,3,2025_November1December15_111625-113025_p03.png
Kamuning,2025-11-20,23,2025-11-20 23:00,86,verified,111625-113025.pdf,3,2025_November1December15_111625-113025_p03.png
Kamuning,2025-11-20,0,2025-11-21 00:00,63,verified,111625-113025.pdf,3,2025_November1December15_111625-113025_p03.png
Kamuning,2025-11-20,1,2025-11-21 01:00,21,verified,111625-113025.pdf,3,2025_November1December15_111625-113025_p03.png
Kamuning,2025-11-20,2,2025-11-21 02:00,33,verified,111625-113025.pdf,3,2025_November1December15_111625-113025_p03.png
Kamuning,2025-11-20,3,2025-11-21 03:00,30,verified,111625-113025.pdf,3,2025_November1December15_111625-113025_p03.png
Kamuning,2025-11-20,4,2025-11-21 04:00,97,verified,111625-113025.pdf,3,2025_November1December15_111625-113025_p03.png
Kamuning,2025-11-20,5,2025-11-21 05:00,86,verified,111625-113025.pdf,3,2025_November1December15_111625-113025_p03.png
Kamuning,2025-11-21,6,2025-11-21 06:00,378,verified,111625-113025.pdf,3,2025_November1December15_111625-113025_p03.png
Kamuning,2025-11-21,7,2025-11-21 07:00,370,verified,111625-113025.pdf,3,2025_November1December15_111625-113025_p03.png
Kamuning,2025-11-21,8,2025-11-21 08:00,530,verified,111625-113025.pdf,3,2025_November1December15_111625-113025_p03.png
Kamuning,2025-11-21,9,2025-11-21 09:00,151,verified,111625-113025.pdf,3,2025_November1December15_111625-113025_p03.png
Kamuning,2025-11-21,10,2025-11-21 10:00,171,verified,111625-113025.pdf,3,2025_November1December15_111625-113025_p03.png
Kamuning,2025-11-21,11,2025-11-21 11:00,243,verified,111625-113025.pdf,3,2025_November1December15_111625-113025_p03.png
Kamuning,2025-11-21,12,2025-11-21 12:00,185,verified,111625-113025.pdf,3,2025_November1December15_111625-113025_p03.png
Kamuning,2025-11-21,13,2025-11-21 13:00,161,verified,111625-113025.pdf,3,2025_November1December15_111625-113025_p03.png
Kamuning,2025-11-21,14,2025-11-21 14:00,179,verified,111625-113025.pdf,3,2025_November1December15_111625-113025_p03.png
Kamuning,2025-11-21,15,2025-11-21 15:00,233,verified,111625-113025.pdf,3,2025_November1December15_111625-113025_p03.png
Kamuning,2025-11-21,16,2025-11-21 16:00,310,verified,111625-113025.pdf,3,2025_November1December15_111625-113025_p03.png
Kamuning,2025-11-21,17,2025-11-21 17:00,314,verified,111625-113025.pdf,3,2025_November1December15_111625-113025_p03.png
Kamuning,2025-11-21,18,2025-11-21 18:00,673,verified,111625-113025.pdf,3,2025_November1December15_111625-113025_p03.png
Kamuning,2025-11-21,19,2025-11-21 19:00,548,verified,111625-113025.pdf,3,2025_November1December15_111625-113025_p03.png
Kamuning,2025-11-21,20,2025-11-21 20:00,230,verified,111625-113025.pdf,3,2025_November1December15_111625-113025_p03.png
Kamuning,2025-11-21,21,2025-11-21 21:00,275,verified,111625-113025.pdf,3,2025_November1December15_111625-113025_p03.png
Kamuning,2025-11-21,22,2025-11-21 22:00,259,verified,111625-113025.pdf,3,2025_November1December15_111625-113025_p03.png
Kamuning,2025-11-21,23,2025-11-21 23:00,84,verified,111625-113025.pdf,3,2025_November1December15_111625-113025_p03.png
Kamuning,2025-11-21,0,2025-11-22 00:00,38,verified,111625-113025.pdf,3,2025_November1December15_111625-113025_p03.png
Kamuning,2025-11-21,1,2025-11-22 01:00,22,verified,111625-113025.pdf,3,2025_November1December15_111625-113025_p03.png
Kamuning,2025-11-21,2,2025-11-22 02:00,35,verified,111625-113025.pdf,3,2025_November1December15_111625-113025_p03.png
Kamuning,2025-11-21,3,2025-11-22 03:00,42,verified,111625-113025.pdf,3,2025_November1December15_111625-113025_p03.png
Kamuning,2025-11-21,4,2025-11-22 04:00,92,verified,111625-113025.pdf,3,2025_November1December15_111625-113025_p03.png
Kamuning,2025-11-21,5,2025-11-22 05:00,110,verified,111625-113025.pdf,3,2025_November1December15_111625-113025_p03.png
Kamuning,2025-11-22,6,2025-11-22 06:00,298,verified,111625-113025.pdf,4,2025_November1December15_111625-113025_p04.png
Kamuning,2025-11-22,7,2025-11-22 07:00,294,verified,111625-113025.pdf,4,2025_November1December15_111625-113025_p04.png
Kamuning,2025-11-22,8,2025-11-22 08:00,87,verified,111625-113025.pdf,4,2025_November1December15_111625-113025_p04.png
Kamuning,2025-11-22,9,2025-11-22 09:00,109,verified,111625-113025.pdf,4,2025_November1December15_111625-113025_p04.png
Kamuning,2025-11-22,10,2025-11-22 10:00,208,verified,111625-113025.pdf,4,2025_November1December15_111625-113025_p04.png
Kamuning,2025-11-22,11,2025-11-22 11:00,111,verified,111625-113025.pdf,4,2025_November1December15_111625-113025_p04.png
Kamuning,2025-11-22,12,2025-11-22 12:00,98,verified,111625-113025.pdf,4,2025_November1December15_111625-113025_p04.png
Kamuning,2025-11-22,13,2025-11-22 13:00,269,verified,111625-113025.pdf,4,2025_November1December15_111625-113025_p04.png
Kamuning,2025-11-22,14,2025-11-22 14:00,288,verified,111625-113025.pdf,4,2025_November1December15_111625-113025_p04.png
Kamuning,2025-11-22,15,2025-11-22 15:00,278,verified,111625-113025.pdf,4,2025_November1December15_111625-113025_p04.png
Kamuning,2025-11-22,16,2025-11-22 16:00,198,verified,111625-113025.pdf,4,2025_November1December15_111625-113025_p04.png
Kamuning,2025-11-22,17,2025-11-22 17:00,419,verified,111625-113025.pdf,4,2025_November1December15_111625-113025_p04.png
Kamuning,2025-11-22,18,2025-11-22 18:00,418,verified,111625-113025.pdf,4,2025_November1December15_111625-113025_p04.png
Kamuning,2025-11-22,19,2025-11-22 19:00,307,verified,111625-113025.pdf,4,2025_November1December15_111625-113025_p04.png
Kamuning,2025-11-22,20,2025-11-22 20:00,152,verified,111625-113025.pdf,4,2025_November1December15_111625-113025_p04.png
Kamuning,2025-11-22,21,2025-11-22 21:00,255,verified,111625-113025.pdf,4,2025_November1December15_111625-113025_p04.png
Kamuning,2025-11-22,22,2025-11-22 22:00,362,verified,111625-113025.pdf,4,2025_November1December15_111625-113025_p04.png
Kamuning,2025-11-22,23,2025-11-22 23:00,112,verified,111625-113025.pdf,4,2025_November1December15_111625-113025_p04.png
Kamuning,2025-11-22,0,2025-11-23 00:00,21,verified,111625-113025.pdf,4,2025_November1December15_111625-113025_p04.png
Kamuning,2025-11-22,1,2025-11-23 01:00,18,verified,111625-113025.pdf,4,2025_November1December15_111625-113025_p04.png
Kamuning,2025-11-22,2,2025-11-23 02:00,24,verified,111625-113025.pdf,4,2025_November1December15_111625-113025_p04.png
Kamuning,2025-11-22,3,2025-11-23 03:00,47,verified,111625-113025.pdf,4,2025_November1December15_111625-113025_p04.png
Kamuning,2025-11-22,4,2025-11-23 04:00,91,verified,111625-113025.pdf,4,2025_November1December15_111625-113025_p04.png
Kamuning,2025-11-22,5,2025-11-23 05:00,322,verified,111625-113025.pdf,4,2025_November1December15_111625-113025_p04.png
Kamuning,2025-11-23,6,2025-11-23 06:00,184,verified,111625-113025.pdf,4,2025_November1December15_111625-113025_p04.png
Kamuning,2025-11-23,7,2025-11-23 07:00,102,verified,111625-113025.pdf,4,2025_November1December15_111625-113025_p04.png
Kamuning,2025-11-23,8,2025-11-23 08:00,100,verified,111625-113025.pdf,4,2025_November1December15_111625-113025_p04.png
Kamuning,2025-11-23,9,2025-11-23 09:00,66,verified,111625-113025.pdf,4,2025_November1December15_111625-113025_p04.png
Kamuning,2025-11-23,10,2025-11-23 10:00,143,verified,111625-113025.pdf,4,2025_November1December15_111625-113025_p04.png
Kamuning,2025-11-23,11,2025-11-23 11:00,103,verified,111625-113025.pdf,4,2025_November1December15_111625-113025_p04.png
Kamuning,2025-11-23,12,2025-11-23 12:00,59,verified,111625-113025.pdf,4,2025_November1December15_111625-113025_p04.png
Kamuning,2025-11-23,13,2025-11-23 13:00,127,verified,111625-113025.pdf,4,2025_November1December15_111625-113025_p04.png
Kamuning,2025-11-23,14,2025-11-23 14:00,94,verified,111625-113025.pdf,4,2025_November1December15_111625-113025_p04.png
Kamuning,2025-11-23,15,2025-11-23 15:00,135,verified,111625-113025.pdf,4,2025_November1December15_111625-113025_p04.png
Kamuning,2025-11-23,16,2025-11-23 16:00,151,verified,111625-113025.pdf,4,2025_November1December15_111625-113025_p04.png
Kamuning,2025-11-23,17,2025-11-23 17:00,354,verified,111625-113025.pdf,4,2025_November1December15_111625-113025_p04.png
Kamuning,2025-11-23,18,2025-11-23 18:00,175,verified,111625-113025.pdf,4,2025_November1December15_111625-113025_p04.png
Kamuning,2025-11-23,19,2025-11-23 19:00,267,verified,111625-113025.pdf,4,2025_November1December15_111625-113025_p04.png
Kamuning,2025-11-23,20,2025-11-23 20:00,116,verified,111625-113025.pdf,4,2025_November1December15_111625-113025_p04.png
Kamuning,2025-11-23,21,2025-11-23 21:00,197,verified,111625-113025.pdf,4,2025_November1December15_111625-113025_p04.png
Kamuning,2025-11-23,22,2025-11-23 22:00,308,verified,111625-113025.pdf,4,2025_November1December15_111625-113025_p04.png
Kamuning,2025-11-23,23,2025-11-23 23:00,66,verified,111625-113025.pdf,4,2025_November1December15_111625-113025_p04.png
Kamuning,2025-11-23,0,2025-11-24 00:00,77,verified,111625-113025.pdf,4,2025_November1December15_111625-113025_p04.png
Kamuning,2025-11-23,1,2025-11-24 01:00,69,verified,111625-113025.pdf,4,2025_November1December15_111625-113025_p04.png
Kamuning,2025-11-23,2,2025-11-24 02:00,41,verified,111625-113025.pdf,4,2025_November1December15_111625-113025_p04.png
Kamuning,2025-11-23,3,2025-11-24 03:00,236,verified,111625-113025.pdf,4,2025_November1December15_111625-113025_p04.png
Kamuning,2025-11-23,4,2025-11-24 04:00,196,verified,111625-113025.pdf,4,2025_November1December15_111625-113025_p04.png
Kamuning,2025-11-23,5,2025-11-24 05:00,67,verified,111625-113025.pdf,4,2025_November1December15_111625-113025_p04.png
Kamuning,2025-11-24,6,2025-11-24 06:00,955,verified,111625-113025.pdf,5,2025_November1December15_111625-113025_p05.png
Kamuning,2025-11-24,7,2025-11-24 07:00,341,verified,111625-113025.pdf,5,2025_November1December15_111625-113025_p05.png
Kamuning,2025-11-24,8,2025-11-24 08:00,299,verified,111625-113025.pdf,5,2025_November1December15_111625-113025_p05.png
Kamuning,2025-11-24,9,2025-11-24 09:00,184,verified,111625-113025.pdf,5,2025_November1December15_111625-113025_p05.png
Kamuning,2025-11-24,10,2025-11-24 10:00,210,verified,111625-113025.pdf,5,2025_November1December15_111625-113025_p05.png
Kamuning,2025-11-24,11,2025-11-24 11:00,186,verified,111625-113025.pdf,5,2025_November1December15_111625-113025_p05.png
Kamuning,2025-11-24,12,2025-11-24 12:00,147,verified,111625-113025.pdf,5,2025_November1December15_111625-113025_p05.png
Kamuning,2025-11-24,13,2025-11-24 13:00,137,verified,111625-113025.pdf,5,2025_November1December15_111625-113025_p05.png
Kamuning,2025-11-24,14,2025-11-24 14:00,173,verified,111625-113025.pdf,5,2025_November1December15_111625-113025_p05.png
Kamuning,2025-11-24,15,2025-11-24 15:00,181,verified,111625-113025.pdf,5,2025_November1December15_111625-113025_p05.png
Kamuning,2025-11-24,16,2025-11-24 16:00,333,verified,111625-113025.pdf,5,2025_November1December15_111625-113025_p05.png
Kamuning,2025-11-24,17,2025-11-24 17:00,331,verified,111625-113025.pdf,5,2025_November1December15_111625-113025_p05.png
Kamuning,2025-11-24,18,2025-11-24 18:00,916,verified,111625-113025.pdf,5,2025_November1December15_111625-113025_p05.png
Kamuning,2025-11-24,19,2025-11-24 19:00,318,verified,111625-113025.pdf,5,2025_November1December15_111625-113025_p05.png
Kamuning,2025-11-24,20,2025-11-24 20:00,282,verified,111625-113025.pdf,5,2025_November1December15_111625-113025_p05.png
Kamuning,2025-11-24,21,2025-11-24 21:00,164,verified,111625-113025.pdf,5,2025_November1December15_111625-113025_p05.png
Kamuning,2025-11-24,22,2025-11-24 22:00,282,verified,111625-113025.pdf,5,2025_November1December15_111625-113025_p05.png
Kamuning,2025-11-24,23,2025-11-24 23:00,207,verified,111625-113025.pdf,5,2025_November1December15_111625-113025_p05.png
Kamuning,2025-11-24,0,2025-11-25 00:00,164,verified,111625-113025.pdf,5,2025_November1December15_111625-113025_p05.png
Kamuning,2025-11-24,1,2025-11-25 01:00,86,verified,111625-113025.pdf,5,2025_November1December15_111625-113025_p05.png
Kamuning,2025-11-24,2,2025-11-25 02:00,130,verified,111625-113025.pdf,5,2025_November1December15_111625-113025_p05.png
Kamuning,2025-11-24,3,2025-11-25 03:00,156,verified,111625-113025.pdf,5,2025_November1December15_111625-113025_p05.png
Kamuning,2025-11-24,4,2025-11-25 04:00,97,verified,111625-113025.pdf,5,2025_November1December15_111625-113025_p05.png
Kamuning,2025-11-24,5,2025-11-25 05:00,67,verified,111625-113025.pdf,5,2025_November1December15_111625-113025_p05.png
Kamuning,2025-11-25,6,2025-11-25 06:00,473,verified,111625-113025.pdf,5,2025_November1December15_111625-113025_p05.png
Kamuning,2025-11-25,7,2025-11-25 07:00,522,verified,111625-113025.pdf,5,2025_November1December15_111625-113025_p05.png
Kamuning,2025-11-25,8,2025-11-25 08:00,542,verified,111625-113025.pdf,5,2025_November1December15_111625-113025_p05.png
Kamuning,2025-11-25,9,2025-11-25 09:00,121,verified,111625-113025.pdf,5,2025_November1December15_111625-113025_p05.png
Kamuning,2025-11-25,10,2025-11-25 10:00,157,verified,111625-113025.pdf,5,2025_November1December15_111625-113025_p05.png
Kamuning,2025-11-25,11,2025-11-25 11:00,128,verified,111625-113025.pdf,5,2025_November1December15_111625-113025_p05.png
Kamuning,2025-11-25,12,2025-11-25 12:00,125,verified,111625-113025.pdf,5,2025_November1December15_111625-113025_p05.png
Kamuning,2025-11-25,13,2025-11-25 13:00,112,verified,111625-113025.pdf,5,2025_November1December15_111625-113025_p05.png
Kamuning,2025-11-25,14,2025-11-25 14:00,151,verified,111625-113025.pdf,5,2025_November1December15_111625-113025_p05.png
Kamuning,2025-11-25,15,2025-11-25 15:00,295,verified,111625-113025.pdf,5,2025_November1December15_111625-113025_p05.png
Kamuning,2025-11-25,16,2025-11-25 16:00,600,verified,111625-113025.pdf,5,2025_November1December15_111625-113025_p05.png
Kamuning,2025-11-25,17,2025-11-25 17:00,272,verified,111625-113025.pdf,5,2025_November1December15_111625-113025_p05.png
Kamuning,2025-11-25,18,2025-11-25 18:00,945,verified,111625-113025.pdf,5,2025_November1December15_111625-113025_p05.png
Kamuning,2025-11-25,19,2025-11-25 19:00,521,verified,111625-113025.pdf,5,2025_November1December15_111625-113025_p05.png
Kamuning,2025-11-25,20,2025-11-25 20:00,187,verified,111625-113025.pdf,5,2025_November1December15_111625-113025_p05.png
Kamuning,2025-11-25,21,2025-11-25 21:00,214,verified,111625-113025.pdf,5,2025_November1December15_111625-113025_p05.png
Kamuning,2025-11-25,22,2025-11-25 22:00,131,verified,111625-113025.pdf,5,2025_November1December15_111625-113025_p05.png
Kamuning,2025-11-25,23,2025-11-25 23:00,73,verified,111625-113025.pdf,5,2025_November1December15_111625-113025_p05.png
Kamuning,2025-11-25,0,2025-11-26 00:00,39,verified,111625-113025.pdf,5,2025_November1December15_111625-113025_p05.png
Kamuning,2025-11-25,1,2025-11-26 01:00,51,verified,111625-113025.pdf,5,2025_November1December15_111625-113025_p05.png
Kamuning,2025-11-25,2,2025-11-26 02:00,38,verified,111625-113025.pdf,5,2025_November1December15_111625-113025_p05.png
Kamuning,2025-11-25,3,2025-11-26 03:00,114,verified,111625-113025.pdf,5,2025_November1December15_111625-113025_p05.png
Kamuning,2025-11-25,4,2025-11-26 04:00,37,verified,111625-113025.pdf,5,2025_November1December15_111625-113025_p05.png
Kamuning,2025-11-25,5,2025-11-26 05:00,32,verified,111625-113025.pdf,5,2025_November1December15_111625-113025_p05.png
Kamuning,2025-11-26,6,2025-11-26 06:00,473,verified,111625-113025.pdf,6,2025_November1December15_111625-113025_p06.png
Kamuning,2025-11-26,7,2025-11-26 07:00,522,verified,111625-113025.pdf,6,2025_November1December15_111625-113025_p06.png
Kamuning,2025-11-26,8,2025-11-26 08:00,542,verified,111625-113025.pdf,6,2025_November1December15_111625-113025_p06.png
Kamuning,2025-11-26,9,2025-11-26 09:00,121,verified,111625-113025.pdf,6,2025_November1December15_111625-113025_p06.png
Kamuning,2025-11-26,10,2025-11-26 10:00,157,verified,111625-113025.pdf,6,2025_November1December15_111625-113025_p06.png
Kamuning,2025-11-26,11,2025-11-26 11:00,128,verified,111625-113025.pdf,6,2025_November1December15_111625-113025_p06.png
Kamuning,2025-11-26,12,2025-11-26 12:00,125,verified,111625-113025.pdf,6,2025_November1December15_111625-113025_p06.png
Kamuning,2025-11-26,13,2025-11-26 13:00,112,verified,111625-113025.pdf,6,2025_November1December15_111625-113025_p06.png
Kamuning,2025-11-26,14,2025-11-26 14:00,151,verified,111625-113025.pdf,6,2025_November1December15_111625-113025_p06.png
Kamuning,2025-11-26,15,2025-11-26 15:00,295,verified,111625-113025.pdf,6,2025_November1December15_111625-113025_p06.png
Kamuning,2025-11-26,16,2025-11-26 16:00,600,verified,111625-113025.pdf,6,2025_November1December15_111625-113025_p06.png
Kamuning,2025-11-26,17,2025-11-26 17:00,272,verified,111625-113025.pdf,6,2025_November1December15_111625-113025_p06.png
Kamuning,2025-11-26,18,2025-11-26 18:00,945,verified,111625-113025.pdf,6,2025_November1December15_111625-113025_p06.png
Kamuning,2025-11-26,19,2025-11-26 19:00,521,verified,111625-113025.pdf,6,2025_November1December15_111625-113025_p06.png
Kamuning,2025-11-26,20,2025-11-26 20:00,187,verified,111625-113025.pdf,6,2025_November1December15_111625-113025_p06.png
Kamuning,2025-11-26,21,2025-11-26 21:00,214,verified,111625-113025.pdf,6,2025_November1December15_111625-113025_p06.png
Kamuning,2025-11-26,22,2025-11-26 22:00,131,verified,111625-113025.pdf,6,2025_November1December15_111625-113025_p06.png
Kamuning,2025-11-26,23,2025-11-26 23:00,73,verified,111625-113025.pdf,6,2025_November1December15_111625-113025_p06.png
Kamuning,2025-11-26,0,2025-11-27 00:00,39,verified,111625-113025.pdf,6,2025_November1December15_111625-113025_p06.png
Kamuning,2025-11-26,1,2025-11-27 01:00,51,verified,111625-113025.pdf,6,2025_November1December15_111625-113025_p06.png
Kamuning,2025-11-26,2,2025-11-27 02:00,38,verified,111625-113025.pdf,6,2025_November1December15_111625-113025_p06.png
Kamuning,2025-11-26,3,2025-11-27 03:00,114,verified,111625-113025.pdf,6,2025_November1December15_111625-113025_p06.png
Kamuning,2025-11-26,4,2025-11-27 04:00,37,verified,111625-113025.pdf,6,2025_November1December15_111625-113025_p06.png
Kamuning,2025-11-26,5,2025-11-27 05:00,32,verified,111625-113025.pdf,6,2025_November1December15_111625-113025_p06.png
Kamuning,2025-11-27,6,2025-11-27 06:00,452,mismatch,111625-113025.pdf,6,2025_November1December15_111625-113025_p06.png
Kamuning,2025-11-27,7,2025-11-27 07:00,365,mismatch,111625-113025.pdf,6,2025_November1December15_111625-113025_p06.png
Kamuning,2025-11-27,8,2025-11-27 08:00,337,mismatch,111625-113025.pdf,6,2025_November1December15_111625-113025_p06.png
Kamuning,2025-11-27,9,2025-11-27 09:00,148,mismatch,111625-113025.pdf,6,2025_November1December15_111625-113025_p06.png
Kamuning,2025-11-27,10,2025-11-27 10:00,155,mismatch,111625-113025.pdf,6,2025_November1December15_111625-113025_p06.png
Kamuning,2025-11-27,11,2025-11-27 11:00,328,mismatch,111625-113025.pdf,6,2025_November1December15_111625-113025_p06.png
Kamuning,2025-11-27,12,2025-11-27 12:00,290,mismatch,111625-113025.pdf,6,2025_November1December15_111625-113025_p06.png
Kamuning,2025-11-27,13,2025-11-27 13:00,169,mismatch,111625-113025.pdf,6,2025_November1December15_111625-113025_p06.png
Kamuning,2025-11-27,14,2025-11-27 14:00,287,mismatch,111625-113025.pdf,6,2025_November1December15_111625-113025_p06.png
Kamuning,2025-11-27,15,2025-11-27 15:00,813,mismatch,111625-113025.pdf,6,2025_November1December15_111625-113025_p06.png
Kamuning,2025-11-27,16,2025-11-27 16:00,853,mismatch,111625-113025.pdf,6,2025_November1December15_111625-113025_p06.png
Kamuning,2025-11-27,17,2025-11-27 17:00,791,mismatch,111625-113025.pdf,6,2025_November1December15_111625-113025_p06.png
Kamuning,2025-11-27,18,2025-11-27 18:00,579,mismatch,111625-113025.pdf,6,2025_November1December15_111625-113025_p06.png
Kamuning,2025-11-27,19,2025-11-27 19:00,246,mismatch,111625-113025.pdf,6,2025_November1December15_111625-113025_p06.png
Kamuning,2025-11-27,20,2025-11-27 20:00,165,mismatch,111625-113025.pdf,6,2025_November1December15_111625-113025_p06.png
Kamuning,2025-11-27,21,2025-11-27 21:00,355,mismatch,111625-113025.pdf,6,2025_November1December15_111625-113025_p06.png
Kamuning,2025-11-27,22,2025-11-27 22:00,168,mismatch,111625-113025.pdf,6,2025_November1December15_111625-113025_p06.png
Kamuning,2025-11-27,23,2025-11-27 23:00,146,mismatch,111625-113025.pdf,6,2025_November1December15_111625-113025_p06.png
Kamuning,2025-11-27,0,2025-11-28 00:00,97,mismatch,111625-113025.pdf,6,2025_November1December15_111625-113025_p06.png
Kamuning,2025-11-27,1,2025-11-28 01:00,56,mismatch,111625-113025.pdf,6,2025_November1December15_111625-113025_p06.png
Kamuning,2025-11-27,2,2025-11-28 02:00,52,mismatch,111625-113025.pdf,6,2025_November1December15_111625-113025_p06.png
Kamuning,2025-11-27,3,2025-11-28 03:00,34,mismatch,111625-113025.pdf,6,2025_November1December15_111625-113025_p06.png
Kamuning,2025-11-27,4,2025-11-28 04:00,57,mismatch,111625-113025.pdf,6,2025_November1December15_111625-113025_p06.png
Kamuning,2025-11-27,5,2025-11-28 05:00,80,mismatch,111625-113025.pdf,6,2025_November1December15_111625-113025_p06.png
Kamuning,2025-11-28,6,2025-11-28 06:00,402,verified,111625-113025.pdf,7,2025_November1December15_111625-113025_p07.png
Kamuning,2025-11-28,7,2025-11-28 07:00,505,verified,111625-113025.pdf,7,2025_November1December15_111625-113025_p07.png
Kamuning,2025-11-28,8,2025-11-28 08:00,125,verified,111625-113025.pdf,7,2025_November1December15_111625-113025_p07.png
Kamuning,2025-11-28,9,2025-11-28 09:00,159,verified,111625-113025.pdf,7,2025_November1December15_111625-113025_p07.png
Kamuning,2025-11-28,10,2025-11-28 10:00,95,verified,111625-113025.pdf,7,2025_November1December15_111625-113025_p07.png
Kamuning,2025-11-28,11,2025-11-28 11:00,115,verified,111625-113025.pdf,7,2025_November1December15_111625-113025_p07.png
Kamuning,2025-11-28,12,2025-11-28 12:00,74,verified,111625-113025.pdf,7,2025_November1December15_111625-113025_p07.png
Kamuning,2025-11-28,13,2025-11-28 13:00,126,verified,111625-113025.pdf,7,2025_November1December15_111625-113025_p07.png
Kamuning,2025-11-28,14,2025-11-28 14:00,143,verified,111625-113025.pdf,7,2025_November1December15_111625-113025_p07.png
Kamuning,2025-11-28,15,2025-11-28 15:00,243,verified,111625-113025.pdf,7,2025_November1December15_111625-113025_p07.png
Kamuning,2025-11-28,16,2025-11-28 16:00,342,verified,111625-113025.pdf,7,2025_November1December15_111625-113025_p07.png
Kamuning,2025-11-28,17,2025-11-28 17:00,102,verified,111625-113025.pdf,7,2025_November1December15_111625-113025_p07.png
Kamuning,2025-11-28,18,2025-11-28 18:00,456,verified,111625-113025.pdf,7,2025_November1December15_111625-113025_p07.png
Kamuning,2025-11-28,19,2025-11-28 19:00,213,verified,111625-113025.pdf,7,2025_November1December15_111625-113025_p07.png
Kamuning,2025-11-28,20,2025-11-28 20:00,160,verified,111625-113025.pdf,7,2025_November1December15_111625-113025_p07.png
Kamuning,2025-11-28,21,2025-11-28 21:00,221,verified,111625-113025.pdf,7,2025_November1December15_111625-113025_p07.png
Kamuning,2025-11-28,22,2025-11-28 22:00,105,verified,111625-113025.pdf,7,2025_November1December15_111625-113025_p07.png
Kamuning,2025-11-28,23,2025-11-28 23:00,105,verified,111625-113025.pdf,7,2025_November1December15_111625-113025_p07.png
Kamuning,2025-11-28,0,2025-11-29 00:00,94,verified,111625-113025.pdf,7,2025_November1December15_111625-113025_p07.png
Kamuning,2025-11-28,1,2025-11-29 01:00,59,verified,111625-113025.pdf,7,2025_November1December15_111625-113025_p07.png
Kamuning,2025-11-28,2,2025-11-29 02:00,45,verified,111625-113025.pdf,7,2025_November1December15_111625-113025_p07.png
Kamuning,2025-11-28,3,2025-11-29 03:00,46,verified,111625-113025.pdf,7,2025_November1December15_111625-113025_p07.png
Kamuning,2025-11-28,4,2025-11-29 04:00,27,verified,111625-113025.pdf,7,2025_November1December15_111625-113025_p07.png
Kamuning,2025-11-28,5,2025-11-29 05:00,81,verified,111625-113025.pdf,7,2025_November1December15_111625-113025_p07.png
Kamuning,2025-11-29,6,2025-11-29 06:00,131,verified,111625-113025.pdf,7,2025_November1December15_111625-113025_p07.png
Kamuning,2025-11-29,7,2025-11-29 07:00,119,verified,111625-113025.pdf,7,2025_November1December15_111625-113025_p07.png
Kamuning,2025-11-29,8,2025-11-29 08:00,111,verified,111625-113025.pdf,7,2025_November1December15_111625-113025_p07.png
Kamuning,2025-11-29,9,2025-11-29 09:00,92,verified,111625-113025.pdf,7,2025_November1December15_111625-113025_p07.png
Kamuning,2025-11-29,10,2025-11-29 10:00,170,verified,111625-113025.pdf,7,2025_November1December15_111625-113025_p07.png
Kamuning,2025-11-29,11,2025-11-29 11:00,88,verified,111625-113025.pdf,7,2025_November1December15_111625-113025_p07.png
Kamuning,2025-11-29,12,2025-11-29 12:00,127,verified,111625-113025.pdf,7,2025_November1December15_111625-113025_p07.png
Kamuning,2025-11-29,13,2025-11-29 13:00,105,verified,111625-113025.pdf,7,2025_November1December15_111625-113025_p07.png
Kamuning,2025-11-29,14,2025-11-29 14:00,131,verified,111625-113025.pdf,7,2025_November1December15_111625-113025_p07.png
Kamuning,2025-11-29,15,2025-11-29 15:00,177,verified,111625-113025.pdf,7,2025_November1December15_111625-113025_p07.png
Kamuning,2025-11-29,16,2025-11-29 16:00,345,verified,111625-113025.pdf,7,2025_November1December15_111625-113025_p07.png
Kamuning,2025-11-29,17,2025-11-29 17:00,150,verified,111625-113025.pdf,7,2025_November1December15_111625-113025_p07.png
Kamuning,2025-11-29,18,2025-11-29 18:00,300,verified,111625-113025.pdf,7,2025_November1December15_111625-113025_p07.png
Kamuning,2025-11-29,19,2025-11-29 19:00,246,verified,111625-113025.pdf,7,2025_November1December15_111625-113025_p07.png
Kamuning,2025-11-29,20,2025-11-29 20:00,173,verified,111625-113025.pdf,7,2025_November1December15_111625-113025_p07.png
Kamuning,2025-11-29,21,2025-11-29 21:00,236,verified,111625-113025.pdf,7,2025_November1December15_111625-113025_p07.png
Kamuning,2025-11-29,22,2025-11-29 22:00,244,verified,111625-113025.pdf,7,2025_November1December15_111625-113025_p07.png
Kamuning,2025-11-29,23,2025-11-29 23:00,243,verified,111625-113025.pdf,7,2025_November1December15_111625-113025_p07.png
Kamuning,2025-11-29,0,2025-11-30 00:00,193,verified,111625-113025.pdf,7,2025_November1December15_111625-113025_p07.png
Kamuning,2025-11-29,1,2025-11-30 01:00,62,verified,111625-113025.pdf,7,2025_November1December15_111625-113025_p07.png
Kamuning,2025-11-29,2,2025-11-30 02:00,44,verified,111625-113025.pdf,7,2025_November1December15_111625-113025_p07.png
Kamuning,2025-11-29,3,2025-11-30 03:00,40,verified,111625-113025.pdf,7,2025_November1December15_111625-113025_p07.png
Kamuning,2025-11-29,4,2025-11-30 04:00,177,verified,111625-113025.pdf,7,2025_November1December15_111625-113025_p07.png
Kamuning,2025-11-29,5,2025-11-30 05:00,123,verified,111625-113025.pdf,7,2025_November1December15_111625-113025_p07.png
Kamuning,2025-11-30,6,2025-11-30 06:00,203,verified,111625-113025.pdf,8,2025_November1December15_111625-113025_p08.png
Kamuning,2025-11-30,7,2025-11-30 07:00,110,verified,111625-113025.pdf,8,2025_November1December15_111625-113025_p08.png
Kamuning,2025-11-30,8,2025-11-30 08:00,84,verified,111625-113025.pdf,8,2025_November1December15_111625-113025_p08.png
Kamuning,2025-11-30,9,2025-11-30 09:00,70,verified,111625-113025.pdf,8,2025_November1December15_111625-113025_p08.png
Kamuning,2025-11-30,10,2025-11-30 10:00,52,verified,111625-113025.pdf,8,2025_November1December15_111625-113025_p08.png
Kamuning,2025-11-30,11,2025-11-30 11:00,63,verified,111625-113025.pdf,8,2025_November1December15_111625-113025_p08.png
Kamuning,2025-11-30,12,2025-11-30 12:00,123,verified,111625-113025.pdf,8,2025_November1December15_111625-113025_p08.png
Kamuning,2025-11-30,13,2025-11-30 13:00,145,verified,111625-113025.pdf,8,2025_November1December15_111625-113025_p08.png
Kamuning,2025-11-30,14,2025-11-30 14:00,172,verified,111625-113025.pdf,8,2025_November1December15_111625-113025_p08.png
Kamuning,2025-11-30,15,2025-11-30 15:00,142,verified,111625-113025.pdf,8,2025_November1December15_111625-113025_p08.png
Kamuning,2025-11-30,16,2025-11-30 16:00,241,verified,111625-113025.pdf,8,2025_November1December15_111625-113025_p08.png
Kamuning,2025-11-30,17,2025-11-30 17:00,267,verified,111625-113025.pdf,8,2025_November1December15_111625-113025_p08.png
Kamuning,2025-11-30,18,2025-11-30 18:00,127,verified,111625-113025.pdf,8,2025_November1December15_111625-113025_p08.png
Kamuning,2025-11-30,19,2025-11-30 19:00,123,verified,111625-113025.pdf,8,2025_November1December15_111625-113025_p08.png
Kamuning,2025-11-30,20,2025-11-30 20:00,177,verified,111625-113025.pdf,8,2025_November1December15_111625-113025_p08.png
Kamuning,2025-11-30,21,2025-11-30 21:00,219,verified,111625-113025.pdf,8,2025_November1December15_111625-113025_p08.png
Kamuning,2025-11-30,22,2025-11-30 22:00,240,verified,111625-113025.pdf,8,2025_November1December15_111625-113025_p08.png
Kamuning,2025-11-30,23,2025-11-30 23:00,166,verified,111625-113025.pdf,8,2025_November1December15_111625-113025_p08.png
Kamuning,2025-11-30,0,2025-12-01 00:00,131,verified,111625-113025.pdf,8,2025_November1December15_111625-113025_p08.png
Kamuning,2025-11-30,1,2025-12-01 01:00,202,verified,111625-113025.pdf,8,2025_November1December15_111625-113025_p08.png
Kamuning,2025-11-30,2,2025-12-01 02:00,235,verified,111625-113025.pdf,8,2025_November1December15_111625-113025_p08.png
Kamuning,2025-11-30,3,2025-12-01 03:00,216,verified,111625-113025.pdf,8,2025_November1December15_111625-113025_p08.png
Kamuning,2025-11-30,4,2025-12-01 04:00,316,verified,111625-113025.pdf,8,2025_November1December15_111625-113025_p08.png
Kamuning,2025-11-30,5,2025-12-01 05:00,311,verified,111625-113025.pdf,8,2025_November1December15_111625-113025_p08.png
Kamuning,2025-12-01,6,2025-12-01 06:00,395,verified,120125-121525.pdf,1,2025_November1December15_120125-121525_p01.png
Kamuning,2025-12-01,7,2025-12-01 07:00,367,verified,120125-121525.pdf,1,2025_November1December15_120125-121525_p01.png
Kamuning,2025-12-01,8,2025-12-01 08:00,158,verified,120125-121525.pdf,1,2025_November1December15_120125-121525_p01.png
Kamuning,2025-12-01,9,2025-12-01 09:00,147,verified,120125-121525.pdf,1,2025_November1December15_120125-121525_p01.png
Kamuning,2025-12-01,10,2025-12-01 10:00,108,verified,120125-121525.pdf,1,2025_November1December15_120125-121525_p01.png
Kamuning,2025-12-01,11,2025-12-01 11:00,122,verified,120125-121525.pdf,1,2025_November1December15_120125-121525_p01.png
Kamuning,2025-12-01,12,2025-12-01 12:00,138,verified,120125-121525.pdf,1,2025_November1December15_120125-121525_p01.png
Kamuning,2025-12-01,13,2025-12-01 13:00,70,verified,120125-121525.pdf,1,2025_November1December15_120125-121525_p01.png
Kamuning,2025-12-01,14,2025-12-01 14:00,163,verified,120125-121525.pdf,1,2025_November1December15_120125-121525_p01.png
Kamuning,2025-12-01,15,2025-12-01 15:00,131,verified,120125-121525.pdf,1,2025_November1December15_120125-121525_p01.png
Kamuning,2025-12-01,16,2025-12-01 16:00,131,verified,120125-121525.pdf,1,2025_November1December15_120125-121525_p01.png
Kamuning,2025-12-01,17,2025-12-01 17:00,207,verified,120125-121525.pdf,1,2025_November1December15_120125-121525_p01.png
Kamuning,2025-12-01,18,2025-12-01 18:00,570,verified,120125-121525.pdf,1,2025_November1December15_120125-121525_p01.png
Kamuning,2025-12-01,19,2025-12-01 19:00,288,verified,120125-121525.pdf,1,2025_November1December15_120125-121525_p01.png
Kamuning,2025-12-01,20,2025-12-01 20:00,182,verified,120125-121525.pdf,1,2025_November1December15_120125-121525_p01.png
Kamuning,2025-12-01,21,2025-12-01 21:00,143,verified,120125-121525.pdf,1,2025_November1December15_120125-121525_p01.png
Kamuning,2025-12-01,22,2025-12-01 22:00,124,verified,120125-121525.pdf,1,2025_November1December15_120125-121525_p01.png
Kamuning,2025-12-01,23,2025-12-01 23:00,68,verified,120125-121525.pdf,1,2025_November1December15_120125-121525_p01.png
Kamuning,2025-12-01,0,2025-12-02 00:00,64,verified,120125-121525.pdf,1,2025_November1December15_120125-121525_p01.png
Kamuning,2025-12-01,1,2025-12-02 01:00,84,verified,120125-121525.pdf,1,2025_November1December15_120125-121525_p01.png
Kamuning,2025-12-01,2,2025-12-02 02:00,74,verified,120125-121525.pdf,1,2025_November1December15_120125-121525_p01.png
Kamuning,2025-12-01,3,2025-12-02 03:00,54,verified,120125-121525.pdf,1,2025_November1December15_120125-121525_p01.png
Kamuning,2025-12-01,4,2025-12-02 04:00,80,verified,120125-121525.pdf,1,2025_November1December15_120125-121525_p01.png
Kamuning,2025-12-01,5,2025-12-02 05:00,95,verified,120125-121525.pdf,1,2025_November1December15_120125-121525_p01.png
Kamuning,2025-12-02,6,2025-12-02 06:00,391,verified,120125-121525.pdf,1,2025_November1December15_120125-121525_p01.png
Kamuning,2025-12-02,7,2025-12-02 07:00,336,verified,120125-121525.pdf,1,2025_November1December15_120125-121525_p01.png
Kamuning,2025-12-02,8,2025-12-02 08:00,141,verified,120125-121525.pdf,1,2025_November1December15_120125-121525_p01.png
Kamuning,2025-12-02,9,2025-12-02 09:00,163,verified,120125-121525.pdf,1,2025_November1December15_120125-121525_p01.png
Kamuning,2025-12-02,10,2025-12-02 10:00,112,verified,120125-121525.pdf,1,2025_November1December15_120125-121525_p01.png
Kamuning,2025-12-02,11,2025-12-02 11:00,235,verified,120125-121525.pdf,1,2025_November1December15_120125-121525_p01.png
Kamuning,2025-12-02,12,2025-12-02 12:00,173,verified,120125-121525.pdf,1,2025_November1December15_120125-121525_p01.png
Kamuning,2025-12-02,13,2025-12-02 13:00,88,verified,120125-121525.pdf,1,2025_November1December15_120125-121525_p01.png
Kamuning,2025-12-02,14,2025-12-02 14:00,138,verified,120125-121525.pdf,1,2025_November1December15_120125-121525_p01.png
Kamuning,2025-12-02,15,2025-12-02 15:00,121,verified,120125-121525.pdf,1,2025_November1December15_120125-121525_p01.png
Kamuning,2025-12-02,16,2025-12-02 16:00,185,verified,120125-121525.pdf,1,2025_November1December15_120125-121525_p01.png
Kamuning,2025-12-02,17,2025-12-02 17:00,253,verified,120125-121525.pdf,1,2025_November1December15_120125-121525_p01.png
Kamuning,2025-12-02,18,2025-12-02 18:00,432,verified,120125-121525.pdf,1,2025_November1December15_120125-121525_p01.png
Kamuning,2025-12-02,19,2025-12-02 19:00,383,verified,120125-121525.pdf,1,2025_November1December15_120125-121525_p01.png
Kamuning,2025-12-02,20,2025-12-02 20:00,163,verified,120125-121525.pdf,1,2025_November1December15_120125-121525_p01.png
Kamuning,2025-12-02,21,2025-12-02 21:00,248,verified,120125-121525.pdf,1,2025_November1December15_120125-121525_p01.png
Kamuning,2025-12-02,22,2025-12-02 22:00,195,verified,120125-121525.pdf,1,2025_November1December15_120125-121525_p01.png
Kamuning,2025-12-02,23,2025-12-02 23:00,173,verified,120125-121525.pdf,1,2025_November1December15_120125-121525_p01.png
Kamuning,2025-12-02,0,2025-12-03 00:00,166,verified,120125-121525.pdf,1,2025_November1December15_120125-121525_p01.png
Kamuning,2025-12-02,1,2025-12-03 01:00,146,verified,120125-121525.pdf,1,2025_November1December15_120125-121525_p01.png
Kamuning,2025-12-02,2,2025-12-03 02:00,115,verified,120125-121525.pdf,1,2025_November1December15_120125-121525_p01.png
Kamuning,2025-12-02,3,2025-12-03 03:00,80,verified,120125-121525.pdf,1,2025_November1December15_120125-121525_p01.png
Kamuning,2025-12-02,4,2025-12-03 04:00,151,verified,120125-121525.pdf,1,2025_November1December15_120125-121525_p01.png
Kamuning,2025-12-02,5,2025-12-03 05:00,158,verified,120125-121525.pdf,1,2025_November1December15_120125-121525_p01.png
Kamuning,2025-12-03,6,2025-12-03 06:00,287,verified,120125-121525.pdf,2,2025_November1December15_120125-121525_p02.png
Kamuning,2025-12-03,7,2025-12-03 07:00,289,verified,120125-121525.pdf,2,2025_November1December15_120125-121525_p02.png
Kamuning,2025-12-03,8,2025-12-03 08:00,101,verified,120125-121525.pdf,2,2025_November1December15_120125-121525_p02.png
Kamuning,2025-12-03,9,2025-12-03 09:00,176,verified,120125-121525.pdf,2,2025_November1December15_120125-121525_p02.png
Kamuning,2025-12-03,10,2025-12-03 10:00,118,verified,120125-121525.pdf,2,2025_November1December15_120125-121525_p02.png
Kamuning,2025-12-03,11,2025-12-03 11:00,186,verified,120125-121525.pdf,2,2025_November1December15_120125-121525_p02.png
Kamuning,2025-12-03,12,2025-12-03 12:00,253,verified,120125-121525.pdf,2,2025_November1December15_120125-121525_p02.png
Kamuning,2025-12-03,13,2025-12-03 13:00,131,verified,120125-121525.pdf,2,2025_November1December15_120125-121525_p02.png
Kamuning,2025-12-03,14,2025-12-03 14:00,236,verified,120125-121525.pdf,2,2025_November1December15_120125-121525_p02.png
Kamuning,2025-12-03,15,2025-12-03 15:00,380,verified,120125-121525.pdf,2,2025_November1December15_120125-121525_p02.png
Kamuning,2025-12-03,16,2025-12-03 16:00,433,verified,120125-121525.pdf,2,2025_November1December15_120125-121525_p02.png
Kamuning,2025-12-03,17,2025-12-03 17:00,276,verified,120125-121525.pdf,2,2025_November1December15_120125-121525_p02.png
Kamuning,2025-12-03,18,2025-12-03 18:00,578,verified,120125-121525.pdf,2,2025_November1December15_120125-121525_p02.png
Kamuning,2025-12-03,19,2025-12-03 19:00,353,verified,120125-121525.pdf,2,2025_November1December15_120125-121525_p02.png
Kamuning,2025-12-03,20,2025-12-03 20:00,148,verified,120125-121525.pdf,2,2025_November1December15_120125-121525_p02.png
Kamuning,2025-12-03,21,2025-12-03 21:00,187,verified,120125-121525.pdf,2,2025_November1December15_120125-121525_p02.png
Kamuning,2025-12-03,22,2025-12-03 22:00,137,verified,120125-121525.pdf,2,2025_November1December15_120125-121525_p02.png
Kamuning,2025-12-03,23,2025-12-03 23:00,72,verified,120125-121525.pdf,2,2025_November1December15_120125-121525_p02.png
Kamuning,2025-12-03,0,2025-12-04 00:00,50,verified,120125-121525.pdf,2,2025_November1December15_120125-121525_p02.png
Kamuning,2025-12-03,1,2025-12-04 01:00,26,verified,120125-121525.pdf,2,2025_November1December15_120125-121525_p02.png
Kamuning,2025-12-03,2,2025-12-04 02:00,52,verified,120125-121525.pdf,2,2025_November1December15_120125-121525_p02.png
Kamuning,2025-12-03,3,2025-12-04 03:00,86,verified,120125-121525.pdf,2,2025_November1December15_120125-121525_p02.png
Kamuning,2025-12-03,4,2025-12-04 04:00,56,verified,120125-121525.pdf,2,2025_November1December15_120125-121525_p02.png
Kamuning,2025-12-03,5,2025-12-04 05:00,66,verified,120125-121525.pdf,2,2025_November1December15_120125-121525_p02.png
Kamuning,2025-12-04,6,2025-12-04 06:00,270,verified,120125-121525.pdf,2,2025_November1December15_120125-121525_p02.png
Kamuning,2025-12-04,7,2025-12-04 07:00,307,verified,120125-121525.pdf,2,2025_November1December15_120125-121525_p02.png
Kamuning,2025-12-04,8,2025-12-04 08:00,162,verified,120125-121525.pdf,2,2025_November1December15_120125-121525_p02.png
Kamuning,2025-12-04,9,2025-12-04 09:00,233,verified,120125-121525.pdf,2,2025_November1December15_120125-121525_p02.png
Kamuning,2025-12-04,10,2025-12-04 10:00,261,verified,120125-121525.pdf,2,2025_November1December15_120125-121525_p02.png
Kamuning,2025-12-04,11,2025-12-04 11:00,165,verified,120125-121525.pdf,2,2025_November1December15_120125-121525_p02.png
Kamuning,2025-12-04,12,2025-12-04 12:00,271,verified,120125-121525.pdf,2,2025_November1December15_120125-121525_p02.png
Kamuning,2025-12-04,13,2025-12-04 13:00,201,verified,120125-121525.pdf,2,2025_November1December15_120125-121525_p02.png
Kamuning,2025-12-04,14,2025-12-04 14:00,282,verified,120125-121525.pdf,2,2025_November1December15_120125-121525_p02.png
Kamuning,2025-12-04,15,2025-12-04 15:00,327,verified,120125-121525.pdf,2,2025_November1December15_120125-121525_p02.png
Kamuning,2025-12-04,16,2025-12-04 16:00,365,verified,120125-121525.pdf,2,2025_November1December15_120125-121525_p02.png
Kamuning,2025-12-04,17,2025-12-04 17:00,291,verified,120125-121525.pdf,2,2025_November1December15_120125-121525_p02.png
Kamuning,2025-12-04,18,2025-12-04 18:00,526,verified,120125-121525.pdf,2,2025_November1December15_120125-121525_p02.png
Kamuning,2025-12-04,19,2025-12-04 19:00,334,verified,120125-121525.pdf,2,2025_November1December15_120125-121525_p02.png
Kamuning,2025-12-04,20,2025-12-04 20:00,194,verified,120125-121525.pdf,2,2025_November1December15_120125-121525_p02.png
Kamuning,2025-12-04,21,2025-12-04 21:00,203,verified,120125-121525.pdf,2,2025_November1December15_120125-121525_p02.png
Kamuning,2025-12-04,22,2025-12-04 22:00,164,verified,120125-121525.pdf,2,2025_November1December15_120125-121525_p02.png
Kamuning,2025-12-04,23,2025-12-04 23:00,87,verified,120125-121525.pdf,2,2025_November1December15_120125-121525_p02.png
Kamuning,2025-12-04,0,2025-12-05 00:00,57,verified,120125-121525.pdf,2,2025_November1December15_120125-121525_p02.png
Kamuning,2025-12-04,1,2025-12-05 01:00,31,verified,120125-121525.pdf,2,2025_November1December15_120125-121525_p02.png
Kamuning,2025-12-04,2,2025-12-05 02:00,32,verified,120125-121525.pdf,2,2025_November1December15_120125-121525_p02.png
Kamuning,2025-12-04,3,2025-12-05 03:00,87,verified,120125-121525.pdf,2,2025_November1December15_120125-121525_p02.png
Kamuning,2025-12-04,4,2025-12-05 04:00,76,verified,120125-121525.pdf,2,2025_November1December15_120125-121525_p02.png
Kamuning,2025-12-04,5,2025-12-05 05:00,336,verified,120125-121525.pdf,2,2025_November1December15_120125-121525_p02.png
Kamuning,2025-12-05,6,2025-12-05 06:00,327,verified,120125-121525.pdf,3,2025_November1December15_120125-121525_p03.png
Kamuning,2025-12-05,7,2025-12-05 07:00,294,verified,120125-121525.pdf,3,2025_November1December15_120125-121525_p03.png
Kamuning,2025-12-05,8,2025-12-05 08:00,266,verified,120125-121525.pdf,3,2025_November1December15_120125-121525_p03.png
Kamuning,2025-12-05,9,2025-12-05 09:00,227,verified,120125-121525.pdf,3,2025_November1December15_120125-121525_p03.png
Kamuning,2025-12-05,10,2025-12-05 10:00,173,verified,120125-121525.pdf,3,2025_November1December15_120125-121525_p03.png
Kamuning,2025-12-05,11,2025-12-05 11:00,115,verified,120125-121525.pdf,3,2025_November1December15_120125-121525_p03.png
Kamuning,2025-12-05,12,2025-12-05 12:00,225,verified,120125-121525.pdf,3,2025_November1December15_120125-121525_p03.png
Kamuning,2025-12-05,13,2025-12-05 13:00,231,verified,120125-121525.pdf,3,2025_November1December15_120125-121525_p03.png
Kamuning,2025-12-05,14,2025-12-05 14:00,126,verified,120125-121525.pdf,3,2025_November1December15_120125-121525_p03.png
Kamuning,2025-12-05,15,2025-12-05 15:00,292,verified,120125-121525.pdf,3,2025_November1December15_120125-121525_p03.png
Kamuning,2025-12-05,16,2025-12-05 16:00,421,verified,120125-121525.pdf,3,2025_November1December15_120125-121525_p03.png
Kamuning,2025-12-05,17,2025-12-05 17:00,305,verified,120125-121525.pdf,3,2025_November1December15_120125-121525_p03.png
Kamuning,2025-12-05,18,2025-12-05 18:00,659,verified,120125-121525.pdf,3,2025_November1December15_120125-121525_p03.png
Kamuning,2025-12-05,19,2025-12-05 19:00,131,verified,120125-121525.pdf,3,2025_November1December15_120125-121525_p03.png
Kamuning,2025-12-05,20,2025-12-05 20:00,200,verified,120125-121525.pdf,3,2025_November1December15_120125-121525_p03.png
Kamuning,2025-12-05,21,2025-12-05 21:00,158,verified,120125-121525.pdf,3,2025_November1December15_120125-121525_p03.png
Kamuning,2025-12-05,22,2025-12-05 22:00,169,verified,120125-121525.pdf,3,2025_November1December15_120125-121525_p03.png
Kamuning,2025-12-05,23,2025-12-05 23:00,120,verified,120125-121525.pdf,3,2025_November1December15_120125-121525_p03.png
Kamuning,2025-12-05,0,2025-12-06 00:00,73,verified,120125-121525.pdf,3,2025_November1December15_120125-121525_p03.png
Kamuning,2025-12-05,1,2025-12-06 01:00,31,verified,120125-121525.pdf,3,2025_November1December15_120125-121525_p03.png
Kamuning,2025-12-05,2,2025-12-06 02:00,38,verified,120125-121525.pdf,3,2025_November1December15_120125-121525_p03.png
Kamuning,2025-12-05,3,2025-12-06 03:00,56,verified,120125-121525.pdf,3,2025_November1December15_120125-121525_p03.png
Kamuning,2025-12-05,4,2025-12-06 04:00,69,verified,120125-121525.pdf,3,2025_November1December15_120125-121525_p03.png
Kamuning,2025-12-05,5,2025-12-06 05:00,108,verified,120125-121525.pdf,3,2025_November1December15_120125-121525_p03.png
Kamuning,2025-12-06,6,2025-12-06 06:00,322,verified,120125-121525.pdf,3,2025_November1December15_120125-121525_p03.png
Kamuning,2025-12-06,7,2025-12-06 07:00,255,verified,120125-121525.pdf,3,2025_November1December15_120125-121525_p03.png
Kamuning,2025-12-06,8,2025-12-06 08:00,240,verified,120125-121525.pdf,3,2025_November1December15_120125-121525_p03.png
Kamuning,2025-12-06,9,2025-12-06 09:00,168,verified,120125-121525.pdf,3,2025_November1December15_120125-121525_p03.png
Kamuning,2025-12-06,10,2025-12-06 10:00,137,verified,120125-121525.pdf,3,2025_November1December15_120125-121525_p03.png
Kamuning,2025-12-06,11,2025-12-06 11:00,132,verified,120125-121525.pdf,3,2025_November1December15_120125-121525_p03.png
Kamuning,2025-12-06,12,2025-12-06 12:00,135,verified,120125-121525.pdf,3,2025_November1December15_120125-121525_p03.png
Kamuning,2025-12-06,13,2025-12-06 13:00,101,verified,120125-121525.pdf,3,2025_November1December15_120125-121525_p03.png
Kamuning,2025-12-06,14,2025-12-06 14:00,132,verified,120125-121525.pdf,3,2025_November1December15_120125-121525_p03.png
Kamuning,2025-12-06,15,2025-12-06 15:00,250,verified,120125-121525.pdf,3,2025_November1December15_120125-121525_p03.png
Kamuning,2025-12-06,16,2025-12-06 16:00,235,verified,120125-121525.pdf,3,2025_November1December15_120125-121525_p03.png
Kamuning,2025-12-06,17,2025-12-06 17:00,154,verified,120125-121525.pdf,3,2025_November1December15_120125-121525_p03.png
Kamuning,2025-12-06,18,2025-12-06 18:00,175,verified,120125-121525.pdf,3,2025_November1December15_120125-121525_p03.png
Kamuning,2025-12-06,19,2025-12-06 19:00,129,verified,120125-121525.pdf,3,2025_November1December15_120125-121525_p03.png
Kamuning,2025-12-06,20,2025-12-06 20:00,164,verified,120125-121525.pdf,3,2025_November1December15_120125-121525_p03.png
Kamuning,2025-12-06,21,2025-12-06 21:00,107,verified,120125-121525.pdf,3,2025_November1December15_120125-121525_p03.png
Kamuning,2025-12-06,22,2025-12-06 22:00,167,verified,120125-121525.pdf,3,2025_November1December15_120125-121525_p03.png
Kamuning,2025-12-06,23,2025-12-06 23:00,58,verified,120125-121525.pdf,3,2025_November1December15_120125-121525_p03.png
Kamuning,2025-12-06,0,2025-12-07 00:00,37,verified,120125-121525.pdf,3,2025_November1December15_120125-121525_p03.png
Kamuning,2025-12-06,1,2025-12-07 01:00,29,verified,120125-121525.pdf,3,2025_November1December15_120125-121525_p03.png
Kamuning,2025-12-06,2,2025-12-07 02:00,35,verified,120125-121525.pdf,3,2025_November1December15_120125-121525_p03.png
Kamuning,2025-12-06,3,2025-12-07 03:00,59,verified,120125-121525.pdf,3,2025_November1December15_120125-121525_p03.png
Kamuning,2025-12-06,4,2025-12-07 04:00,72,verified,120125-121525.pdf,3,2025_November1December15_120125-121525_p03.png
Kamuning,2025-12-06,5,2025-12-07 05:00,71,verified,120125-121525.pdf,3,2025_November1December15_120125-121525_p03.png
Kamuning,2025-12-07,6,2025-12-07 06:00,114,verified,120125-121525.pdf,4,2025_November1December15_120125-121525_p04.png
Kamuning,2025-12-07,7,2025-12-07 07:00,95,verified,120125-121525.pdf,4,2025_November1December15_120125-121525_p04.png
Kamuning,2025-12-07,8,2025-12-07 08:00,112,verified,120125-121525.pdf,4,2025_November1December15_120125-121525_p04.png
Kamuning,2025-12-07,9,2025-12-07 09:00,97,verified,120125-121525.pdf,4,2025_November1December15_120125-121525_p04.png
Kamuning,2025-12-07,10,2025-12-07 10:00,120,verified,120125-121525.pdf,4,2025_November1December15_120125-121525_p04.png
Kamuning,2025-12-07,11,2025-12-07 11:00,140,verified,120125-121525.pdf,4,2025_November1December15_120125-121525_p04.png
Kamuning,2025-12-07,12,2025-12-07 12:00,101,verified,120125-121525.pdf,4,2025_November1December15_120125-121525_p04.png
Kamuning,2025-12-07,13,2025-12-07 13:00,117,verified,120125-121525.pdf,4,2025_November1December15_120125-121525_p04.png
Kamuning,2025-12-07,14,2025-12-07 14:00,160,verified,120125-121525.pdf,4,2025_November1December15_120125-121525_p04.png
Kamuning,2025-12-07,15,2025-12-07 15:00,253,verified,120125-121525.pdf,4,2025_November1December15_120125-121525_p04.png
Kamuning,2025-12-07,16,2025-12-07 16:00,286,verified,120125-121525.pdf,4,2025_November1December15_120125-121525_p04.png
Kamuning,2025-12-07,17,2025-12-07 17:00,256,verified,120125-121525.pdf,4,2025_November1December15_120125-121525_p04.png
Kamuning,2025-12-07,18,2025-12-07 18:00,177,verified,120125-121525.pdf,4,2025_November1December15_120125-121525_p04.png
Kamuning,2025-12-07,19,2025-12-07 19:00,149,verified,120125-121525.pdf,4,2025_November1December15_120125-121525_p04.png
Kamuning,2025-12-07,20,2025-12-07 20:00,106,verified,120125-121525.pdf,4,2025_November1December15_120125-121525_p04.png
Kamuning,2025-12-07,21,2025-12-07 21:00,135,verified,120125-121525.pdf,4,2025_November1December15_120125-121525_p04.png
Kamuning,2025-12-07,22,2025-12-07 22:00,116,verified,120125-121525.pdf,4,2025_November1December15_120125-121525_p04.png
Kamuning,2025-12-07,23,2025-12-07 23:00,41,verified,120125-121525.pdf,4,2025_November1December15_120125-121525_p04.png
Kamuning,2025-12-07,0,2025-12-08 00:00,42,verified,120125-121525.pdf,4,2025_November1December15_120125-121525_p04.png
Kamuning,2025-12-07,1,2025-12-08 01:00,28,verified,120125-121525.pdf,4,2025_November1December15_120125-121525_p04.png
Kamuning,2025-12-07,2,2025-12-08 02:00,51,verified,120125-121525.pdf,4,2025_November1December15_120125-121525_p04.png
Kamuning,2025-12-07,3,2025-12-08 03:00,107,verified,120125-121525.pdf,4,2025_November1December15_120125-121525_p04.png
Kamuning,2025-12-07,4,2025-12-08 04:00,77,verified,120125-121525.pdf,4,2025_November1December15_120125-121525_p04.png
Kamuning,2025-12-07,5,2025-12-08 05:00,47,verified,120125-121525.pdf,4,2025_November1December15_120125-121525_p04.png
Kamuning,2025-12-08,6,2025-12-08 06:00,339,verified,120125-121525.pdf,4,2025_November1December15_120125-121525_p04.png
Kamuning,2025-12-08,7,2025-12-08 07:00,256,verified,120125-121525.pdf,4,2025_November1December15_120125-121525_p04.png
Kamuning,2025-12-08,8,2025-12-08 08:00,248,verified,120125-121525.pdf,4,2025_November1December15_120125-121525_p04.png
Kamuning,2025-12-08,9,2025-12-08 09:00,199,verified,120125-121525.pdf,4,2025_November1December15_120125-121525_p04.png
Kamuning,2025-12-08,10,2025-12-08 10:00,158,verified,120125-121525.pdf,4,2025_November1December15_120125-121525_p04.png
Kamuning,2025-12-08,11,2025-12-08 11:00,193,verified,120125-121525.pdf,4,2025_November1December15_120125-121525_p04.png
Kamuning,2025-12-08,12,2025-12-08 12:00,144,verified,120125-121525.pdf,4,2025_November1December15_120125-121525_p04.png
Kamuning,2025-12-08,13,2025-12-08 13:00,145,verified,120125-121525.pdf,4,2025_November1December15_120125-121525_p04.png
Kamuning,2025-12-08,14,2025-12-08 14:00,181,verified,120125-121525.pdf,4,2025_November1December15_120125-121525_p04.png
Kamuning,2025-12-08,15,2025-12-08 15:00,229,verified,120125-121525.pdf,4,2025_November1December15_120125-121525_p04.png
Kamuning,2025-12-08,16,2025-12-08 16:00,293,verified,120125-121525.pdf,4,2025_November1December15_120125-121525_p04.png
Kamuning,2025-12-08,17,2025-12-08 17:00,215,verified,120125-121525.pdf,4,2025_November1December15_120125-121525_p04.png
Kamuning,2025-12-08,18,2025-12-08 18:00,290,verified,120125-121525.pdf,4,2025_November1December15_120125-121525_p04.png
Kamuning,2025-12-08,19,2025-12-08 19:00,121,verified,120125-121525.pdf,4,2025_November1December15_120125-121525_p04.png
Kamuning,2025-12-08,20,2025-12-08 20:00,136,verified,120125-121525.pdf,4,2025_November1December15_120125-121525_p04.png
Kamuning,2025-12-08,21,2025-12-08 21:00,143,verified,120125-121525.pdf,4,2025_November1December15_120125-121525_p04.png
Kamuning,2025-12-08,22,2025-12-08 22:00,115,verified,120125-121525.pdf,4,2025_November1December15_120125-121525_p04.png
Kamuning,2025-12-08,23,2025-12-08 23:00,78,verified,120125-121525.pdf,4,2025_November1December15_120125-121525_p04.png
Kamuning,2025-12-08,0,2025-12-09 00:00,49,verified,120125-121525.pdf,4,2025_November1December15_120125-121525_p04.png
Kamuning,2025-12-08,1,2025-12-09 01:00,47,verified,120125-121525.pdf,4,2025_November1December15_120125-121525_p04.png
Kamuning,2025-12-08,2,2025-12-09 02:00,44,verified,120125-121525.pdf,4,2025_November1December15_120125-121525_p04.png
Kamuning,2025-12-08,3,2025-12-09 03:00,80,verified,120125-121525.pdf,4,2025_November1December15_120125-121525_p04.png
Kamuning,2025-12-08,4,2025-12-09 04:00,124,verified,120125-121525.pdf,4,2025_November1December15_120125-121525_p04.png
Kamuning,2025-12-08,5,2025-12-09 05:00,168,verified,120125-121525.pdf,4,2025_November1December15_120125-121525_p04.png
Kamuning,2025-12-09,6,2025-12-09 06:00,485,verified,120125-121525.pdf,5,2025_November1December15_120125-121525_p05.png
Kamuning,2025-12-09,7,2025-12-09 07:00,453,verified,120125-121525.pdf,5,2025_November1December15_120125-121525_p05.png
Kamuning,2025-12-09,8,2025-12-09 08:00,349,verified,120125-121525.pdf,5,2025_November1December15_120125-121525_p05.png
Kamuning,2025-12-09,9,2025-12-09 09:00,294,verified,120125-121525.pdf,5,2025_November1December15_120125-121525_p05.png
Kamuning,2025-12-09,10,2025-12-09 10:00,218,verified,120125-121525.pdf,5,2025_November1December15_120125-121525_p05.png
Kamuning,2025-12-09,11,2025-12-09 11:00,190,verified,120125-121525.pdf,5,2025_November1December15_120125-121525_p05.png
Kamuning,2025-12-09,12,2025-12-09 12:00,155,verified,120125-121525.pdf,5,2025_November1December15_120125-121525_p05.png
Kamuning,2025-12-09,13,2025-12-09 13:00,157,verified,120125-121525.pdf,5,2025_November1December15_120125-121525_p05.png
Kamuning,2025-12-09,14,2025-12-09 14:00,248,verified,120125-121525.pdf,5,2025_November1December15_120125-121525_p05.png
Kamuning,2025-12-09,15,2025-12-09 15:00,252,verified,120125-121525.pdf,5,2025_November1December15_120125-121525_p05.png
Kamuning,2025-12-09,16,2025-12-09 16:00,358,verified,120125-121525.pdf,5,2025_November1December15_120125-121525_p05.png
Kamuning,2025-12-09,17,2025-12-09 17:00,339,verified,120125-121525.pdf,5,2025_November1December15_120125-121525_p05.png
Kamuning,2025-12-09,18,2025-12-09 18:00,393,verified,120125-121525.pdf,5,2025_November1December15_120125-121525_p05.png
Kamuning,2025-12-09,19,2025-12-09 19:00,232,verified,120125-121525.pdf,5,2025_November1December15_120125-121525_p05.png
Kamuning,2025-12-09,20,2025-12-09 20:00,246,verified,120125-121525.pdf,5,2025_November1December15_120125-121525_p05.png
Kamuning,2025-12-09,21,2025-12-09 21:00,137,verified,120125-121525.pdf,5,2025_November1December15_120125-121525_p05.png
Kamuning,2025-12-09,22,2025-12-09 22:00,180,verified,120125-121525.pdf,5,2025_November1December15_120125-121525_p05.png
Kamuning,2025-12-09,23,2025-12-09 23:00,171,verified,120125-121525.pdf,5,2025_November1December15_120125-121525_p05.png
Kamuning,2025-12-09,0,2025-12-10 00:00,91,verified,120125-121525.pdf,5,2025_November1December15_120125-121525_p05.png
Kamuning,2025-12-09,1,2025-12-10 01:00,132,verified,120125-121525.pdf,5,2025_November1December15_120125-121525_p05.png
Kamuning,2025-12-09,2,2025-12-10 02:00,90,verified,120125-121525.pdf,5,2025_November1December15_120125-121525_p05.png
Kamuning,2025-12-09,3,2025-12-10 03:00,61,verified,120125-121525.pdf,5,2025_November1December15_120125-121525_p05.png
Kamuning,2025-12-09,4,2025-12-10 04:00,59,verified,120125-121525.pdf,5,2025_November1December15_120125-121525_p05.png
Kamuning,2025-12-09,5,2025-12-10 05:00,152,verified,120125-121525.pdf,5,2025_November1December15_120125-121525_p05.png
Kamuning,2025-12-10,6,2025-12-10 06:00,224,verified,120125-121525.pdf,5,2025_November1December15_120125-121525_p05.png
Kamuning,2025-12-10,7,2025-12-10 07:00,336,verified,120125-121525.pdf,5,2025_November1December15_120125-121525_p05.png
Kamuning,2025-12-10,8,2025-12-10 08:00,273,verified,120125-121525.pdf,5,2025_November1December15_120125-121525_p05.png
Kamuning,2025-12-10,9,2025-12-10 09:00,209,verified,120125-121525.pdf,5,2025_November1December15_120125-121525_p05.png
Kamuning,2025-12-10,10,2025-12-10 10:00,108,verified,120125-121525.pdf,5,2025_November1December15_120125-121525_p05.png
Kamuning,2025-12-10,11,2025-12-10 11:00,117,verified,120125-121525.pdf,5,2025_November1December15_120125-121525_p05.png
Kamuning,2025-12-10,12,2025-12-10 12:00,159,verified,120125-121525.pdf,5,2025_November1December15_120125-121525_p05.png
Kamuning,2025-12-10,13,2025-12-10 13:00,271,verified,120125-121525.pdf,5,2025_November1December15_120125-121525_p05.png
Kamuning,2025-12-10,14,2025-12-10 14:00,266,verified,120125-121525.pdf,5,2025_November1December15_120125-121525_p05.png
Kamuning,2025-12-10,15,2025-12-10 15:00,324,verified,120125-121525.pdf,5,2025_November1December15_120125-121525_p05.png
Kamuning,2025-12-10,16,2025-12-10 16:00,383,verified,120125-121525.pdf,5,2025_November1December15_120125-121525_p05.png
Kamuning,2025-12-10,17,2025-12-10 17:00,248,verified,120125-121525.pdf,5,2025_November1December15_120125-121525_p05.png
Kamuning,2025-12-10,18,2025-12-10 18:00,480,verified,120125-121525.pdf,5,2025_November1December15_120125-121525_p05.png
Kamuning,2025-12-10,19,2025-12-10 19:00,306,verified,120125-121525.pdf,5,2025_November1December15_120125-121525_p05.png
Kamuning,2025-12-10,20,2025-12-10 20:00,242,verified,120125-121525.pdf,5,2025_November1December15_120125-121525_p05.png
Kamuning,2025-12-10,21,2025-12-10 21:00,197,verified,120125-121525.pdf,5,2025_November1December15_120125-121525_p05.png
Kamuning,2025-12-10,22,2025-12-10 22:00,168,verified,120125-121525.pdf,5,2025_November1December15_120125-121525_p05.png
Kamuning,2025-12-10,23,2025-12-10 23:00,62,verified,120125-121525.pdf,5,2025_November1December15_120125-121525_p05.png
Kamuning,2025-12-10,0,2025-12-11 00:00,25,verified,120125-121525.pdf,5,2025_November1December15_120125-121525_p05.png
Kamuning,2025-12-10,1,2025-12-11 01:00,26,verified,120125-121525.pdf,5,2025_November1December15_120125-121525_p05.png
Kamuning,2025-12-10,2,2025-12-11 02:00,41,verified,120125-121525.pdf,5,2025_November1December15_120125-121525_p05.png
Kamuning,2025-12-10,3,2025-12-11 03:00,41,verified,120125-121525.pdf,5,2025_November1December15_120125-121525_p05.png
Kamuning,2025-12-10,4,2025-12-11 04:00,93,verified,120125-121525.pdf,5,2025_November1December15_120125-121525_p05.png
Kamuning,2025-12-10,5,2025-12-11 05:00,119,verified,120125-121525.pdf,5,2025_November1December15_120125-121525_p05.png
Kamuning,2025-12-11,6,2025-12-11 06:00,348,verified,120125-121525.pdf,6,2025_November1December15_120125-121525_p06.png
Kamuning,2025-12-11,7,2025-12-11 07:00,478,verified,120125-121525.pdf,6,2025_November1December15_120125-121525_p06.png
Kamuning,2025-12-11,8,2025-12-11 08:00,259,verified,120125-121525.pdf,6,2025_November1December15_120125-121525_p06.png
Kamuning,2025-12-11,9,2025-12-11 09:00,279,verified,120125-121525.pdf,6,2025_November1December15_120125-121525_p06.png
Kamuning,2025-12-11,10,2025-12-11 10:00,153,verified,120125-121525.pdf,6,2025_November1December15_120125-121525_p06.png
Kamuning,2025-12-11,11,2025-12-11 11:00,122,verified,120125-121525.pdf,6,2025_November1December15_120125-121525_p06.png
Kamuning,2025-12-11,12,2025-12-11 12:00,121,verified,120125-121525.pdf,6,2025_November1December15_120125-121525_p06.png
Kamuning,2025-12-11,13,2025-12-11 13:00,244,verified,120125-121525.pdf,6,2025_November1December15_120125-121525_p06.png
Kamuning,2025-12-11,14,2025-12-11 14:00,270,verified,120125-121525.pdf,6,2025_November1December15_120125-121525_p06.png
Kamuning,2025-12-11,15,2025-12-11 15:00,416,verified,120125-121525.pdf,6,2025_November1December15_120125-121525_p06.png
Kamuning,2025-12-11,16,2025-12-11 16:00,396,verified,120125-121525.pdf,6,2025_November1December15_120125-121525_p06.png
Kamuning,2025-12-11,17,2025-12-11 17:00,264,verified,120125-121525.pdf,6,2025_November1December15_120125-121525_p06.png
Kamuning,2025-12-11,18,2025-12-11 18:00,740,verified,120125-121525.pdf,6,2025_November1December15_120125-121525_p06.png
Kamuning,2025-12-11,19,2025-12-11 19:00,288,verified,120125-121525.pdf,6,2025_November1December15_120125-121525_p06.png
Kamuning,2025-12-11,20,2025-12-11 20:00,200,verified,120125-121525.pdf,6,2025_November1December15_120125-121525_p06.png
Kamuning,2025-12-11,21,2025-12-11 21:00,164,verified,120125-121525.pdf,6,2025_November1December15_120125-121525_p06.png
Kamuning,2025-12-11,22,2025-12-11 22:00,140,verified,120125-121525.pdf,6,2025_November1December15_120125-121525_p06.png
Kamuning,2025-12-11,23,2025-12-11 23:00,62,verified,120125-121525.pdf,6,2025_November1December15_120125-121525_p06.png
Kamuning,2025-12-11,0,2025-12-12 00:00,54,verified,120125-121525.pdf,6,2025_November1December15_120125-121525_p06.png
Kamuning,2025-12-11,1,2025-12-12 01:00,60,verified,120125-121525.pdf,6,2025_November1December15_120125-121525_p06.png
Kamuning,2025-12-11,2,2025-12-12 02:00,52,verified,120125-121525.pdf,6,2025_November1December15_120125-121525_p06.png
Kamuning,2025-12-11,3,2025-12-12 03:00,89,verified,120125-121525.pdf,6,2025_November1December15_120125-121525_p06.png
Kamuning,2025-12-11,4,2025-12-12 04:00,104,verified,120125-121525.pdf,6,2025_November1December15_120125-121525_p06.png
Kamuning,2025-12-11,5,2025-12-12 05:00,148,verified,120125-121525.pdf,6,2025_November1December15_120125-121525_p06.png
Kamuning,2025-12-12,6,2025-12-12 06:00,328,verified,120125-121525.pdf,6,2025_November1December15_120125-121525_p06.png
Kamuning,2025-12-12,7,2025-12-12 07:00,376,verified,120125-121525.pdf,6,2025_November1December15_120125-121525_p06.png
Kamuning,2025-12-12,8,2025-12-12 08:00,302,verified,120125-121525.pdf,6,2025_November1December15_120125-121525_p06.png
Kamuning,2025-12-12,9,2025-12-12 09:00,306,verified,120125-121525.pdf,6,2025_November1December15_120125-121525_p06.png
Kamuning,2025-12-12,10,2025-12-12 10:00,192,verified,120125-121525.pdf,6,2025_November1December15_120125-121525_p06.png
Kamuning,2025-12-12,11,2025-12-12 11:00,153,verified,120125-121525.pdf,6,2025_November1December15_120125-121525_p06.png
Kamuning,2025-12-12,12,2025-12-12 12:00,139,verified,120125-121525.pdf,6,2025_November1December15_120125-121525_p06.png
Kamuning,2025-12-12,13,2025-12-12 13:00,159,verified,120125-121525.pdf,6,2025_November1December15_120125-121525_p06.png
Kamuning,2025-12-12,14,2025-12-12 14:00,264,verified,120125-121525.pdf,6,2025_November1December15_120125-121525_p06.png
Kamuning,2025-12-12,15,2025-12-12 15:00,370,verified,120125-121525.pdf,6,2025_November1December15_120125-121525_p06.png
Kamuning,2025-12-12,16,2025-12-12 16:00,361,verified,120125-121525.pdf,6,2025_November1December15_120125-121525_p06.png
Kamuning,2025-12-12,17,2025-12-12 17:00,303,verified,120125-121525.pdf,6,2025_November1December15_120125-121525_p06.png
Kamuning,2025-12-12,18,2025-12-12 18:00,533,verified,120125-121525.pdf,6,2025_November1December15_120125-121525_p06.png
Kamuning,2025-12-12,19,2025-12-12 19:00,241,verified,120125-121525.pdf,6,2025_November1December15_120125-121525_p06.png
Kamuning,2025-12-12,20,2025-12-12 20:00,205,verified,120125-121525.pdf,6,2025_November1December15_120125-121525_p06.png
Kamuning,2025-12-12,21,2025-12-12 21:00,247,verified,120125-121525.pdf,6,2025_November1December15_120125-121525_p06.png
Kamuning,2025-12-12,22,2025-12-12 22:00,271,verified,120125-121525.pdf,6,2025_November1December15_120125-121525_p06.png
Kamuning,2025-12-12,23,2025-12-12 23:00,187,verified,120125-121525.pdf,6,2025_November1December15_120125-121525_p06.png
Kamuning,2025-12-12,0,2025-12-13 00:00,103,verified,120125-121525.pdf,6,2025_November1December15_120125-121525_p06.png
Kamuning,2025-12-12,1,2025-12-13 01:00,64,verified,120125-121525.pdf,6,2025_November1December15_120125-121525_p06.png
Kamuning,2025-12-12,2,2025-12-13 02:00,64,verified,120125-121525.pdf,6,2025_November1December15_120125-121525_p06.png
Kamuning,2025-12-12,3,2025-12-13 03:00,108,verified,120125-121525.pdf,6,2025_November1December15_120125-121525_p06.png
Kamuning,2025-12-12,4,2025-12-13 04:00,110,verified,120125-121525.pdf,6,2025_November1December15_120125-121525_p06.png
Kamuning,2025-12-12,5,2025-12-13 05:00,104,verified,120125-121525.pdf,6,2025_November1December15_120125-121525_p06.png
Kamuning,2025-12-13,6,2025-12-13 06:00,280,verified,120125-121525.pdf,7,2025_November1December15_120125-121525_p07.png
Kamuning,2025-12-13,7,2025-12-13 07:00,342,verified,120125-121525.pdf,7,2025_November1December15_120125-121525_p07.png
Kamuning,2025-12-13,8,2025-12-13 08:00,302,verified,120125-121525.pdf,7,2025_November1December15_120125-121525_p07.png
Kamuning,2025-12-13,9,2025-12-13 09:00,155,verified,120125-121525.pdf,7,2025_November1December15_120125-121525_p07.png
Kamuning,2025-12-13,10,2025-12-13 10:00,181,verified,120125-121525.pdf,7,2025_November1December15_120125-121525_p07.png
Kamuning,2025-12-13,11,2025-12-13 11:00,123,verified,120125-121525.pdf,7,2025_November1December15_120125-121525_p07.png
Kamuning,2025-12-13,12,2025-12-13 12:00,208,verified,120125-121525.pdf,7,2025_November1December15_120125-121525_p07.png
Kamuning,2025-12-13,13,2025-12-13 13:00,279,verified,120125-121525.pdf,7,2025_November1December15_120125-121525_p07.png
Kamuning,2025-12-13,14,2025-12-13 14:00,192,verified,120125-121525.pdf,7,2025_November1December15_120125-121525_p07.png
Kamuning,2025-12-13,15,2025-12-13 15:00,336,verified,120125-121525.pdf,7,2025_November1December15_120125-121525_p07.png
Kamuning,2025-12-13,16,2025-12-13 16:00,392,verified,120125-121525.pdf,7,2025_November1December15_120125-121525_p07.png
Kamuning,2025-12-13,17,2025-12-13 17:00,302,verified,120125-121525.pdf,7,2025_November1December15_120125-121525_p07.png
Kamuning,2025-12-13,18,2025-12-13 18:00,251,verified,120125-121525.pdf,7,2025_November1December15_120125-121525_p07.png
Kamuning,2025-12-13,19,2025-12-13 19:00,187,verified,120125-121525.pdf,7,2025_November1December15_120125-121525_p07.png
Kamuning,2025-12-13,20,2025-12-13 20:00,146,verified,120125-121525.pdf,7,2025_November1December15_120125-121525_p07.png
Kamuning,2025-12-13,21,2025-12-13 21:00,165,verified,120125-121525.pdf,7,2025_November1December15_120125-121525_p07.png
Kamuning,2025-12-13,22,2025-12-13 22:00,258,verified,120125-121525.pdf,7,2025_November1December15_120125-121525_p07.png
Kamuning,2025-12-13,23,2025-12-13 23:00,114,verified,120125-121525.pdf,7,2025_November1December15_120125-121525_p07.png
Kamuning,2025-12-13,0,2025-12-14 00:00,70,verified,120125-121525.pdf,7,2025_November1December15_120125-121525_p07.png
Kamuning,2025-12-13,1,2025-12-14 01:00,55,verified,120125-121525.pdf,7,2025_November1December15_120125-121525_p07.png
Kamuning,2025-12-13,2,2025-12-14 02:00,39,verified,120125-121525.pdf,7,2025_November1December15_120125-121525_p07.png
Kamuning,2025-12-13,3,2025-12-14 03:00,68,verified,120125-121525.pdf,7,2025_November1December15_120125-121525_p07.png
Kamuning,2025-12-13,4,2025-12-14 04:00,44,verified,120125-121525.pdf,7,2025_November1December15_120125-121525_p07.png
Kamuning,2025-12-13,5,2025-12-14 05:00,96,verified,120125-121525.pdf,7,2025_November1December15_120125-121525_p07.png
Kamuning,2025-12-14,6,2025-12-14 06:00,198,verified,120125-121525.pdf,7,2025_November1December15_120125-121525_p07.png
Kamuning,2025-12-14,7,2025-12-14 07:00,233,verified,120125-121525.pdf,7,2025_November1December15_120125-121525_p07.png
Kamuning,2025-12-14,8,2025-12-14 08:00,279,verified,120125-121525.pdf,7,2025_November1December15_120125-121525_p07.png
Kamuning,2025-12-14,9,2025-12-14 09:00,143,verified,120125-121525.pdf,7,2025_November1December15_120125-121525_p07.png
Kamuning,2025-12-14,10,2025-12-14 10:00,180,verified,120125-121525.pdf,7,2025_November1December15_120125-121525_p07.png
Kamuning,2025-12-14,11,2025-12-14 11:00,125,verified,120125-121525.pdf,7,2025_November1December15_120125-121525_p07.png
Kamuning,2025-12-14,12,2025-12-14 12:00,113,verified,120125-121525.pdf,7,2025_November1December15_120125-121525_p07.png
Kamuning,2025-12-14,13,2025-12-14 13:00,251,verified,120125-121525.pdf,7,2025_November1December15_120125-121525_p07.png
Kamuning,2025-12-14,14,2025-12-14 14:00,113,verified,120125-121525.pdf,7,2025_November1December15_120125-121525_p07.png
Kamuning,2025-12-14,15,2025-12-14 15:00,269,verified,120125-121525.pdf,7,2025_November1December15_120125-121525_p07.png
Kamuning,2025-12-14,16,2025-12-14 16:00,316,verified,120125-121525.pdf,7,2025_November1December15_120125-121525_p07.png
Kamuning,2025-12-14,17,2025-12-14 17:00,257,verified,120125-121525.pdf,7,2025_November1December15_120125-121525_p07.png
Kamuning,2025-12-14,18,2025-12-14 18:00,243,verified,120125-121525.pdf,7,2025_November1December15_120125-121525_p07.png
Kamuning,2025-12-14,19,2025-12-14 19:00,167,verified,120125-121525.pdf,7,2025_November1December15_120125-121525_p07.png
Kamuning,2025-12-14,20,2025-12-14 20:00,128,verified,120125-121525.pdf,7,2025_November1December15_120125-121525_p07.png
Kamuning,2025-12-14,21,2025-12-14 21:00,163,verified,120125-121525.pdf,7,2025_November1December15_120125-121525_p07.png
Kamuning,2025-12-14,22,2025-12-14 22:00,125,verified,120125-121525.pdf,7,2025_November1December15_120125-121525_p07.png
Kamuning,2025-12-14,23,2025-12-14 23:00,98,verified,120125-121525.pdf,7,2025_November1December15_120125-121525_p07.png
Kamuning,2025-12-14,0,2025-12-15 00:00,61,verified,120125-121525.pdf,7,2025_November1December15_120125-121525_p07.png
Kamuning,2025-12-14,1,2025-12-15 01:00,56,verified,120125-121525.pdf,7,2025_November1December15_120125-121525_p07.png
Kamuning,2025-12-14,2,2025-12-15 02:00,52,verified,120125-121525.pdf,7,2025_November1December15_120125-121525_p07.png
Kamuning,2025-12-14,3,2025-12-15 03:00,152,verified,120125-121525.pdf,7,2025_November1December15_120125-121525_p07.png
Kamuning,2025-12-14,4,2025-12-15 04:00,100,verified,120125-121525.pdf,7,2025_November1December15_120125-121525_p07.png
Kamuning,2025-12-14,5,2025-12-15 05:00,109,verified,120125-121525.pdf,7,2025_November1December15_120125-121525_p07.png
Kamuning,2025-12-15,6,2025-12-15 06:00,456,verified,120125-121525.pdf,8,2025_November1December15_120125-121525_p08.png
Kamuning,2025-12-15,7,2025-12-15 07:00,492,verified,120125-121525.pdf,8,2025_November1December15_120125-121525_p08.png
Kamuning,2025-12-15,8,2025-12-15 08:00,326,verified,120125-121525.pdf,8,2025_November1December15_120125-121525_p08.png
Kamuning,2025-12-15,9,2025-12-15 09:00,223,verified,120125-121525.pdf,8,2025_November1December15_120125-121525_p08.png
Kamuning,2025-12-15,10,2025-12-15 10:00,168,verified,120125-121525.pdf,8,2025_November1December15_120125-121525_p08.png
Kamuning,2025-12-15,11,2025-12-15 11:00,157,verified,120125-121525.pdf,8,2025_November1December15_120125-121525_p08.png
Kamuning,2025-12-15,12,2025-12-15 12:00,163,verified,120125-121525.pdf,8,2025_November1December15_120125-121525_p08.png
Kamuning,2025-12-15,13,2025-12-15 13:00,355,verified,120125-121525.pdf,8,2025_November1December15_120125-121525_p08.png
Kamuning,2025-12-15,14,2025-12-15 14:00,217,verified,120125-121525.pdf,8,2025_November1December15_120125-121525_p08.png
Kamuning,2025-12-15,15,2025-12-15 15:00,386,verified,120125-121525.pdf,8,2025_November1December15_120125-121525_p08.png
Kamuning,2025-12-15,16,2025-12-15 16:00,328,verified,120125-121525.pdf,8,2025_November1December15_120125-121525_p08.png
Kamuning,2025-12-15,17,2025-12-15 17:00,237,verified,120125-121525.pdf,8,2025_November1December15_120125-121525_p08.png
Kamuning,2025-12-15,18,2025-12-15 18:00,829,verified,120125-121525.pdf,8,2025_November1December15_120125-121525_p08.png
Kamuning,2025-12-15,19,2025-12-15 19:00,359,verified,120125-121525.pdf,8,2025_November1December15_120125-121525_p08.png
Kamuning,2025-12-15,20,2025-12-15 20:00,166,verified,120125-121525.pdf,8,2025_November1December15_120125-121525_p08.png
Kamuning,2025-12-15,21,2025-12-15 21:00,197,verified,120125-121525.pdf,8,2025_November1December15_120125-121525_p08.png
Kamuning,2025-12-15,22,2025-12-15 22:00,120,verified,120125-121525.pdf,8,2025_November1December15_120125-121525_p08.png
Kamuning,2025-12-15,23,2025-12-15 23:00,144,verified,120125-121525.pdf,8,2025_November1December15_120125-121525_p08.png
Kamuning,2025-12-15,0,2025-12-16 00:00,130,verified,120125-121525.pdf,8,2025_November1December15_120125-121525_p08.png
Kamuning,2025-12-15,1,2025-12-16 01:00,102,verified,120125-121525.pdf,8,2025_November1December15_120125-121525_p08.png
Kamuning,2025-12-15,2,2025-12-16 02:00,85,verified,120125-121525.pdf,8,2025_November1December15_120125-121525_p08.png
Kamuning,2025-12-15,3,2025-12-16 03:00,88,verified,120125-121525.pdf,8,2025_November1December15_120125-121525_p08.png
Kamuning,2025-12-15,4,2025-12-16 04:00,67,verified,120125-121525.pdf,8,2025_November1December15_120125-121525_p08.png
Kamuning,2025-12-15,5,2025-12-16 05:00,92,verified,120125-121525.pdf,8,2025_November1December15_120125-121525_p08.png
