,,,,,,,,,,,,,,,,,,,,,,,,,,,,,
,DOTC-MRT3 HOURLY RIDERSHIP REPORT,,,,,,,,,,,,,,,,,,,,,,,,,,,,
,,,,,,,,,,,,,,,,,,,,,,,,,,,,,
,,,,,,,,,,,,,,,,,,,,,,,,,,,,,
,"Wednesday, January 01, 2025",,,,,,,,,,,,,,,,,,,,,,,,,,,,
,,,,,,,,,,,,,,,,,,,,,,,,,,,,,
,TIME,North Ave,,Quezon Ave,,GMA Kamuning,,Cubao,,Santolan,,Ortigas,,Shaw Blvd,,Boni Ave,,Guadalupe,,Buendia,,Ayala Ave,,Magallanes,,Taft,, Total ,
,,Entry,Exit,Entry,Exit,Entry,Exit,Entry,Exit,Entry,Exit,Entry,Exit,Entry,Exit,Entry,Exit,Entry,Exit,Entry,Exit,Entry,Exit,Entry,Exit,Entry,Exit, Entry , Exit 
01-Jan-25,03:00 - 03:59,,,,,,,,,,,,,,,,,,,,,,,,,,,  -   ,  -   
01-Jan-25,04:00 - 04:59,,,,,,,,,,,,,,,,,,,,,,,,,,,  -   ,  -   
01-Jan-25,05:00 - 05:59,,,,,,,,,,,,,,,,,,,,,,,,,,,  -   ,  -   
01-Jan-25,06:00 - 06:59,375,1,341,112,393,221,688,477,41,41,448,199,816,440,272,167,390,311,96,89,452,273,365,120,890,608,"  5,567 ","  3,059 "
01-Jan-25,07:00 - 07:59,587,851,384,401,420,429,764,1003,50,100,392,375,1073,765,352,390,593,620,144,106,568,568,473,161,1006,1517,"  6,806 ","  7,286 "
01-Jan-25,08:00 - 08:59,642,667,406,314,434,428,787,817,49,119,283,375,895,788,399,296,598,558,80,91,450,658,376,144,1153,1342,"  6,552 ","  6,597 "
01-Jan-25,09:00 - 09:59,782,590,448,333,509,419,1063,989,37,136,238,353,1010,904,342,288,720,553,85,96,398,721,441,117,1405,1343,"  7,478 ","  6,842 "
01-Jan-25,10:00 - 10:59,1145,854,651,336,623,387,1343,1132,42,184,240,517,1185,1171,509,354,790,689,54,82,387,1061,448,135,1941,1817,"  9,358 ","  8,719 "
01-Jan-25,11:00 - 11:59,1489,989,898,365,891,375,1726,1320,84,277,235,814,1289,1725,682,439,1177,973,84,115,467,1753,486,209,2305,2135,"  11,813 ","  11,489 "
01-Jan-25,12:00 - 12:59,1379,1053,633,365,761,451,1774,1407,68,209,236,782,1183,1233,694,480,1004,869,72,103,511,1171,542,194,2289,2221,"  11,146 ","  10,538 "
01-Jan-25,13:00 - 13:59,1326,1286,761,469,697,445,1721,1515,82,178,288,583,1269,1327,642,548,1075,1041,86,124,655,1220,516,174,2220,2599,"  11,338 ","  11,509 "
01-Jan-25,14:00 - 14:59,1379,1091,705,437,895,502,1963,1536,118,164,386,552,1504,1352,769,567,1073,1068,93,94,720,1085,541,207,2320,3020,"  12,466 ","  11,675 "
01-Jan-25,15:00 - 15:59,1625,1420,717,570,801,585,1991,1756,132,132,583,602,1739,1323,855,653,1103,1440,107,84,828,1336,549,284,2665,3349,"  13,695 ","  13,534 "
01-Jan-25,16:00 - 16:59,1585,1218,653,560,952,694,2106,1935,138,151,567,529,1615,1428,707,697,1027,1383,70,139,811,1396,573,275,2845,3008,"  13,649 ","  13,413 "
01-Jan-25,17:00 - 17:59,1702,1340,637,570,791,608,2110,1859,160,137,566,539,1536,1691,665,873,1018,1463,105,149,935,1364,544,279,3238,2662,"  14,007 ","  13,534 "
01-Jan-25,18:00 - 18:59,1792,1417,600,602,847,630,2007,2085,137,138,644,555,1307,1712,575,965,986,1678,144,156,1102,1157,553,346,3162,2777,"  13,856 ","  14,218 "
01-Jan-25,19:00 - 19:59,1795,1114,551,617,733,635,1710,1968,105,124,585,466,1247,1736,442,1020,817,1561,141,140,1009,1035,553,380,2883,2372,"  12,571 ","  13,168 "
01-Jan-25,20:00 - 20:59,1585,996,421,512,547,625,1638,1740,133,89,497,521,1181,1614,345,907,710,1315,55,144,1039,926,417,376,2597,1885,"  11,165 ","  11,650 "
01-Jan-25,21:00 - 21:59,647,867,223,610,190,668,829,1558,163,53,488,362,1092,1199,261,834,637,1216,57,104,1087,641,223,297,1993,1676,"  7,890 ","  10,085 "
01-Jan-25,22:00 - 22:59,0,644,1,440,3,316,101,586,50,28,428,63,257,237,51,108,99,158,14,3,245,18,26,4,100,100,"  1,375 ","  2,705 "
01-Jan-25,23:00 - 23:59,,,,,,,,,,,,,,,,,,,,,,,,,,,  -   ,  -   
01-Jan-25,00:00 - 00:59,,,,,,,,,,,,,,,,,,,,,,,,,,,  -   ,  -   
01-Jan-25,01:00 - 01:59,,,,,,,,,,,,,,,,,,,,,,,,,,,  -   ,  -   
01-Jan-25,02:00 - 02:59,,,,,,,,,,,,,,,,,,,,,,,,,,,  -   ,  -   
,TOTAL,"19,835","16,398","9,030","7,613","10,487","8,418","24,321","23,683","1,589","2,260","7,104","8,187","20,198","20,645","8,562","9,586","13,817","16,896","1,487","1,819","11,664","16,383","7,626","3,702","35,012","34,431","  170,732 ","  170,021 "
,,,,,,,,,,,,,,,,,,,,,,,,,,,,,
,,,,,,,,,,,,,,,,,,,,,,,,,,,,,
,"Thursday, January 02, 2025",,,,,,,,,,,,,,,,,,,,,,,,,,,,
,,,,,,,,,,,,,,,,,,,,,,,,,,,,,
,TIME,North Ave,,Quezon Ave,,GMA Kamuning,,Cubao,,Santolan,,Ortigas,,Shaw Blvd,,Boni Ave,,Guadalupe,,Buendia,,Ayala Ave,,Magallanes,,Taft,, Total ,
,,Entry,Exit,Entry,Exit,Entry,Exit,Entry,Exit,Entry,Exit,Entry,Exit,Entry,Exit,Entry,Exit,Entry,Exit,Entry,Exit,Entry,Exit,Entry,Exit,Entry,Exit, Entry , Exit 
02-Jan-25,03:00 - 03:59,,,,,,,,,,,,,,,,,,,,,,,,,,,  -   ,  -   
02-Jan-25,04:00 - 04:59,705,0,519,3,769,7,778,42,10,37,61,147,341,233,69,103,46,202,1,78,8,195,5,102,84,215,"  3,396 ","  1,364 "
02-Jan-25,05:00 - 05:59,2302,441,1380,327,1754,342,2139,767,57,281,282,1286,1400,2080,448,713,860,1091,58,627,412,1505,1105,676,2740,1498,"  14,937 ","  11,634 "
02-Jan-25,06:00 - 06:59,4482,941,2008,830,2342,796,3031,1511,126,527,653,2166,1957,3053,843,1274,1422,1647,153,1264,918,2752,1502,1134,3817,2398,"  23,254 ","  20,293 "
02-Jan-25,07:00 - 07:59,4406,985,2005,1142,1860,1030,3032,2182,153,942,592,3366,2117,4296,1388,1749,2110,2025,245,1488,960,3205,1701,1645,4959,2742,"  25,528 ","  26,797 "
02-Jan-25,08:00 - 08:59,2942,1060,1584,798,1399,751,2706,1751,187,671,438,2776,1713,3377,1066,1291,1681,1494,150,1094,723,2570,1159,1171,3602,2385,"  19,350 ","  21,189 "
02-Jan-25,09:00 - 09:59,2289,1126,1250,602,1109,562,2412,1724,204,658,394,1756,1503,2639,789,899,1498,1150,161,504,653,2537,1012,687,3045,2156,"  16,319 ","  17,000 "
02-Jan-25,10:00 - 10:59,1883,1019,960,570,1141,538,2200,1744,175,538,421,1198,1522,1944,803,704,1237,1142,121,305,596,1858,838,468,2770,2341,"  14,667 ","  14,369 "
02-Jan-25,11:00 - 11:59,2176,1354,1113,525,1119,540,2150,1779,206,430,540,1348,1580,2166,803,773,1370,1271,189,298,741,2201,916,422,2864,2657,"  15,767 ","  15,764 "
02-Jan-25,12:00 - 12:59,1836,1200,1019,520,1051,605,2279,1925,228,367,527,1297,1398,2012,887,708,1231,1149,173,242,791,1745,818,381,2644,2773,"  14,882 ","  14,924 "
02-Jan-25,13:00 - 13:59,1892,1428,927,568,982,632,2253,1811,233,363,659,1209,1560,1822,735,720,1336,1180,134,280,906,1657,758,380,2492,2797,"  14,867 ","  14,847 "
02-Jan-25,14:00 - 14:59,1641,1491,808,584,950,747,1981,2082,346,311,901,960,1796,1639,867,829,1244,1250,236,231,1105,1601,834,379,2698,2907,"  15,407 ","  15,011 "
02-Jan-25,15:00 - 15:59,1723,1910,831,902,1038,904,2285,2643,376,322,1341,811,2346,1762,1063,859,1286,1735,373,228,1574,1569,936,481,2881,3543,"  18,053 ","  17,669 "
02-Jan-25,16:00 - 16:59,1799,2575,1237,1083,1170,1361,2526,3361,604,309,1864,829,2822,2021,1268,1036,1543,2038,1035,221,2080,1755,1394,489,3326,3631,"  22,668 ","  20,709 "
02-Jan-25,17:00 - 17:59,1993,3863,1547,1405,1358,1855,2823,4449,1035,304,3048,908,3959,2373,1632,1549,1858,2687,1342,229,3235,2108,2140,629,3547,5124,"  29,517 ","  27,483 "
02-Jan-25,18:00 - 18:59,1921,4183,989,1557,991,2004,2642,4747,721,257,3053,759,3886,2464,1460,1768,1846,2857,1104,245,3810,2085,1925,634,3691,4965,"  28,039 ","  28,525 "
02-Jan-25,19:00 - 19:59,1977,3012,838,1353,799,1610,2134,3962,496,155,1919,880,2799,2340,914,1577,1497,2424,590,211,2795,1682,1278,685,3119,4081,"  21,155 ","  23,972 "
02-Jan-25,20:00 - 20:59,1989,2014,724,998,639,1072,2119,2622,368,107,1152,1101,1983,2160,615,1161,1080,1547,290,174,2061,1520,713,614,2699,2471,"  16,432 ","  17,561 "
02-Jan-25,21:00 - 21:59,774,1418,311,923,248,883,1020,1998,414,97,848,633,1766,1868,399,1026,956,1381,206,199,2140,986,502,565,1986,2222,"  11,570 ","  14,199 "
02-Jan-25,22:00 - 22:59,0,710,5,501,6,384,71,781,40,25,519,116,383,219,88,127,111,158,24,4,230,32,31,22,39,97,"  1,547 ","  3,176 "
02-Jan-25,23:00 - 23:59,,,,,,,,,,,,,,,,,,,,,,,,,,,  -   ,  -   
02-Jan-25,00:00 - 00:59,,,,,,,,,,,,,,,,,,,,,,,,,,,  -   ,  -   
02-Jan-25,01:00 - 01:59,,,,,,,,,,,,,,,,,,,,,,,,,,,  -   ,  -   
02-Jan-25,02:00 - 02:59,,,,,,,,,,,,,,,,,,,,,,,,,,,  -   ,  -   
,TOTAL,"38,730","30,730","20,055","15,191","20,725","16,623","40,581","41,881","5,979","6,701","19,212","23,546","36,831","40,468","16,137","18,866","24,212","28,428","6,585","7,922","25,738","33,563","19,567","11,564","53,003","51,003","  327,355 ","  326,486 "
,,,,,,,,,,,,,,,,,,,,,,,,,,,,,
,,,,,,,,,,,,,,,,,,,,,,,,,,,,,
,"Friday, January 03, 2025",,,,,,,,,,,,,,,,,,,,,,,,,,,,
,,,,,,,,,,,,,,,,,,,,,,,,,,,,,
,TIME,North Ave,,Quezon Ave,,GMA Kamuning,,Cubao,,Santolan,,Ortigas,,Shaw Blvd,,Boni Ave,,Guadalupe,,Buendia,,Ayala Ave,,Magallanes,,Taft,, Total ,
,,Entry,Exit,Entry,Exit,Entry,Exit,Entry,Exit,Entry,Exit,Entry,Exit,Entry,Exit,Entry,Exit,Entry,Exit,Entry,Exit,Entry,Exit,Entry,Exit,Entry,Exit, Entry , Exit 
03-Jan-25,03:00 - 03:59,,,,,,,,,,,,,,,,,,,,,,,,,,,  -   ,  -   
03-Jan-25,04:00 - 04:59,547,0,471,2,756,6,661,42,13,27,71,135,324,252,74,83,65,177,0,73,23,180,11,78,53,282,"  3,069 ","  1,337 "
03-Jan-25,05:00 - 05:59,2053,481,1419,341,1616,318,2162,814,62,246,353,1244,1422,1828,578,759,1066,999,65,594,529,1454,840,706,2490,1477,"  14,655 ","  11,261 "
03-Jan-25,06:00 - 06:59,3822,1202,2162,947,2270,985,3140,1814,171,568,1048,2285,2591,3246,1209,1397,1858,1708,230,1237,1133,2668,1581,1208,3842,2728,"  25,057 ","  21,993 "
03-Jan-25,07:00 - 07:59,4472,1526,2419,1313,2015,1247,3463,2534,210,1024,948,3593,3064,4418,1739,1876,2708,2217,360,1616,1436,3319,1964,1821,5004,3350,"  29,802 ","  29,854 "
03-Jan-25,08:00 - 08:59,3382,1472,1968,1035,1486,914,3063,2142,215,897,719,3458,2299,3755,1425,1655,2129,1788,231,1291,1074,3142,1439,1446,4250,2997,"  23,680 ","  25,992 "
03-Jan-25,09:00 - 09:59,2538,1373,1552,787,1261,703,2722,1922,218,871,661,2119,1852,3078,1025,1037,1777,1356,169,599,769,2707,1247,875,3433,2539,"  19,224 ","  19,966 "
03-Jan-25,10:00 - 10:59,1826,1294,1177,702,1167,665,2330,1769,268,649,649,1530,1699,2116,880,830,1444,1252,175,367,827,2031,1117,597,2751,2583,"  16,310 ","  16,385 "
03-Jan-25,11:00 - 11:59,1944,1391,1161,641,1147,611,2378,1902,313,507,706,1445,1642,2456,979,817,1565,1252,211,361,827,2172,984,482,2998,2825,"  16,855 ","  16,862 "
03-Jan-25,12:00 - 12:59,2046,1558,1106,682,1072,658,2465,2130,275,484,687,1409,1716,2164,997,736,1514,1167,256,318,963,2289,1083,518,2876,2661,"  17,056 ","  16,774 "
03-Jan-25,13:00 - 13:59,1818,1443,916,741,906,656,2281,1842,319,417,765,1210,1620,2006,891,778,1468,1225,226,311,964,1852,845,502,2360,3070,"  15,379 ","  16,053 "
03-Jan-25,14:00 - 14:59,1603,1645,954,704,830,853,2193,2343,397,413,1097,987,1956,1689,1127,762,1354,1333,352,286,1265,1677,1020,436,2913,3167,"  17,061 ","  16,295 "
03-Jan-25,15:00 - 15:59,1607,2141,933,1053,907,1146,2343,3070,502,346,1585,1021,2713,1831,1214,900,1540,1619,476,266,1846,1680,1133,439,2974,3516,"  19,773 ","  19,028 "
03-Jan-25,16:00 - 16:59,1839,2772,1273,1159,1335,1679,2571,3577,660,311,2221,1002,3362,2063,1563,1068,1802,2214,1304,259,2509,2059,1810,530,3548,4246,"  25,797 ","  22,939 "
03-Jan-25,17:00 - 17:59,1899,4538,1654,1625,1352,2269,2803,5318,1111,310,3289,1083,4383,2535,1914,1626,2167,2726,1464,269,3600,2317,2598,666,3690,5350,"  31,924 ","  30,632 "
03-Jan-25,18:00 - 18:59,1802,4822,1034,1646,943,2177,2687,5196,846,266,3122,882,4350,2516,1625,1720,2152,2942,1242,239,4046,2245,2095,664,3561,5612,"  29,505 ","  30,927 "
03-Jan-25,19:00 - 19:59,2023,3574,915,1545,742,1941,2306,4334,587,192,2366,884,3194,2234,1043,1476,1708,2359,777,212,3183,1735,1446,622,3191,4363,"  23,481 ","  25,471 "
03-Jan-25,20:00 - 20:59,1969,2440,746,1234,599,1118,2137,2971,323,105,1406,1120,2371,2240,811,1241,1238,1718,384,202,2266,1555,888,580,2775,2865,"  17,913 ","  19,389 "
03-Jan-25,21:00 - 21:59,717,1611,375,874,254,844,1060,2172,238,97,997,635,1998,1755,541,987,940,1384,244,186,1893,1112,626,575,1989,2318,"  11,872 ","  14,550 "
03-Jan-25,22:00 - 22:59,0,817,11,570,7,547,117,912,74,17,559,105,443,282,94,158,162,215,29,7,422,41,55,21,51,138,"  2,024 ","  3,830 "
03-Jan-25,23:00 - 23:59,,,,,,,,,,,,,,,,,,,,,,,,,,,  -   ,  -   
03-Jan-25,00:00 - 00:59,,,,,,,,,,,,,,,,,,,,,,,,,,,  -   ,  -   
03-Jan-25,01:00 - 01:59,,,,,,,,,,,,,,,,,,,,,,,,,,,  -   ,  -   
03-Jan-25,03:00 - 03:59,,,,,,,,,,,,,,,,,,,,,,,,,,,  -   ,  -   
,TOTAL,"37,907","36,100","22,246","17,601","20,665","19,337","42,882","46,804","6,802","7,747","23,249","26,147","42,999","42,464","19,729","19,906","28,657","29,651","8,195","8,693","29,575","36,235","22,782","12,766","54,749","56,087","  360,437 ","  359,538 "
,,,,,,,,,,,,,,,,,,,,,,,,,,,,,
,,,,,,,,,,,,,,,,,,,,,,,,,,,,,
,"Saturday, January 04, 2025",,,,,,,,,,,,,,,,,,,,,,,,,,,,
,,,,,,,,,,,,,,,,,,,,,,,,,,,,,
,TIME,North Ave,,Quezon Ave,,GMA Kamuning,,Cubao,,Santolan,,Ortigas,,Shaw Blvd,,Boni Ave,,Guadalupe,,Buendia,,Ayala Ave,,Magallanes,,Taft,, Total ,
,,Entry,Exit,Entry,Exit,Entry,Exit,Entry,Exit,Entry,Exit,Entry,Exit,Entry,Exit,Entry,Exit,Entry,Exit,Entry,Exit,Entry,Exit,Entry,Exit,Entry,Exit, Entry , Exit 
04-Jan-25,03:00 - 03:59,,,,,,,,,,,,,,,,,,,,,,,,,,,  -   ,  -   
04-Jan-25,04:00 - 04:59,305,0,336,2,382,2,414,36,15,14,53,89,178,160,42,51,37,86,0,35,22,79,14,44,37,166,"  1,835 ",  764 
04-Jan-25,05:00 - 05:59,1121,330,999,259,1028,262,1452,687,60,186,264,775,1105,1336,514,482,879,644,79,391,408,879,569,509,1636,1177,"  10,114 ","  7,917 "
04-Jan-25,06:00 - 06:59,1542,992,1214,628,1322,704,1807,1578,111,307,872,1127,2077,2089,885,780,1347,1108,204,648,974,1547,1030,695,2194,2145,"  15,579 ","  14,348 "
04-Jan-25,07:00 - 07:59,1825,1408,1173,731,1169,861,2070,1980,128,460,811,1334,2216,2127,959,996,1666,1367,268,569,1066,1750,1105,858,2578,2372,"  17,034 ","  16,813 "
04-Jan-25,08:00 - 08:59,1811,1385,1181,732,923,638,2178,1797,137,542,605,1370,1852,2198,914,819,1528,1232,154,455,886,1669,1025,721,2581,2491,"  15,775 ","  16,049 "
04-Jan-25,09:00 - 09:59,1701,1255,1119,507,995,577,2209,1821,174,616,542,1344,1607,2423,929,632,1510,1077,116,327,736,2214,1025,482,2657,2341,"  15,320 ","  15,616 "
04-Jan-25,10:00 - 10:59,1690,1460,971,505,753,463,1979,1616,177,487,385,1109,1532,1810,883,568,1494,986,128,221,721,1748,876,364,2316,2320,"  13,905 ","  13,657 "
04-Jan-25,11:00 - 11:59,1780,1438,990,502,854,505,2276,1913,194,383,394,1207,1511,2144,933,539,1572,1016,167,171,774,2207,942,366,2633,2318,"  15,020 ","  14,709 "
04-Jan-25,12:00 - 12:59,1873,1787,1013,550,887,568,2312,2044,241,417,569,1216,1665,1960,998,603,1653,1105,198,178,1038,2279,1002,360,2708,2691,"  16,157 ","  15,758 "
04-Jan-25,13:00 - 13:59,1815,1695,830,602,713,619,2168,2263,242,399,561,980,1553,1764,931,636,1456,1171,183,188,1001,1843,823,390,2514,2799,"  14,790 ","  15,349 "
04-Jan-25,14:00 - 14:59,1593,1600,806,595,628,740,2049,2150,327,304,804,899,1873,1724,1032,699,1339,1117,213,161,1185,1627,977,371,2638,2820,"  15,464 ","  14,807 "
04-Jan-25,15:00 - 15:59,1691,2168,795,853,618,1065,2237,2793,327,239,1251,884,2486,1772,1107,792,1417,1347,324,157,1497,1758,1130,360,2738,3124,"  17,618 ","  17,312 "
04-Jan-25,16:00 - 16:59,1860,2303,962,985,839,1790,2435,3170,526,300,1644,770,2921,1958,1268,898,1672,1851,836,164,2070,1723,1557,481,3247,3778,"  21,837 ","  20,171 "
04-Jan-25,17:00 - 17:59,1832,2745,923,1243,855,1942,2545,3792,626,274,1461,820,2982,2118,1302,1154,1792,2143,555,213,2149,1860,1696,480,3382,3747,"  22,100 ","  22,531 "
04-Jan-25,18:00 - 18:59,1780,2568,692,1024,651,1594,2542,3413,455,195,1486,657,2622,1858,947,1042,1453,2010,422,170,2105,1662,1273,449,2918,3461,"  19,346 ","  20,103 "
04-Jan-25,19:00 - 19:59,1658,2072,596,1023,558,1340,2175,3056,466,118,1291,492,2252,1784,793,1040,1169,1777,302,189,2112,1220,904,364,2536,3239,"  16,812 ","  17,714 "
04-Jan-25,20:00 - 20:59,1519,1798,564,924,461,883,1736,2211,308,113,959,517,1920,1557,555,999,1035,1451,125,179,1644,1138,552,413,2270,2287,"  13,648 ","  14,470 "
04-Jan-25,21:00 - 21:59,683,1434,224,724,144,886,1062,1961,199,96,729,359,1866,1317,377,882,724,1247,166,142,1851,833,437,402,1791,1999,"  10,253 ","  12,282 "
04-Jan-25,22:00 - 22:59,0,703,2,538,7,513,129,889,95,26,551,89,400,248,59,169,142,173,16,9,421,23,25,4,33,97,"  1,880 ","  3,481 "
04-Jan-25,23:00 - 23:59,,,,,,,,,,,,,,,,,,,,,,,,,,,  -   ,  -   
04-Jan-25,00:00 - 00:59,,,,,,,,,,,,,,,,,,,,,,,,,,,  -   ,  -   
04-Jan-25,01:00 - 01:59,,,,,,,,,,,,,,,,,,,,,,,,,,,  -   ,  -   
04-Jan-25,02:00 - 02:59,,,,,,,,,,,,,,,,,,,,,,,,,,,  -   ,  -   
,TOTAL,"28,079","29,141","15,390","12,927","13,787","15,952","35,775","39,170","4,808","5,476","15,232","16,038","34,618","32,347","15,428","13,781","23,885","22,908","4,456","4,567","22,660","28,059","16,962","8,113","43,407","45,372","  274,487 ","  273,851 "
,,,,,,,,,,,,,,,,,,,,,,,,,,,,,
,,,,,,,,,,,,,,,,,,,,,,,,,,,,,
,"Sunday, January 05, 2025",,,,,,,,,,,,,,,,,,,,,,,,,,,,
,,,,,,,,,,,,,,,,,,,,,,,,,,,,,
,TIME,North Ave,,Quezon Ave,,GMA Kamuning,,Cubao,,Santolan,,Ortigas,,Shaw Blvd,,Boni Ave,,Guadalupe,,Buendia,,Ayala Ave,,Magallanes,,Taft,, Total ,
,,Entry,Exit,Entry,Exit,Entry,Exit,Entry,Exit,Entry,Exit,Entry,Exit,Entry,Exit,Entry,Exit,Entry,Exit,Entry,Exit,Entry,Exit,Entry,Exit,Entry,Exit, Entry , Exit 
05-Jan-25,03:00 - 03:59,,,,,,,,,,,,,,,,,,,,,,,,,,,  -   ,  -   
05-Jan-25,04:00 - 04:59,200,0,199,2,223,2,309,20,9,13,46,51,135,88,40,25,37,64,3,24,6,66,10,18,45,156,"  1,262 ",  529 
05-Jan-25,05:00 - 05:59,638,211,575,187,579,191,933,486,47,118,139,500,665,804,311,313,639,440,64,213,218,645,427,227,1128,795,"  6,363 ","  5,130 "
05-Jan-25,06:00 - 06:59,788,576,620,341,662,455,1098,967,88,159,365,535,1100,996,431,412,809,673,149,255,511,865,534,295,1331,1410,"  8,486 ","  7,939 "
05-Jan-25,07:00 - 07:59,1017,732,572,443,683,563,1375,1300,87,191,376,622,1341,1178,584,483,1053,814,231,211,673,970,653,290,1718,1814,"  10,363 ","  9,611 "
05-Jan-25,08:00 - 08:59,1335,896,799,527,726,474,1667,1347,117,307,294,790,1276,1628,627,445,1253,901,122,196,577,1338,736,337,2218,2004,"  11,747 ","  11,190 "
05-Jan-25,09:00 - 09:59,1574,1106,1003,437,768,493,1930,1607,137,534,290,1151,1308,1960,879,462,1414,936,92,139,578,2093,765,301,2427,2148,"  13,165 ","  13,367 "
05-Jan-25,10:00 - 10:59,1450,1180,778,428,807,475,1887,1626,117,394,328,907,1331,1721,831,469,1384,866,75,142,632,1639,712,253,2292,2281,"  12,624 ","  12,381 "
05-Jan-25,11:00 - 11:59,1747,1316,856,468,781,462,2108,1709,135,305,310,1019,1318,2021,907,505,1482,986,92,129,665,1949,722,286,2837,2450,"  13,960 ","  13,605 "
05-Jan-25,12:00 - 12:59,1711,1441,888,512,825,454,2264,1815,155,324,422,1103,1428,1903,990,614,1461,1056,78,142,754,2044,737,274,2713,2379,"  14,426 ","  14,061 "
05-Jan-25,13:00 - 13:59,1665,1486,815,510,747,523,2076,1894,241,347,453,915,1444,1672,939,703,1323,1113,109,146,853,1742,715,272,2635,2599,"  14,015 ","  13,922 "
05-Jan-25,14:00 - 14:59,1703,1523,747,571,744,651,2105,2112,198,270,608,860,1682,1624,1006,731,1364,1205,138,96,1060,1792,829,323,2803,2739,"  14,987 ","  14,497 "
05-Jan-25,15:00 - 15:59,1925,2025,799,745,731,736,2302,2442,272,275,763,879,2025,1830,999,926,1366,1503,201,123,1346,1581,760,363,3086,3036,"  16,575 ","  16,464 "
05-Jan-25,16:00 - 16:59,1930,1586,813,672,784,910,2220,2753,368,244,929,724,2020,1755,927,953,1440,1493,213,140,1437,1601,826,376,3144,2961,"  17,051 ","  16,168 "
05-Jan-25,17:00 - 17:59,1825,2008,785,843,871,812,2393,2541,311,213,958,747,1953,2014,961,1192,1363,1925,214,228,1551,1692,779,456,3201,2880,"  17,165 ","  17,551 "
05-Jan-25,18:00 - 18:59,1861,1765,598,796,668,982,2367,2781,396,189,1161,636,2066,1801,706,1157,1119,1838,176,191,1890,1411,803,467,3020,2828,"  16,831 ","  16,842 "
05-Jan-25,19:00 - 19:59,1850,1811,604,878,576,990,2142,2604,363,178,1046,530,2079,1831,655,1306,1095,2009,165,172,1869,1189,693,455,2834,2798,"  15,971 ","  16,751 "
05-Jan-25,20:00 - 20:59,1743,1392,491,813,618,777,2125,1985,307,134,830,508,1778,1609,442,1180,825,1692,81,160,1674,1112,508,450,2373,2235,"  13,795 ","  14,047 "
05-Jan-25,21:00 - 21:59,679,1337,217,742,193,805,1202,1697,223,104,714,384,1739,1365,332,998,779,1500,99,157,1672,850,365,403,1798,2244,"  10,012 ","  12,586 "
05-Jan-25,22:00 - 22:59,0,735,1,571,7,397,94,743,74,25,491,92,329,240,61,152,94,211,17,2,419,20,33,6,46,21,"  1,666 ","  3,215 "
05-Jan-25,23:00 - 23:59,,,,,,,,,,,,,,,,,,,,,,,,,,,  -   ,  -   
05-Jan-25,00:00 - 00:59,,,,,,,,,,,,,,,,,,,,,,,,,,,  -   ,  -   
05-Jan-25,01:00 - 01:59,,,,,,,,,,,,,,,,,,,,,,,,,,,  -   ,  -   
05-Jan-25,03:00 - 03:59,,,,,,,,,,,,,,,,,,,,,,,,,,,  -   ,  -   
,TOTAL,"25,641","23,126","12,160","10,486","11,993","11,152","32,597","32,429","3,645","4,324","10,523","12,953","27,017","28,040","12,628","13,026","20,300","21,225","2,319","2,866","18,385","24,599","11,607","5,852","41,649","39,778","  230,464 ","  229,856 "
,,,,,,,,,,,,,,,,,,,,,,,,,,,,,
,,,,,,,,,,,,,,,,,,,,,,,,,,,,,
,"Monday, January 06, 2025",,,,,,,,,,,,,,,,,,,,,,,,,,,,
,,,,,,,,,,,,,,,,,,,,,,,,,,,,,
,TIME,North Ave,,Quezon Ave,,GMA Kamuning,,Cubao,,Santolan,,Ortigas,,Shaw Blvd,,Boni Ave,,Guadalupe,,Buendia,,Ayala Ave,,Magallanes,,Taft,, Total ,
,,Entry,Exit,Entry,Exit,Entry,Exit,Entry,Exit,Entry,Exit,Entry,Exit,Entry,Exit,Entry,Exit,Entry,Exit,Entry,Exit,Entry,Exit,Entry,Exit,Entry,Exit, Entry , Exit 
06-Jan-25,03:00 - 03:59,,,,,,,,,,,,,,,,,,,,,,,,,,,  -   ,  -   
06-Jan-25,04:00 - 04:59,909,0,740,4,1180,7,1084,52,19,52,88,192,455,320,88,130,65,231,2,95,10,336,10,117,153,291,"  4,803 ","  1,827 "
06-Jan-25,05:00 - 05:59,3126,494,2004,438,2408,380,2726,925,104,401,325,1757,1724,2598,720,1057,1420,1438,96,912,523,2101,1468,989,3432,1843,"  20,076 ","  15,333 "
06-Jan-25,06:00 - 06:59,5419,1105,2828,1153,2742,1057,4035,2052,242,855,654,3024,2534,3977,1555,1743,2374,2012,205,1564,1006,3775,2007,1880,5055,2973,"  30,656 ","  27,170 "
06-Jan-25,07:00 - 07:59,6098,1408,2948,1773,2636,1380,4076,2520,317,1266,783,4566,2957,5191,2287,2437,3366,2644,332,2160,1129,4529,2269,2545,6709,3327,"  35,907 ","  35,746 "
06-Jan-25,08:00 - 08:59,4960,1053,2563,1193,2236,1039,3666,2460,262,1171,605,4646,2352,5250,1809,2271,2571,2064,182,1859,952,4112,1840,2268,5696,2969,"  29,694 ","  32,355 "
06-Jan-25,09:00 - 09:59,3328,1356,1609,931,1475,821,2936,2183,303,1033,657,2911,1982,3930,1202,1860,2153,1626,204,876,895,3424,1656,1327,4224,2814,"  22,624 ","  25,092 "
06-Jan-25,10:00 - 10:59,2156,1250,1309,797,1249,806,2609,2131,309,750,712,1754,1710,2533,1072,1157,1633,1404,242,480,791,2314,1286,869,3382,2888,"  18,460 ","  19,133 "
06-Jan-25,11:00 - 11:59,2204,1420,1205,758,1183,716,2616,2028,357,620,811,1540,1714,2420,1059,1042,1655,1322,300,419,897,2621,1224,693,3294,2540,"  18,519 ","  18,139 "
06-Jan-25,12:00 - 12:59,2127,1488,1143,793,1097,781,2493,2217,360,545,884,1654,1892,2222,1096,1098,1546,1441,209,443,1019,2039,1180,666,3205,2838,"  18,251 ","  18,225 "
06-Jan-25,13:00 - 13:59,1730,1486,978,733,943,758,2334,2087,390,417,935,1415,1728,2089,1216,925,1443,1348,283,409,1053,1808,971,585,2718,2941,"  16,722 ","  17,001 "
06-Jan-25,14:00 - 14:59,1489,1815,914,789,976,926,2176,2362,462,341,1208,1044,2011,1841,1288,999,1466,1394,368,312,1418,1651,1129,614,2978,3021,"  17,883 ","  17,109 "
06-Jan-25,15:00 - 15:59,1531,2259,1060,1038,1020,1175,2387,3144,620,343,1876,1088,2669,2054,1451,1052,1561,1969,595,262,2146,1831,1422,520,3123,3664,"  21,461 ","  20,399 "
06-Jan-25,16:00 - 16:59,1776,3203,1488,1368,1349,1764,2568,4117,829,327,2842,1044,3638,2100,1851,1295,1972,2525,1475,248,3196,2065,2298,616,3599,4646,"  28,881 ","  25,318 "
06-Jan-25,17:00 - 17:59,2141,5061,1991,1940,1497,2624,3172,5998,1338,342,4134,1170,5212,2840,2507,2010,2415,3527,1800,336,4671,2676,3266,879,4115,6194,"  38,259 ","  35,597 "
06-Jan-25,18:00 - 18:59,2062,5387,1480,1906,1160,2487,3074,6123,1001,287,4019,989,5422,3045,2288,2515,2497,3869,1854,342,5418,2842,3146,988,3722,6809,"  37,143 ","  37,589 "
06-Jan-25,19:00 - 19:59,2183,4723,1072,2096,844,2362,2685,5795,622,210,2982,1070,3831,2850,1489,2218,1991,3150,1026,258,3920,2143,1892,753,3383,5154,"  27,920 ","  32,782 "
06-Jan-25,20:00 - 20:59,2248,2818,947,1354,710,1383,2463,3334,475,149,1593,1223,2396,2553,949,1753,1409,1963,544,249,2940,1916,1142,796,2813,3311,"  20,629 ","  22,802 "
06-Jan-25,21:00 - 21:59,816,1751,413,1081,259,987,1177,2154,405,111,1080,816,1978,2042,582,1250,989,1609,301,201,2557,1350,634,687,2022,2459,"  13,213 ","  16,498 "
06-Jan-25,22:00 - 22:59,0,680,2,534,7,461,82,831,56,26,560,126,402,248,98,117,139,125,30,5,142,34,42,15,52,97,"  1,612 ","  3,299 "
06-Jan-25,23:00 - 23:59,,,,,,,,,,,,,,,,,,,,,,,,,,,  -   ,  -   
06-Jan-25,00:00 - 00:59,,,,,,,,,,,,,,,,,,,,,,,,,,,  -   ,  -   
06-Jan-25,01:00 - 01:59,,,,,,,,,,,,,,,,,,,,,,,,,,,  -   ,  -   
06-Jan-25,02:00 - 02:59,,,,,,,,,,,,,,,,,,,,,,,,,,,  -   ,  -   
,TOTAL,"46,303","38,757","26,694","20,679","24,971","21,914","48,359","52,513","8,471","9,246","26,748","32,029","46,607","50,103","24,607","26,929","32,665","35,661","10,048","11,430","34,683","43,567","28,882","17,807","63,675","60,779","  422,713 ","  421,414 "
,,,,,,,,,,,,,,,,,,,,,,,,,,,,,
,,,,,,,,,,,,,,,,,,,,,,,,,,,,,
,"Tuesday, January 07, 2025",,,,,,,,,,,,,,,,,,,,,,,,,,,,
,,,,,,,,,,,,,,,,,,,,,,,,,,,,,
,TIME,North Ave,,Quezon Ave,,GMA Kamuning,,Cubao,,Santolan,,Ortigas,,Shaw Blvd,,Boni Ave,,Guadalupe,,Buendia,,Ayala Ave,,Magallanes,,Taft,, Total ,
,,Entry,Exit,Entry,Exit,Entry,Exit,Entry,Exit,Entry,Exit,Entry,Exit,Entry,Exit,Entry,Exit,Entry,Exit,Entry,Exit,Entry,Exit,Entry,Exit,Entry,Exit, Entry , Exit 
07-Jan-25,03:00 - 03:59,,,,,,,,,,,,,,,,,,,,,,,,,,,  -   ,  -   
07-Jan-25,04:00 - 04:59,670,0,569,2,608,10,726,47,20,40,57,149,285,209,76,103,62,139,0,63,26,147,14,77,172,243,"  3,285 ","  1,229 "
07-Jan-25,05:00 - 05:59,2901,674,1945,440,1715,394,2606,977,114,335,411,1703,1715,2267,847,951,1434,1173,101,728,695,1827,1086,879,3019,1570,"  18,589 ","  13,918 "
07-Jan-25,06:00 - 06:59,5185,1432,2871,1259,2506,1218,4014,2324,237,767,1249,3061,3089,3871,1908,1814,2581,2032,277,1508,1525,3690,1918,1838,4704,3263,"  32,064 ","  28,077 "
07-Jan-25,07:00 - 07:59,6039,1939,3139,1808,2465,1542,4129,2854,344,1278,1218,4748,3798,5160,2703,2353,3650,2662,428,2196,1821,4761,2534,2490,6772,3889,"  39,040 ","  37,680 "
07-Jan-25,08:00 - 08:59,4820,1575,2647,1546,1915,1257,3759,2745,255,1216,942,4943,2810,5281,2079,2372,2988,2270,256,1892,1467,4270,2052,2101,5554,3568,"  31,544 ","  35,036 "
07-Jan-25,09:00 - 09:59,3114,1469,1663,997,1344,845,3077,2329,265,979,818,2986,2073,3792,1316,1640,2205,1693,223,962,1070,3586,1707,1288,4206,3080,"  23,081 ","  25,646 "
07-Jan-25,10:00 - 10:59,2162,1333,1234,802,1092,718,2446,2023,273,702,769,1870,1781,2356,1005,1155,1645,1368,243,504,973,2552,1390,784,3155,2749,"  18,168 ","  18,916 "
07-Jan-25,11:00 - 11:59,2156,1303,1276,780,1086,682,2492,2000,363,533,831,1570,1794,2348,1044,1071,1659,1368,291,416,933,2619,1119,741,3265,2581,"  18,309 ","  18,012 "
07-Jan-25,12:00 - 12:59,2010,1461,1182,775,1128,724,2481,2067,338,413,878,1524,1659,2160,1179,991,1535,1330,275,417,1057,2268,1077,648,2947,2639,"  17,746 ","  17,417 "
07-Jan-25,13:00 - 13:59,1742,1621,981,764,928,791,2113,2176,347,367,926,1312,1666,1942,1089,943,1519,1323,267,321,1043,1812,970,640,2608,2779,"  16,199 ","  16,791 "
07-Jan-25,14:00 - 14:59,1503,1754,870,802,825,869,2141,2431,371,311,1285,1118,1951,1764,1252,882,1437,1345,359,296,1414,1631,1178,464,2726,2924,"  17,312 ","  16,591 "
07-Jan-25,15:00 - 15:59,1423,2330,1056,1022,842,1112,2187,3065,480,293,1959,930,2518,1771,1405,1025,1553,1885,564,253,2316,1629,1561,538,2853,3871,"  20,717 ","  19,724 "
07-Jan-25,16:00 - 16:59,1780,3292,1427,1396,1291,1841,2514,4063,800,272,2984,988,3722,2223,1923,1317,2004,2475,1627,278,3629,2196,2343,604,3426,4572,"  29,470 ","  25,517 "
07-Jan-25,17:00 - 17:59,2048,5326,1949,1773,1574,2577,3105,6090,1296,359,4285,1132,5404,3008,2620,2190,2458,3528,1946,336,4981,2524,3221,911,4153,6226,"  39,040 ","  35,980 "
07-Jan-25,18:00 - 18:59,2150,5604,1561,1990,1189,2598,3014,6421,1011,339,4363,1033,5555,2913,2487,2644,2537,3959,1822,326,5534,2767,3070,903,3986,6956,"  38,279 ","  38,453 "
07-Jan-25,19:00 - 19:59,2142,5183,1159,2236,980,2532,2722,5872,680,260,3238,1083,4124,3016,1580,2329,2227,3367,1277,250,4193,2256,2015,772,3383,5707,"  29,720 ","  34,863 "
07-Jan-25,20:00 - 20:59,2328,3104,977,1467,720,1583,2464,3656,514,181,1717,1184,2715,2661,1153,1679,1612,2078,592,281,3505,1907,1174,786,2992,3350,"  22,463 ","  23,917 "
07-Jan-25,21:00 - 21:59,853,2001,458,1175,298,1177,1242,2464,403,122,1061,932,2061,2051,665,1398,1109,1752,330,206,2747,1562,707,759,2039,2665,"  13,973 ","  18,264 "
07-Jan-25,22:00 - 22:59,0,727,3,539,9,433,80,797,54,24,541,112,424,231,114,146,153,169,35,8,206,48,54,36,56,137,"  1,729 ","  3,407 "
07-Jan-25,23:00 - 23:59,,,,,,,,,,,,,,,,,,,,,,,,,,,  -   ,  -   
07-Jan-25,00:00 - 00:59,,,,,,,,,,,,,,,,,,,,,,,,,,,  -   ,  -   
07-Jan-25,01:00 - 01:59,,,,,,,,,,,,,,,,,,,,,,,,,,,  -   ,  -   
07-Jan-25,02:00 - 02:59,,,,,,,,,,,,,,,,,,,,,,,,,,,  -   ,  -   
,TOTAL,"45,026","42,128","26,967","21,573","22,515","22,903","47,312","54,401","8,165","8,791","29,532","32,378","49,144","49,024","26,445","27,003","34,368","35,916","10,913","11,241","39,135","44,052","29,190","17,259","62,016","62,769","  430,728 ","  429,438 "
,,,,,,,,,,,,,,,,,,,,,,,,,,,,,
,,,,,,,,,,,,,,,,,,,,,,,,,,,,,
,"Wednesday, January 08, 2025",,,,,,,,,,,,,,,,,,,,,,,,,,,,
,,,,,,,,,,,,,,,,,,,,,,,,,,,,,
,TIME,North Ave,,Quezon Ave,,GMA Kamuning,,Cubao,,Santolan,,Ortigas,,Shaw Blvd,,Boni Ave,,Guadalupe,,Buendia,,Ayala Ave,,Magallanes,,Taft,, Total ,
,,Entry,Exit,Entry,Exit,Entry,Exit,Entry,Exit,Entry,Exit,Entry,Exit,Entry,Exit,Entry,Exit,Entry,Exit,Entry,Exit,Entry,Exit,Entry,Exit,Entry,Exit, Entry , Exit 
08-Jan-25,03:00 - 03:59,,,,,,,,,,,,,,,,,,,,,,,,,,,  -   ,  -   
08-Jan-25,04:00 - 04:59,631,0,535,3,560,7,613,61,16,34,58,172,286,225,89,79,58,138,2,64,26,159,6,55,188,212,"  3,068 ","  1,209 "
08-Jan-25,05:00 - 05:59,2693,651,1845,438,1673,385,2633,958,119,301,441,1667,1698,2113,821,837,1434,1136,98,717,647,1722,872,870,2930,1550,"  17,904 ","  13,345 "
08-Jan-25,06:00 - 06:59,5250,1464,2878,1255,2477,1147,4029,2228,269,773,1237,2987,3247,3688,1917,1655,2678,1947,302,1521,1597,3486,1939,1813,4646,3463,"  32,466 ","  27,427 "
08-Jan-25,07:00 - 07:59,6273,1938,3173,1778,2418,1528,4151,3034,348,1328,1258,4905,3622,5382,2719,2616,3700,2770,436,2195,1888,4784,2591,2547,6840,3878,"  39,417 ","  38,683 "
08-Jan-25,08:00 - 08:59,4723,1670,2598,1591,1906,1220,3990,2730,298,1179,992,4924,2837,4879,2102,2533,3062,2297,261,1964,1495,4460,2228,2298,5529,3739,"  32,021 ","  35,484 "
08-Jan-25,09:00 - 09:59,3149,1478,1815,1062,1327,835,3164,2245,323,1058,816,3068,2180,3892,1367,1763,2329,1632,204,986,1185,3482,1680,1284,4137,3209,"  23,676 ","  25,994 "
08-Jan-25,10:00 - 10:59,2174,1324,1254,731,1089,693,2452,2064,281,690,757,1801,1691,2449,1084,1119,1661,1391,236,529,961,2620,1255,773,3502,2933,"  18,397 ","  19,117 "
08-Jan-25,11:00 - 11:59,2108,1412,1337,712,999,595,2537,1828,320,562,845,1625,1738,2371,1182,1000,1650,1305,269,410,897,2588,1129,715,3362,2782,"  18,373 ","  17,905 "
08-Jan-25,12:00 - 12:59,2047,1695,1124,802,1032,831,2483,2305,342,413,819,1529,1789,2311,1158,1022,1607,1364,246,401,1047,2186,1091,674,3161,2936,"  17,946 ","  18,469 "
08-Jan-25,13:00 - 13:59,1678,1426,1013,785,863,744,2181,2054,285,408,886,1365,1598,2068,1047,1040,1447,1282,277,335,1095,1957,1022,665,3014,2722,"  16,406 ","  16,851 "
08-Jan-25,14:00 - 14:59,1549,1607,977,821,900,790,1939,2506,410,348,1251,1037,1986,1677,1231,858,1421,1439,366,278,1444,1671,1187,529,2764,3029,"  17,425 ","  16,590 "
08-Jan-25,15:00 - 15:59,1596,2357,1087,1170,968,1184,2347,3209,537,285,2085,1122,2826,1866,1410,1160,1564,1852,600,278,2316,1766,1609,527,3197,3741,"  22,142 ","  20,517 "
08-Jan-25,16:00 - 16:59,1688,3245,1511,1430,1322,1882,2467,4691,798,339,3092,941,3789,2252,1945,1340,2153,2417,1664,275,3447,2235,2348,679,3593,5027,"  29,817 ","  26,753 "
08-Jan-25,17:00 - 17:59,2107,5320,2007,1799,1452,2623,3264,6069,1384,354,4332,1143,5531,2833,2724,2070,2598,3596,1907,357,5065,2572,3392,880,4213,6686,"  39,976 ","  36,302 "
08-Jan-25,18:00 - 18:59,2122,5919,1591,1961,1303,2812,3084,6519,1074,333,4208,1074,5481,3262,2541,2541,2565,3909,1816,340,5298,2841,3193,886,4251,6775,"  38,527 ","  39,172 "
08-Jan-25,19:00 - 19:59,2223,4789,1139,2051,865,2497,2693,5604,693,208,3035,1030,4143,2801,1599,2284,2353,3263,1196,255,4578,2316,1947,826,3738,5974,"  30,202 ","  33,898 "
08-Jan-25,20:00 - 20:59,2314,3078,976,1678,692,1526,2346,3797,494,186,1856,1290,2859,2687,1132,1810,1647,2244,607,290,3418,2101,1275,786,3073,3923,"  22,689 ","  25,396 "
08-Jan-25,21:00 - 21:59,933,1981,528,1216,286,1156,1274,2685,408,135,1188,845,2120,2178,697,1374,1203,1824,327,259,2860,1537,787,667,2257,2680,"  14,868 ","  18,537 "
08-Jan-25,22:00 - 22:59,0,980,2,753,11,575,100,872,53,33,569,152,462,299,109,175,186,148,42,7,196,57,65,34,51,126,"  1,846 ","  4,211 "
08-Jan-25,23:00 - 23:59,,,,,,,,,,,,,,,,,,,,,,,,,,,  -   ,  -   
08-Jan-25,00:00 - 00:59,,,,,,,,,,,,,,,,,,,,,,,,,,,  -   ,  -   
08-Jan-25,01:00 - 01:59,,,,,,,,,,,,,,,,,,,,,,,,,,,  -   ,  -   
08-Jan-25,02:00 - 02:59,,,,,,,,,,,,,,,,,,,,,,,,,,,  -   ,  -   
,TOTAL,"45,258","42,334","27,390","22,036","22,143","23,030","47,747","55,459","8,452","8,967","29,725","32,677","49,883","49,233","26,874","27,276","35,316","35,954","10,856","11,461","39,460","44,540","29,616","17,508","64,446","65,385","  437,166 ","  435,860 "
,,,,,,,,,,,,,,,,,,,,,,,,,,,,,
,,,,,,,,,,,,,,,,,,,,,,,,,,,,,
,"Thursday, January 09, 2025",,,,,,,,,,,,,,,,,,,,,,,,,,,,
,,,,,,,,,,,,,,,,,,,,,,,,,,,,,
,TIME,North Ave,,Quezon Ave,,GMA Kamuning,,Cubao,,Santolan,,Ortigas,,Shaw Blvd,,Boni Ave,,Guadalupe,,Buendia,,Ayala Ave,,Magallanes,,Taft,, Total ,
,,Entry,Exit,Entry,Exit,Entry,Exit,Entry,Exit,Entry,Exit,Entry,Exit,Entry,Exit,Entry,Exit,Entry,Exit,Entry,Exit,Entry,Exit,Entry,Exit,Entry,Exit, Entry , Exit 
09-Jan-25,03:00 - 03:59,,,,,,,,,,,,,,,,,,,,,,,,,,,  -   ,  -   
09-Jan-25,04:00 - 04:59,613,0,582,2,516,9,590,51,21,48,64,156,307,239,84,90,60,148,3,71,40,132,18,76,154,158,"  3,052 ","  1,180 "
09-Jan-25,05:00 - 05:59,2659,681,1813,498,1626,440,2492,966,97,319,470,1662,1637,2102,768,872,1459,1040,103,729,704,1686,1006,857,3104,1648,"  17,938 ","  13,500 "
09-Jan-25,06:00 - 06:59,5196,1519,2981,1236,2583,1200,4077,2272,226,799,1200,3124,2970,3876,1826,1811,2483,2078,320,1574,1673,3469,2038,1758,4887,2996,"  32,460 ","  27,712 "
09-Jan-25,07:00 - 07:59,6022,1945,3101,1823,2348,1518,4014,2871,302,1311,1240,4871,3644,5265,2635,2456,3548,2712,441,2230,1875,4645,2417,2501,6707,3557,"  38,294 ","  37,705 "
09-Jan-25,08:00 - 08:59,4355,1699,2399,1581,1753,1253,3874,2637,256,1104,935,4552,2829,4564,2065,2146,2965,1873,263,1585,1449,3993,1848,2058,5660,3073,"  30,651 ","  32,118 "
09-Jan-25,09:00 - 09:59,3112,1559,1850,1053,1286,785,2981,2240,280,993,801,2927,1967,4080,1323,1787,2045,1848,221,1081,1116,3744,1398,1278,4034,2808,"  22,414 ","  26,183 "
09-Jan-25,10:00 - 10:59,2020,1354,1233,811,1095,696,2394,1908,289,640,745,1893,1644,2431,1077,1171,1597,1395,227,493,897,2449,1178,763,3080,2575,"  17,476 ","  18,579 "
09-Jan-25,11:00 - 11:59,2129,1560,1374,766,1138,645,2498,1839,332,531,747,1584,1692,2422,1111,1009,1528,1286,313,395,931,2736,1058,645,3194,2468,"  18,045 ","  17,886 "
09-Jan-25,12:00 - 12:59,2012,1505,1194,735,1034,669,2350,1972,313,436,689,1471,1717,2316,1088,972,1441,1304,311,431,1109,2304,1044,697,2867,2561,"  17,169 ","  17,373 "
09-Jan-25,13:00 - 13:59,1691,1409,950,818,824,726,2105,2014,318,411,827,1201,1567,1891,1054,976,1480,1186,281,367,1083,1773,1036,539,2451,2683,"  15,667 ","  15,994 "
09-Jan-25,14:00 - 14:59,1508,1667,936,819,828,750,1967,2237,360,319,1087,1034,1872,1549,1150,956,1274,1315,379,302,1470,1736,1049,507,2481,2718,"  16,361 ","  15,909 "
09-Jan-25,15:00 - 15:59,1515,2435,1076,1037,853,1055,2031,3037,538,249,1893,967,2648,1744,1430,968,1527,1659,576,307,2261,1678,1533,520,2868,3522,"  20,749 ","  19,178 "
09-Jan-25,16:00 - 16:59,1803,3051,1455,1399,1345,1737,2480,4222,759,273,2820,1014,3795,2301,1873,1299,2046,2351,1608,276,3527,2191,2279,621,3173,4989,"  28,963 ","  25,724 "
09-Jan-25,17:00 - 17:59,2049,5244,1986,1758,1467,2677,2908,6254,1305,334,4180,1048,5465,2787,2652,1943,2524,3263,1931,341,4916,2554,3255,859,3402,6178,"  38,040 ","  35,240 "
09-Jan-25,18:00 - 18:59,2042,5533,1461,1910,1145,2745,2926,6764,1041,302,4343,984,5338,2847,2454,2469,2582,3818,1836,344,5348,2513,2928,870,3396,7062,"  36,840 ","  38,161 "
09-Jan-25,19:00 - 19:59,2040,4498,1195,1952,876,2337,2437,5349,638,194,3018,983,3994,2582,1584,2102,2125,2959,1040,256,4283,2218,1872,751,3142,5375,"  28,244 ","  31,556 "
09-Jan-25,20:00 - 20:59,2304,3093,937,1581,702,1362,2282,3584,477,180,1727,1195,2804,2465,976,1586,1523,1923,564,247,3160,1872,1303,759,2715,3495,"  21,474 ","  23,342 "
09-Jan-25,21:00 - 21:59,858,2000,453,1237,275,1154,1248,2610,433,92,1181,789,2200,2208,688,1254,1114,1656,367,237,2950,1420,792,687,1893,2672,"  14,452 ","  18,016 "
09-Jan-25,22:00 - 22:59,0,714,2,572,6,459,73,804,44,29,573,173,447,229,134,176,160,159,39,8,200,48,65,17,57,190,"  1,800 ","  3,578 "
09-Jan-25,23:00 - 23:59,,,,,,,,,,,,,,,,,,,,,,,,,,,  -   ,  -   
09-Jan-25,00:00 - 00:59,,,,,,,,,,,,,,,,,,,,,,,,,,,  -   ,  -   
09-Jan-25,01:00 - 01:59,,,,,,,,,,,,,,,,,,,,,,,,,,,  -   ,  -   
09-Jan-25,02:00 - 02:59,,,,,,,,,,,,,,,,,,,,,,,,,,,  -   ,  -   
,TOTAL,"43,928","41,466","26,978","21,588","21,700","22,217","45,727","53,631","8,029","8,564","28,540","31,628","48,537","47,898","25,972","26,043","33,481","33,973","10,823","11,274","38,992","43,161","28,117","16,763","59,265","60,728","  420,089 ","  418,934 "
,,,,,,,,,,,,,,,,,,,,,,,,,,,,,
,,,,,,,,,,,,,,,,,,,,,,,,,,,,,
,"Friday, January 10, 2025",,,,,,,,,,,,,,,,,,,,,,,,,,,,
,,,,,,,,,,,,,,,,,,,,,,,,,,,,,
,TIME,North Ave,,Quezon Ave,,GMA Kamuning,,Cubao,,Santolan,,Ortigas,,Shaw Blvd,,Boni Ave,,Guadalupe,,Buendia,,Ayala Ave,,Magallanes,,Taft,, Total ,
,,Entry,Exit,Entry,Exit,Entry,Exit,Entry,Exit,Entry,Exit,Entry,Exit,Entry,Exit,Entry,Exit,Entry,Exit,Entry,Exit,Entry,Exit,Entry,Exit,Entry,Exit, Entry , Exit 
10-Jan-25,03:00 - 03:59,,,,,,,,,,,,,,,,,,,,,,,,,,,  -   ,  -   
10-Jan-25,04:00 - 04:59,591,0,504,1,438,5,591,60,23,31,61,144,238,239,80,86,65,92,3,59,22,137,13,89,192,189,"  2,821 ","  1,132 "
10-Jan-25,05:00 - 05:59,2431,604,1713,429,1596,412,2298,989,91,313,440,1595,1611,2025,763,873,1431,977,111,639,731,1537,1021,783,2737,1585,"  16,974 ","  12,761 "
10-Jan-25,06:00 - 06:59,4748,1524,2672,1175,2287,1195,3769,2301,242,771,1180,2763,3088,3712,1781,1723,2595,1937,276,1460,1571,3281,1886,1567,4288,3229,"  30,383 ","  26,638 "
10-Jan-25,07:00 - 07:59,5604,1761,3126,1696,2311,1546,3896,2916,318,1262,1237,4505,3681,5027,2612,2401,3567,2497,457,2016,1842,4316,2350,2500,6394,3983,"  37,395 ","  36,426 "
10-Jan-25,08:00 - 08:59,4395,1738,2449,1452,1741,1150,3738,2545,274,1154,944,4509,2573,4767,1995,2159,2957,2030,302,1677,1400,4040,1947,1836,5017,3454,"  29,732 ","  32,511 "
10-Jan-25,09:00 - 09:59,3058,1503,1737,1026,1398,804,2994,2290,277,1013,814,2742,2190,3575,1277,1580,2292,1523,223,884,1097,3502,1497,1218,3966,2985,"  22,820 ","  24,645 "
10-Jan-25,10:00 - 10:59,2065,1399,1303,784,1152,752,2337,2014,334,673,748,1869,1759,2391,1012,1079,1598,1373,240,547,950,2409,1174,745,3291,2540,"  17,963 ","  18,575 "
10-Jan-25,11:00 - 11:59,2220,1505,1254,808,1165,655,2516,2018,374,558,831,1547,1722,2451,1156,968,1661,1355,270,439,947,2377,1144,692,3225,2697,"  18,485 ","  18,070 "
10-Jan-25,12:00 - 12:59,2088,1746,1276,795,1136,737,2539,2301,363,489,804,1593,1892,2454,1264,1083,1751,1349,353,394,1161,2551,1241,691,3276,2955,"  19,144 ","  19,138 "
10-Jan-25,13:00 - 13:59,1833,1634,1028,805,882,838,2280,2260,334,438,946,1430,1828,2014,1249,1125,1634,1391,284,334,1235,2166,1098,629,3019,2799,"  17,650 ","  17,863 "
10-Jan-25,14:00 - 14:59,1803,1735,1024,856,932,887,2146,2446,446,351,1210,1161,2128,1995,1369,1060,1500,1545,438,348,1499,1740,1144,644,2949,3376,"  18,588 ","  18,144 "
10-Jan-25,15:00 - 15:59,1694,2471,1124,1023,1044,1270,2293,3325,570,367,2018,1150,2832,1933,1568,1086,1663,1776,587,279,2340,2018,1628,534,3168,3656,"  22,529 ","  20,888 "
10-Jan-25,16:00 - 16:59,1915,3425,1493,1424,1378,1826,2792,4394,828,322,2766,1118,3983,2454,2149,1362,2213,2500,1584,298,3311,2376,2588,619,3783,4978,"  30,783 ","  27,096 "
10-Jan-25,17:00 - 17:59,2214,5458,2127,1703,1595,2583,3274,6101,1324,349,4064,1215,5264,2933,2709,1964,2620,3124,1748,330,4484,2633,3393,839,4317,6370,"  39,133 ","  35,602 "
10-Jan-25,18:00 - 18:59,2179,5656,1484,1944,1243,2636,3140,6625,951,319,4037,1078,5179,2949,2502,2365,2595,3702,1810,323,5274,3040,2838,825,3843,7442,"  37,075 ","  38,904 "
10-Jan-25,19:00 - 19:59,2262,4905,1144,2029,870,2529,2793,6049,698,248,2926,1032,4211,2732,1677,2025,2152,3117,1132,276,4104,2323,2013,790,3714,5480,"  29,696 ","  33,535 "
10-Jan-25,20:00 - 20:59,2420,3090,976,1532,734,1682,2487,3916,467,165,1854,1224,3039,2707,1177,1640,1705,2234,542,256,3163,2081,1361,722,3083,3637,"  23,008 ","  24,886 "
10-Jan-25,21:00 - 21:59,878,2375,449,1211,284,1229,1277,2642,304,121,1343,818,2503,2051,880,1264,1209,1665,360,201,2547,1519,828,740,2244,3089,"  15,106 ","  18,925 "
10-Jan-25,22:00 - 22:59,0,953,5,689,7,692,124,1128,159,28,612,134,494,306,133,234,190,207,27,10,492,55,59,17,53,133,"  2,355 ","  4,586 "
10-Jan-25,23:00 - 23:59,,,,,,,,,,,,,,,,,,,,,,,,,,,  -   ,  -   
10-Jan-25,00:00 - 00:59,,,,,,,,,,,,,,,,,,,,,,,,,,,  -   ,  -   
10-Jan-25,01:00 - 01:59,,,,,,,,,,,,,,,,,,,,,,,,,,,  -   ,  -   
10-Jan-25,02:00 - 02:59,,,,,,,,,,,,,,,,,,,,,,,,,,,  -   ,  -   
,TOTAL,"44,398","43,482","26,888","21,382","22,193","23,428","47,284","56,320","8,377","8,972","28,835","31,627","50,215","48,715","27,353","26,077","35,398","34,394","10,747","10,770","38,170","44,101","29,223","16,480","62,559","64,577","  431,640 ","  430,325 "
,,,,,,,,,,,,,,,,,,,,,,,,,,,,,
,,,,,,,,,,,,,,,,,,,,,,,,,,,,,
,"Saturday, January 11, 2025",,,,,,,,,,,,,,,,,,,,,,,,,,,,
,,,,,,,,,,,,,,,,,,,,,,,,,,,,,
,TIME,North Ave,,Quezon Ave,,GMA Kamuning,,Cubao,,Santolan,,Ortigas,,Shaw Blvd,,Boni Ave,,Guadalupe,,Buendia,,Ayala Ave,,Magallanes,,Taft,, Total ,
,,Entry,Exit,Entry,Exit,Entry,Exit,Entry,Exit,Entry,Exit,Entry,Exit,Entry,Exit,Entry,Exit,Entry,Exit,Entry,Exit,Entry,Exit,Entry,Exit,Entry,Exit, Entry , Exit 
11-Jan-25,03:00 - 03:59,,,,,,,,,,,,,,,,,,,,,,,,,,,  -   ,  -   
11-Jan-25,04:00 - 04:59,335,0,359,2,344,3,405,42,17,23,49,89,182,155,64,65,47,76,2,34,22,85,11,49,63,159,"  1,900 ",  782 
11-Jan-25,05:00 - 05:59,1216,444,1162,305,1195,348,1687,813,74,256,356,831,1244,1361,563,583,1088,712,90,443,522,894,676,514,1817,1357,"  11,690 ","  8,861 "
11-Jan-25,06:00 - 06:59,1813,1168,1416,772,1394,833,2275,1896,158,436,899,1336,2364,2264,1123,959,1843,1182,227,764,1149,1695,1184,962,2491,2456,"  18,336 ","  16,723 "
11-Jan-25,07:00 - 07:59,2087,1566,1534,915,1284,946,2235,2414,163,606,910,1633,2522,2492,1276,1067,2148,1489,334,731,1373,2031,1352,1047,3163,3013,"  20,381 ","  19,950 "
11-Jan-25,08:00 - 08:59,2123,1776,1331,849,1037,813,2400,2260,165,752,719,1714,2093,2536,1135,1100,2116,1349,197,534,1053,2015,1132,877,2960,2745,"  18,461 ","  19,320 "
11-Jan-25,09:00 - 09:59,2012,1560,1252,677,982,554,2308,2015,318,838,579,1576,1881,2552,1124,823,1967,1272,159,376,1011,2480,1130,549,2955,2620,"  17,678 ","  17,892 "
11-Jan-25,10:00 - 10:59,1746,1642,995,636,775,569,2159,1972,302,583,491,1228,1690,1922,1084,621,1670,1079,157,277,884,2070,948,468,2514,2417,"  15,415 ","  15,484 "
11-Jan-25,11:00 - 11:59,1986,1626,1089,582,901,549,2288,2015,336,473,494,1286,1733,2233,1072,637,1791,1050,208,245,973,2272,1036,418,2828,2771,"  16,735 ","  16,157 "
11-Jan-25,12:00 - 12:59,2063,2030,1189,659,954,717,2523,2464,307,560,696,1415,1915,2382,1333,771,1937,1297,261,234,1302,2539,1385,420,3177,2777,"  19,042 ","  18,265 "
11-Jan-25,13:00 - 13:59,1753,2012,948,756,696,892,2426,2563,358,447,724,1141,1832,2062,1205,881,1795,1275,268,265,1260,2132,1162,501,2771,3012,"  17,198 ","  17,939 "
11-Jan-25,14:00 - 14:59,1650,1797,812,747,665,931,2263,2659,472,346,803,981,2013,1751,1211,721,1664,1373,289,195,1496,1851,1148,518,2789,3143,"  17,275 ","  17,013 "
11-Jan-25,15:00 - 15:59,1727,2406,904,848,740,1164,2409,2920,526,341,1361,993,2537,1913,1372,818,1713,1598,438,161,1848,1795,1355,375,2986,3113,"  19,916 ","  18,445 "
11-Jan-25,16:00 - 16:59,1970,2697,1112,1219,983,2152,2787,4017,654,314,1966,975,3437,2323,1762,998,2130,2244,1099,188,2511,2164,2002,545,3460,4372,"  25,873 ","  24,208 "
11-Jan-25,17:00 - 17:59,2075,3195,1114,1420,956,2582,3017,4531,799,280,1844,959,3506,2441,1613,1326,2080,2391,708,221,2442,2133,2305,585,3986,4593,"  26,445 ","  26,657 "
11-Jan-25,18:00 - 18:59,1795,2706,783,1313,745,2161,2604,3881,552,183,1597,801,2909,2153,1212,1269,1863,2242,539,208,2401,1805,1624,536,3486,4050,"  22,110 ","  23,308 "
11-Jan-25,19:00 - 19:59,1826,2542,696,1112,590,1715,2287,3440,537,157,1374,605,2605,1882,854,1171,1450,2033,345,195,2459,1472,1166,377,3001,3577,"  19,190 ","  20,278 "
11-Jan-25,20:00 - 20:59,1625,1882,641,1048,426,1118,2062,2529,337,118,1041,563,2111,1672,604,1048,1096,1654,160,165,1930,1169,708,391,2479,2688,"  15,220 ","  16,045 "
11-Jan-25,21:00 - 21:59,646,1653,249,852,197,940,1049,2041,277,108,855,370,1822,1376,423,933,884,1366,135,149,1744,921,508,391,1791,2125,"  10,580 ","  13,225 "
11-Jan-25,22:00 - 22:59,0,750,8,531,6,597,128,945,168,24,569,90,437,264,83,172,141,182,21,7,406,24,31,11,41,166,"  2,039 ","  3,763 "
11-Jan-25,23:00 - 23:59,,,,,,,,,,,,,,,,,,,,,,,,,,,  -   ,  -   
11-Jan-25,00:00 - 00:59,,,,,,,,,,,,,,,,,,,,,,,,,,,  -   ,  -   
11-Jan-25,01:00 - 01:59,,,,,,,,,,,,,,,,,,,,,,,,,,,  -   ,  -   
11-Jan-25,02:00 - 02:59,,,,,,,,,,,,,,,,,,,,,,,,,,,  -   ,  -   
,TOTAL,"30,448","33,452","17,594","15,243","14,870","19,584","39,312","45,417","6,520","6,845","17,327","18,586","38,833","35,734","19,113","15,963","29,423","25,864","5,637","5,392","26,786","31,547","20,863","9,534","48,758","51,154","  315,484 ","  314,315 "
,,,,,,,,,,,,,,,,,,,,,,,,,,,,,
,,,,,,,,,,,,,,,,,,,,,,,,,,,,,
,"Sunday, January 12, 2025",,,,,,,,,,,,,,,,,,,,,,,,,,,,
,,,,,,,,,,,,,,,,,,,,,,,,,,,,,
,TIME,North Ave,,Quezon Ave,,GMA Kamuning,,Cubao,,Santolan,,Ortigas,,Shaw Blvd,,Boni Ave,,Guadalupe,,Buendia,,Ayala Ave,,Magallanes,,Taft,, Total ,
,,Entry,Exit,Entry,Exit,Entry,Exit,Entry,Exit,Entry,Exit,Entry,Exit,Entry,Exit,Entry,Exit,Entry,Exit,Entry,Exit,Entry,Exit,Entry,Exit,Entry,Exit, Entry , Exit 
12-Jan-25,03:00 - 03:59,,,,,,,,,,,,,,,,,,,,,,,,,,,  -   ,  -   
12-Jan-25,04:00 - 04:59,231,0,228,2,244,4,296,26,7,14,31,49,128,106,41,33,44,41,2,15,11,72,4,30,76,114,"  1,343 ",  506 
12-Jan-25,05:00 - 05:59,676,246,611,211,591,206,1012,515,42,139,154,520,725,871,345,344,716,442,90,234,256,623,407,221,1183,825,"  6,808 ","  5,397 "
12-Jan-25,06:00 - 06:59,852,617,621,480,716,488,1184,1182,90,191,374,598,1199,1096,555,479,927,718,167,259,529,936,554,291,1487,1384,"  9,255 ","  8,719 "
12-Jan-25,07:00 - 07:59,1027,776,729,500,592,587,1317,1306,92,224,423,703,1386,1187,651,496,1152,824,265,213,699,1149,698,359,1874,1867,"  10,905 ","  10,191 "
12-Jan-25,08:00 - 08:59,1362,907,834,564,727,514,1662,1453,117,331,281,813,1330,1623,726,488,1295,885,157,203,645,1288,681,345,2078,2029,"  11,895 ","  11,443 "
12-Jan-25,09:00 - 09:59,1567,1005,979,541,824,510,1966,1739,192,561,336,1136,1333,2039,860,526,1657,980,111,185,698,2094,789,319,2540,2207,"  13,852 ","  13,842 "
12-Jan-25,10:00 - 10:59,1582,1279,868,449,702,460,1634,1696,154,444,286,1004,1350,1746,873,498,1446,925,113,164,642,1613,752,282,2445,2364,"  12,847 ","  12,924 "
12-Jan-25,11:00 - 11:59,1709,1365,993,549,783,422,2082,1721,161,400,347,1060,1426,1983,1070,549,1482,1051,148,144,693,2192,710,291,2719,2145,"  14,323 ","  13,872 "
12-Jan-25,12:00 - 12:59,1664,1344,1034,477,844,445,2176,1787,220,380,435,1186,1411,1832,959,635,1518,1004,98,132,781,1890,705,277,2758,2608,"  14,603 ","  13,997 "
12-Jan-25,13:00 - 13:59,1673,1587,849,595,684,566,2161,1941,208,301,497,1095,1515,1777,991,711,1489,1107,129,158,832,1850,746,318,2718,2656,"  14,492 ","  14,662 "
12-Jan-25,14:00 - 14:59,1663,1592,791,569,710,520,2214,2120,272,302,601,950,1614,1640,1027,715,1392,1307,145,169,1047,1674,755,280,2745,2708,"  14,976 ","  14,546 "
12-Jan-25,15:00 - 15:59,1654,1698,829,760,679,802,2301,2231,333,272,874,906,1945,1741,1075,812,1501,1570,212,165,1257,1737,800,377,2887,2878,"  16,347 ","  15,949 "
12-Jan-25,16:00 - 16:59,1835,1929,749,763,748,870,2332,2479,404,255,983,675,1875,1850,1017,1029,1334,1697,237,160,1444,1617,987,435,3100,2998,"  17,045 ","  16,757 "
12-Jan-25,17:00 - 17:59,1973,1869,758,907,797,950,2530,2376,348,244,993,762,1868,1975,1041,1170,1292,1906,216,244,1634,1647,748,472,3156,2709,"  17,354 ","  17,231 "
12-Jan-25,18:00 - 18:59,1693,1790,752,831,595,988,2237,2560,387,163,1149,651,1998,1853,924,1247,1216,1908,206,183,1871,1439,833,501,2916,2847,"  16,777 ","  16,961 "
12-Jan-25,19:00 - 19:59,1831,1913,667,928,672,997,2349,2594,376,173,1071,522,2068,1848,679,1253,1044,1933,188,177,2100,1204,658,508,2585,2860,"  16,288 ","  16,910 "
12-Jan-25,20:00 - 20:59,1854,1518,501,840,519,662,1991,2037,282,110,971,457,1970,1481,466,1282,925,1689,88,175,1674,1095,451,452,2200,2507,"  13,892 ","  14,305 "
12-Jan-25,21:00 - 21:59,665,1246,270,750,209,818,1042,1954,273,106,681,408,1761,1304,371,1033,723,1400,94,132,1673,885,411,353,1723,2037,"  9,896 ","  12,426 "
12-Jan-25,22:00 - 22:59,0,696,3,523,6,434,63,776,170,32,491,72,386,246,69,169,107,203,11,5,445,25,29,4,40,61,"  1,820 ","  3,246 "
12-Jan-25,23:00 - 23:59,0,0,0,0,0,0,0,0,0,0,0,0,0,0,0,0,0,0,0,0,0,0,0,0,0,0,  -   ,  -   
12-Jan-25,00:00 - 00:59,  -   ,  -   ,0,0,0,0,0,0,0,0,0,0,0,0,0,0,0,0,0,0,0,0,0,0,0,0,  -   ,  -   
12-Jan-25,01:00 - 01:59,,,,,,,,,,,,,,,,,,,,,,,,,,,  -   ,  -   
12-Jan-25,02:00 - 02:59,,,,,,,,,,,,,,,,,,,,,,,,,,,  -   ,  -   
,TOTAL,"25,511","23,377","13,066","11,239","11,642","11,243","32,549","32,493","4,128","4,642","10,978","13,567","27,288","28,198","13,740","13,469","21,260","21,590","2,677","3,117","18,931","25,030","11,718","6,115","41,230","39,804","  234,718 ","  233,884 "
,,,,,,,,,,,,,,,,,,,,,,,,,,,,,
,,,,,,,,,,,,,,,,,,,,,,,,,,,,,
,"Monday, January 13, 2025",,,,,,,,,,,,,,,,,,,,,,,,,,,,
,,,,,,,,,,,,,,,,,,,,,,,,,,,,,
,TIME,North Ave,,Quezon Ave,,GMA Kamuning,,Cubao,,Santolan,,Ortigas,,Shaw Blvd,,Boni Ave,,Guadalupe,,Buendia,,Ayala Ave,,Magallanes,,Taft,, Total ,
,,Entry,Exit,Entry,Exit,Entry,Exit,Entry,Exit,Entry,Exit,Entry,Exit,Entry,Exit,Entry,Exit,Entry,Exit,Entry,Exit,Entry,Exit,Entry,Exit,Entry,Exit, Entry , Exit 
13-Jan-25,03:00 - 03:59,,,,,,,,,,,,,,,,,,,,,,,,,,,  -   ,  -   
13-Jan-25,04:00 - 04:59,878,0,708,1,1037,4,976,47,15,50,56,209,335,339,87,114,60,255,2,124,5,250,7,110,196,4,"  4,362 ","  1,507 "
13-Jan-25,05:00 - 05:59,3448,559,1598,420,1604,378,2974,896,116,375,314,1713,1808,2465,689,1007,1386,1381,86,796,491,2049,1360,972,3423,2029,"  19,297 ","  15,040 "
13-Jan-25,06:00 - 06:59,5808,1101,2435,1035,2851,1091,4040,2006,215,815,564,3051,2484,3852,1438,1706,2392,2111,206,1623,923,3560,2114,1806,4998,2764,"  30,468 ","  26,521 "
13-Jan-25,07:00 - 07:59,6069,1373,2790,1628,2946,1227,3906,2462,315,1237,745,4486,2774,5250,2291,2301,3289,2389,314,2125,1100,4584,2269,2446,6771,3056,"  35,579 ","  34,564 "
13-Jan-25,08:00 - 08:59,4558,1160,2383,1217,2988,989,3784,2466,226,1242,553,4960,2165,5485,1783,2220,2649,2256,225,1826,974,4470,1808,2307,5397,2864,"  29,493 ","  33,462 "
13-Jan-25,09:00 - 09:59,3002,1256,1640,903,1233,781,2970,2016,283,985,591,2685,1926,3772,1180,1452,1946,1664,189,910,849,3437,1612,1357,4569,2750,"  21,990 ","  23,968 "
13-Jan-25,10:00 - 10:59,2152,1315,1125,854,1184,772,2531,1904,351,760,688,1829,1613,2601,1005,1003,1563,1401,234,557,797,2490,1267,783,3346,2548,"  17,856 ","  18,817 "
13-Jan-25,11:00 - 11:59,2161,1266,1242,618,1178,645,2425,1988,408,553,755,1488,1578,2511,1025,971,1513,1470,271,410,899,2572,1097,668,3513,2682,"  18,065 ","  17,842 "
13-Jan-25,12:00 - 12:59,1972,1540,1115,754,1120,730,2454,2153,341,454,764,1519,1720,2088,1031,884,1524,1353,254,374,956,2120,1016,602,2947,2680,"  17,214 ","  17,251 "
13-Jan-25,13:00 - 13:59,1790,1429,906,729,782,719,2216,1857,348,355,830,1316,1738,1960,1005,892,1335,1284,249,359,1056,1850,979,647,2803,2956,"  16,037 ","  16,353 "
13-Jan-25,14:00 - 14:59,1526,1597,862,769,890,783,2087,2272,383,343,1148,1027,1959,1838,1060,893,1363,1390,368,259,1476,1619,1088,569,2860,3000,"  17,070 ","  16,359 "
13-Jan-25,15:00 - 15:59,1597,2139,861,1015,948,1112,2284,3078,510,360,1865,1091,2716,1708,1281,1036,1534,1417,543,229,2098,1539,1333,504,2707,3554,"  20,277 ","  18,782 "
13-Jan-25,16:00 - 16:59,1775,3321,1304,1448,1220,1666,2465,4192,832,300,2704,946,3387,2195,1772,1270,2054,2659,1431,258,3346,1999,2199,645,3148,4353,"  27,637 ","  25,252 "
13-Jan-25,17:00 - 17:59,2027,4881,1945,1728,1438,2278,2883,5823,1289,327,4006,1120,5033,2879,2427,1971,2463,3270,1800,360,4595,2331,3163,759,3563,6177,"  36,632 ","  33,904 "
13-Jan-25,18:00 - 18:59,2082,4947,1347,1865,1175,2514,2983,6060,975,269,4185,936,5234,3042,2268,2549,2419,3727,1757,308,5282,2545,2811,946,3506,6743,"  36,024 ","  36,451 "
13-Jan-25,19:00 - 19:59,2207,4629,1156,2107,887,2134,2470,5407,589,237,3018,984,3969,2721,1455,2169,2084,3085,1051,245,4032,2123,1905,773,3552,5020,"  28,375 ","  31,634 "
13-Jan-25,20:00 - 20:59,2219,2664,837,1442,680,1407,2298,3705,455,189,1703,1205,2662,2559,924,1653,1500,1950,527,239,2982,1849,1132,772,2916,3409,"  20,835 ","  23,043 "
13-Jan-25,21:00 - 21:59,837,1828,420,1051,261,1050,1113,2182,405,95,1078,756,1994,1943,634,1253,983,1661,309,211,2585,1360,721,639,1838,2576,"  13,178 ","  16,605 "
13-Jan-25,22:00 - 22:59,0,766,2,576,9,473,83,840,55,27,575,106,437,213,115,151,161,122,24,9,171,52,51,37,57,107,"  1,740 ","  3,479 "
13-Jan-25,23:00 - 23:59,0,0,0,0,0,0,0,0,0,0,0,0,0,0,0,0,0,0,0,0,0,0,0,0,0,0,  -   ,  -   
13-Jan-25,00:00 - 00:59,,,,,,,,,,,,,,,,,,,,,,,,,,,  -   ,  -   
13-Jan-25,01:00 - 01:59,,,,,,,,,,,,,,,,,,,,,,,,,,,  -   ,  -   
13-Jan-25,02:00 - 02:59,,,,,,,,,,,,,,,,,,,,,,,,,,,  -   ,  -   
,TOTAL,"46,108","37,771","24,676","20,160","24,431","20,753","46,942","51,354","8,111","8,973","26,142","31,427","45,532","49,421","23,470","25,495","32,218","34,845","9,840","11,222","34,617","42,799","27,932","17,342","62,110","59,272","  412,129 ","  410,834 "
,,,,,,,,,,,,,,,,,,,,,,,,,,,,,
,,,,,,,,,,,,,,,,,,,,,,,,,,,,,
,"Tuesday, January 14, 2025",,,,,,,,,,,,,,,,,,,,,,,,,,,,
,,,,,,,,,,,,,,,,,,,,,,,,,,,,,
,TIME,North Ave,,Quezon Ave,,GMA Kamuning,,Cubao,,Santolan,,Ortigas,,Shaw Blvd,,Boni Ave,,Guadalupe,,Buendia,,Ayala Ave,,Magallanes,,Taft,, Total ,
,,Entry,Exit,Entry,Exit,Entry,Exit,Entry,Exit,Entry,Exit,Entry,Exit,Entry,Exit,Entry,Exit,Entry,Exit,Entry,Exit,Entry,Exit,Entry,Exit,Entry,Exit, Entry , Exit 
14-Jan-25,03:00 - 03:59,,,,,,,,,,,,,,,,,,,,,,,,,,,  -   ,  -   
14-Jan-25,04:00 - 04:59,717,0,582,3,650,5,668,59,21,45,68,141,300,255,84,69,65,143,3,72,24,169,15,98,148,292,"  3,345 ","  1,351 "
14-Jan-25,05:00 - 05:59,2976,597,1970,470,1732,412,2687,1055,129,332,431,1812,1805,2253,871,1038,1492,1210,113,787,745,1849,1150,855,3159,1662,"  19,260 ","  14,332 "
14-Jan-25,06:00 - 06:59,5327,1589,2863,1267,2641,1182,4157,2404,276,823,1278,3173,3234,3986,1946,2125,2820,2083,309,1606,1567,3637,2023,1853,4629,3442,"  33,070 ","  29,170 "
14-Jan-25,07:00 - 07:59,6339,1898,3289,1786,2518,1537,4213,2956,334,1334,1193,4656,3812,5065,2854,2713,3770,2553,441,2146,1858,4815,2637,2554,7118,3925,"  40,376 ","  37,938 "
14-Jan-25,08:00 - 08:59,5178,1661,2673,1552,2017,1230,4063,2922,274,1176,953,5025,2855,5202,2339,2890,3200,2358,283,1894,1374,4609,2158,2248,5994,3606,"  33,361 ","  36,373 "
14-Jan-25,09:00 - 09:59,3218,1549,1840,1220,1574,888,3264,2437,330,1138,825,3368,2181,4087,1510,2146,2431,1784,250,1030,1181,3880,1806,1471,4337,3387,"  24,747 ","  28,385 "
14-Jan-25,10:00 - 10:59,2209,1123,1252,718,1068,756,2477,1861,321,548,748,1391,1810,1948,1123,1115,1732,1079,262,394,998,2124,1363,727,3150,2214,"  18,513 ","  15,998 "
14-Jan-25,11:00 - 11:59,2247,1670,1223,807,1128,843,2519,2111,351,648,769,1913,1751,2959,1213,1418,1625,1668,265,531,981,2984,1321,742,3326,3142,"  18,719 ","  21,436 "
14-Jan-25,12:00 - 12:59,1983,1474,1178,790,1136,761,2495,2193,322,504,769,1655,1783,2274,1203,1235,1516,1383,242,444,1089,2441,1147,744,3120,3142,"  17,983 ","  19,040 "
14-Jan-25,13:00 - 13:59,1783,1391,996,687,877,774,2150,2036,384,400,874,1304,1682,1983,1196,1125,1511,1391,293,343,1030,1974,934,592,2807,2710,"  16,517 ","  16,710 "
14-Jan-25,14:00 - 14:59,1456,1763,920,828,779,836,2212,2273,476,323,1229,1063,1969,1684,1370,985,1333,1454,380,281,1521,1754,1128,515,2776,3090,"  17,549 ","  16,849 "
14-Jan-25,15:00 - 15:59,1445,2432,1023,1109,938,1178,2203,3276,466,342,2014,1085,2883,1907,1723,1065,1593,1982,565,260,2269,1794,1640,532,2966,3673,"  21,728 ","  20,635 "
14-Jan-25,16:00 - 16:59,1771,3263,1378,1384,1365,1694,2549,4306,862,287,2901,1016,3564,2206,2261,1444,2152,2385,1639,306,3553,2265,2463,655,3638,4969,"  30,096 ","  26,180 "
14-Jan-25,17:00 - 17:59,2128,5075,2073,1976,1546,2475,3259,6075,1335,378,4324,1090,5663,3136,2980,2258,2677,3618,2003,375,5035,2737,3188,939,4507,6686,"  40,718 ","  36,818 "
14-Jan-25,18:00 - 18:59,1954,6210,1598,2150,1262,2926,3185,6934,1023,342,4494,1000,5506,2943,2662,2582,2566,3867,1835,332,5380,2756,3138,1000,4183,7105,"  38,786 ","  40,147 "
14-Jan-25,19:00 - 19:59,2174,4763,1284,2076,944,2341,2742,5621,655,286,3229,1116,4307,3105,1758,2496,2269,3486,1266,279,4661,2422,2133,854,3569,5860,"  30,991 ","  34,705 "
14-Jan-25,20:00 - 20:59,2434,3243,1027,1698,757,1573,2501,3891,512,167,1813,1280,2836,2797,1154,1901,1576,2329,562,268,3465,2061,1246,822,3016,3644,"  22,899 ","  25,674 "
14-Jan-25,21:00 - 21:59,868,2130,495,1168,263,1208,1184,2777,440,95,1247,798,2190,2185,782,1337,1137,1887,344,240,3086,1542,748,662,2169,2792,"  14,953 ","  18,821 "
14-Jan-25,22:00 - 22:59,0,806,4,606,6,495,89,818,46,26,593,147,450,261,129,180,130,166,36,14,201,62,53,33,122,120,"  1,859 ","  3,734 "
14-Jan-25,23:00 - 23:59,,,,,,,,,,,,,,,,,,,,,,,,,,,  -   ,  -   
14-Jan-25,00:00 - 00:59,,,,,,,,,,,,,,,,,,,,,,,,,,,  -   ,  -   
14-Jan-25,01:00 - 01:59,,,,,,,,,,,,,,,,,,,,,,,,,,,  -   ,  -   
14-Jan-25,02:00 - 02:59,,,,,,,,,,,,,,,,,,,,,,,,,,,  -   ,  -   
,TOTAL,"46,207","42,637","27,668","22,295","23,201","23,114","48,617","56,005","8,557","9,194","29,752","33,033","50,581","50,236","29,158","30,122","35,595","36,826","11,091","11,602","40,018","45,875","30,291","17,896","64,734","65,461","  445,470 ","  444,296 "
,,,,,,,,,,,,,,,,,,,,,,,,,,,,,
,,,,,,,,,,,,,,,,,,,,,,,,,,,,,
,"Wednesday, January 15, 2025",,,,,,,,,,,,,,,,,,,,,,,,,,,,
,,,,,,,,,,,,,,,,,,,,,,,,,,,,,
,TIME,North Ave,,Quezon Ave,,GMA Kamuning,,Cubao,,Santolan,,Ortigas,,Shaw Blvd,,Boni Ave,,Guadalupe,,Buendia,,Ayala Ave,,Magallanes,,Taft,, Total ,
,,Entry,Exit,Entry,Exit,Entry,Exit,Entry,Exit,Entry,Exit,Entry,Exit,Entry,Exit,Entry,Exit,Entry,Exit,Entry,Exit,Entry,Exit,Entry,Exit,Entry,Exit, Entry , Exit 
15-Jan-25,03:00 - 03:59,,,,,,,,,,,,,,,,,,,,,,,,,,,  -   ,  -   
15-Jan-25,04:00 - 04:59,678,0,585,1,539,8,601,68,20,43,59,146,256,214,76,85,67,146,4,98,25,172,17,72,148,258,"  3,075 ","  1,311 "
15-Jan-25,05:00 - 05:59,2856,584,1889,398,1651,398,2599,1030,132,322,501,1760,1754,2235,890,962,1572,1131,106,717,758,1759,1156,836,2868,1547,"  18,732 ","  13,679 "
15-Jan-25,06:00 - 06:59,5217,1558,2909,1326,2468,1152,4097,2408,253,790,1217,3132,3342,3610,1976,2006,2776,2045,316,1561,1738,3579,1974,1871,4935,3526,"  33,218 ","  28,564 "
15-Jan-25,07:00 - 07:59,6339,1967,3277,1814,2488,1569,4156,2997,351,1313,1296,4886,3792,5184,2820,2631,3971,2553,447,2199,1836,4818,2375,2541,6837,3935,"  39,985 ","  38,407 "
15-Jan-25,08:00 - 08:59,5013,1644,2831,1625,1901,1184,4092,2764,319,1235,1008,5269,2951,5223,2293,2799,3175,2358,318,2096,1311,4707,2197,2393,5762,3885,"  33,171 ","  37,182 "
15-Jan-25,09:00 - 09:59,3379,1446,1938,1128,1356,871,3153,2427,305,1035,759,3078,2216,3988,1421,1790,2282,1751,235,1018,1208,3748,1732,1267,4424,3132,"  24,408 ","  26,679 "
15-Jan-25,10:00 - 10:59,2138,1371,1273,889,1181,828,2570,2107,335,728,748,1917,1667,2618,1110,1229,1796,1410,221,511,990,2562,1442,794,3161,2745,"  18,632 ","  19,709 "
15-Jan-25,11:00 - 11:59,2119,1416,1300,780,1112,658,2546,1990,349,482,843,1513,1836,2478,1214,1089,1720,1356,292,447,999,2735,1266,708,3228,2870,"  18,824 ","  18,522 "
15-Jan-25,12:00 - 12:59,2205,1531,1220,726,1079,742,2514,2244,351,458,768,1510,1755,2473,1154,1230,1574,1514,247,410,1169,2436,1218,693,3346,3029,"  18,600 ","  18,996 "
15-Jan-25,13:00 - 13:59,1889,1452,1009,838,817,792,2270,2040,315,342,854,1315,1746,1953,1219,1136,1530,1457,292,390,1167,2098,1078,658,2961,2687,"  17,147 ","  17,158 "
15-Jan-25,14:00 - 14:59,1543,1735,994,943,879,854,2297,2413,456,372,1118,1205,1955,1878,1333,941,1481,1549,416,316,1568,1899,1154,599,2961,3014,"  18,155 ","  17,718 "
15-Jan-25,15:00 - 15:59,1641,2462,1096,1221,915,1123,2231,3306,508,297,2096,1154,3043,1948,1703,1218,1796,2015,536,326,2486,1992,1675,520,3166,3941,"  22,892 ","  21,523 "
15-Jan-25,16:00 - 16:59,1633,2876,1567,1446,1314,1745,2723,4298,884,305,3044,1004,3779,2400,1979,1356,2023,2572,1787,275,3541,2168,2446,713,3646,4806,"  30,366 ","  25,964 "
15-Jan-25,17:00 - 17:59,2097,5832,1934,2041,1552,2694,3310,6371,1400,421,4312,1150,5345,3128,2765,2108,2606,3648,1930,353,5084,2797,3277,882,4164,6867,"  39,776 ","  38,292 "
15-Jan-25,18:00 - 18:59,2028,5620,1581,2057,1207,2790,3175,6369,1051,335,4259,1117,5676,3100,2754,2569,2739,3959,2055,337,5351,2917,3313,986,4452,6955,"  39,641 ","  39,111 "
15-Jan-25,19:00 - 19:59,2342,5090,1328,2202,960,2483,2799,5847,634,283,3361,1110,4490,3088,1917,2376,2283,3503,1286,278,4866,2488,2152,868,3607,6065,"  32,025 ","  35,681 "
15-Jan-25,20:00 - 20:59,2455,3444,1055,1678,758,1730,2473,4405,556,177,1942,1309,3005,2799,1224,1886,1660,2207,656,247,3838,2169,1376,773,3257,3867,"  24,255 ","  26,691 "
15-Jan-25,21:00 - 21:59,871,2263,500,1349,302,1185,1295,2649,431,133,1311,924,2383,2321,778,1537,1233,2015,340,278,3140,1660,762,735,2294,3095,"  15,640 ","  20,144 "
15-Jan-25,22:00 - 22:59,0,859,4,699,4,516,90,1028,68,27,581,122,512,273,124,156,183,152,37,12,230,48,77,19,36,7,"  1,946 ","  3,918 "
15-Jan-25,23:00 - 23:59,0,0,0,0,0,0,0,0,0,0,0,0,0,0,0,0,0,0,0,0,0,0,0,0,0,0,  -   ,  -   
15-Jan-25,00:00 - 00:59,  -   ,  -   ,0,0,0,0,0,0,0,0,0,0,0,0,0,0,0,0,0,0,0,0,0,0,0,0,  -   ,  -   
15-Jan-25,01:00 - 01:59,,,,,,,,,,,,,,,,,,,,,,,,,,,  -   ,  -   
15-Jan-25,02:00 - 02:59,,,,,,,,,,,,,,,,,,,,,,,,,,,  -   ,  -   
,TOTAL,"46,443","43,150","28,290","23,161","22,483","23,322","48,991","56,761","8,718","9,098","30,077","33,621","51,503","50,911","28,750","29,104","36,467","37,341","11,521","11,869","41,305","46,752","30,687","17,928","65,253","66,231","  450,488 ","  449,249 "
,,,,,,,,,,,,,,,,,,,,,,,,,,,,,
,,,,,,,,,,,,,,,,,,,,,,,,,,,,,
,"Thursday, January 16, 2025",,,,,,,,,,,,,,,,,,,,,,,,,,,,
,,,,,,,,,,,,,,,,,,,,,,,,,,,,,
,TIME,North Ave,,Quezon Ave,,GMA Kamuning,,Cubao,,Santolan,,Ortigas,,Shaw Blvd,,Boni Ave,,Guadalupe,,Buendia,,Ayala Ave,,Magallanes,,Taft,, Total ,
,,Entry,Exit,Entry,Exit,Entry,Exit,Entry,Exit,Entry,Exit,Entry,Exit,Entry,Exit,Entry,Exit,Entry,Exit,Entry,Exit,Entry,Exit,Entry,Exit,Entry,Exit, Entry , Exit 
16-Jan-25,03:00 - 03:59,,,,,,,,,,,,,,,,,,,,,,,,,,,  -   ,  -   
16-Jan-25,04:00 - 04:59,674,0,581,3,532,8,625,72,16,31,78,149,253,247,72,79,71,146,6,80,35,134,16,97,199,248,"  3,158 ","  1,294 "
16-Jan-25,05:00 - 05:59,2728,672,1778,443,1576,447,2453,1004,136,365,484,1678,1637,2258,865,919,1534,1037,111,679,827,1768,1079,875,2879,1566,"  18,087 ","  13,711 "
16-Jan-25,06:00 - 06:59,5213,1506,2934,1214,2347,1242,4153,2541,274,795,1230,3093,3195,3802,1995,1957,2809,2040,328,1602,1729,3718,2079,1852,4914,3385,"  33,200 ","  28,747 "
16-Jan-25,07:00 - 07:59,6247,1873,3211,1744,2507,1465,4148,2926,326,1371,1223,4726,3804,5163,2783,2635,3845,2580,432,2168,1848,4678,2537,2474,6842,3995,"  39,753 ","  37,798 "
16-Jan-25,08:00 - 08:59,4836,1805,2547,1611,1856,1253,3833,2854,308,1158,983,5114,3054,5169,2256,2718,3223,2294,278,1898,1538,4678,2082,2261,5632,3712,"  32,426 ","  36,525 "
16-Jan-25,09:00 - 09:59,3154,1484,1957,1052,1454,894,3086,2384,305,1012,828,2882,2156,3942,1445,1863,2354,1675,250,882,1125,3707,1680,1277,4145,3187,"  23,939 ","  26,241 "
16-Jan-25,10:00 - 10:59,2160,1451,1256,878,1134,684,2530,2037,376,690,754,1846,1784,2399,1141,1343,1782,1474,255,595,1081,2618,1359,841,3194,2630,"  18,806 ","  19,486 "
16-Jan-25,11:00 - 11:59,2242,1553,1273,819,1099,626,2563,1943,363,549,771,1580,1783,2576,1316,1132,1742,1374,279,406,930,2764,1185,774,3291,2771,"  18,837 ","  18,867 "
16-Jan-25,12:00 - 12:59,2065,1512,1220,737,1013,741,2511,2349,383,438,739,1530,1872,2398,1236,1149,1717,1394,288,385,1114,2306,1191,650,3037,2805,"  18,386 ","  18,394 "
16-Jan-25,13:00 - 13:59,1821,1474,1048,767,1004,730,2319,1980,349,403,902,1533,1636,2007,1183,1168,1434,1379,279,362,1167,1993,1151,644,2716,2785,"  17,009 ","  17,225 "
16-Jan-25,14:00 - 14:59,1439,1795,992,870,844,827,2251,2534,368,357,1249,1092,2003,1745,1370,1104,1399,1431,389,297,1531,1781,1126,592,2865,2989,"  17,826 ","  17,414 "
16-Jan-25,15:00 - 15:59,1442,2395,1042,1171,868,1154,2289,3201,488,292,2200,1083,2797,1863,1516,1077,1646,1939,637,270,2508,1783,1706,564,3052,3789,"  22,191 ","  20,581 "
16-Jan-25,16:00 - 16:59,1756,3309,1426,1623,1270,1711,2633,4012,800,297,2984,1029,3818,2311,2040,1397,2059,2544,1695,250,3479,2374,2447,666,3506,4813,"  29,913 ","  26,336 "
16-Jan-25,17:00 - 17:59,2079,5444,2017,1865,1532,2719,3275,6358,1377,376,4204,1237,5205,3082,2699,2161,2497,3491,1977,363,5274,2726,3256,855,4171,6224,"  39,563 ","  36,901 "
16-Jan-25,18:00 - 18:59,2043,5693,1568,2052,1324,2834,3197,6755,1073,323,4612,1100,5572,3121,2638,2561,2762,3926,1829,343,5071,2981,3261,960,4044,6908,"  38,994 ","  39,557 "
16-Jan-25,19:00 - 19:59,2284,4876,1260,2138,896,2413,2862,5801,647,262,3158,1124,4324,2888,1855,2275,2294,3578,1227,284,4905,2403,2053,766,3484,5931,"  31,249 ","  34,739 "
16-Jan-25,20:00 - 20:59,2359,3401,975,1613,736,1563,2466,4014,533,187,1881,1250,3082,2728,1248,1748,1557,2288,647,259,3568,2272,1302,840,3092,3795,"  23,446 ","  25,958 "
16-Jan-25,21:00 - 21:59,941,2049,504,1254,343,1398,1348,2770,447,122,1262,851,2327,2293,814,1414,1167,1910,341,247,3234,1467,885,734,2249,3035,"  15,862 ","  19,544 "
16-Jan-25,22:00 - 22:59,0,949,5,694,4,490,92,908,59,33,614,149,443,282,129,180,182,155,38,4,178,43,54,18,75,129,"  1,873 ","  4,034 "
16-Jan-25,23:00 - 23:59,0,0,0,1,0,0,0,0,0,0,0,0,0,0,0,0,0,0,0,0,0,0,0,0,0,0,  -   ,  1 
16-Jan-25,00:00 - 00:59,  -   ,  -   ,0,0,0,0,0,0,0,0,0,0,0,0,0,0,0,0,0,0,0,0,0,0,0,0,  -   ,  -   
16-Jan-25,01:00 - 01:59,  -   ,  -   ,0,0,0,0,0,0,0,0,0,0,0,0,0,0,0,0,0,0,0,0,0,0,0,0,  -   ,  -   
16-Jan-25,02:00 - 02:59,,,,,,,,,,,,,,,,,,,,,,,,,,,  -   ,  -   
,TOTAL,"45,483","43,241","27,594","22,549","22,339","23,199","48,634","56,443","8,628","9,061","30,156","33,046","50,745","50,274","28,601","28,880","36,074","36,655","11,286","11,374","41,142","46,194","30,449","17,740","63,387","64,697","  444,518 ","  443,353 "
,,,,,,,,,,,,,,,,,,,,,,,,,,,,,
,,,,,,,,,,,,,,,,,,,,,,,,,,,,,
,"Friday, January 17, 2025",,,,,,,,,,,,,,,,,,,,,,,,,,,,
,,,,,,,,,,,,,,,,,,,,,,,,,,,,,
,TIME,North Ave,,Quezon Ave,,GMA Kamuning,,Cubao,,Santolan,,Ortigas,,Shaw Blvd,,Boni Ave,,Guadalupe,,Buendia,,Ayala Ave,,Magallanes,,Taft,, Total ,
,,Entry,Exit,Entry,Exit,Entry,Exit,Entry,Exit,Entry,Exit,Entry,Exit,Entry,Exit,Entry,Exit,Entry,Exit,Entry,Exit,Entry,Exit,Entry,Exit,Entry,Exit, Entry , Exit 
17-Jan-25,03:00 - 03:59,,,,,,,,,,,,,,,,,,,,,,,,,,,  -   ,  -   
17-Jan-25,04:00 - 04:59,613,0,521,2,494,7,581,65,21,34,51,141,249,235,85,79,59,148,7,88,28,138,9,85,119,224,"  2,837 ","  1,246 "
17-Jan-25,05:00 - 05:59,2483,569,1763,420,1482,464,2295,1023,114,351,464,1579,1651,2100,781,949,1513,978,117,657,805,1641,1083,777,2844,1455,"  17,395 ","  12,963 "
17-Jan-25,06:00 - 06:59,4771,1402,2761,1012,2400,1153,3386,2405,248,731,1223,2941,3063,3613,1803,1885,2618,1923,291,1434,1582,3325,1900,1667,4569,3225,"  30,615 ","  26,716 "
17-Jan-25,07:00 - 07:59,5385,1896,3126,1675,2377,1462,3466,2905,303,1269,1189,4368,3628,5022,2678,2453,3637,2274,420,1950,1706,4433,2458,2330,6542,3952,"  36,915 ","  35,989 "
17-Jan-25,08:00 - 08:59,4711,1582,2450,1415,1810,1154,3390,2672,318,1075,983,4502,2800,4731,2078,2439,3259,2232,286,1739,1394,4352,1894,2114,5311,3506,"  30,684 ","  33,513 "
17-Jan-25,09:00 - 09:59,3284,1564,1808,1107,1459,833,3452,2312,321,1037,790,2805,2226,3729,1429,1685,2208,1592,288,838,1149,3755,1547,1108,4214,2756,"  24,175 ","  25,121 "
17-Jan-25,10:00 - 10:59,2278,1513,1302,804,1156,725,2764,2130,283,669,740,1863,1886,2473,1204,1222,1795,1413,290,511,972,3139,1359,826,3211,3155,"  19,240 ","  20,443 "
17-Jan-25,11:00 - 11:59,2359,1441,1288,730,1127,682,2651,1986,307,539,883,1645,1826,2680,1248,1156,1809,1381,276,430,1187,2787,1197,664,3387,2961,"  19,545 ","  19,082 "
17-Jan-25,12:00 - 12:59,2335,1726,1379,819,1169,702,2719,2445,359,482,908,1725,1902,2369,1376,1212,1834,1499,323,413,1421,2743,1274,702,3355,2968,"  20,354 ","  19,805 "
17-Jan-25,13:00 - 13:59,1988,1730,1103,837,950,873,2438,2476,360,458,1001,1439,1834,2358,1322,1351,1765,1480,303,391,1554,2510,1206,712,3104,3258,"  18,928 ","  19,873 "
17-Jan-25,14:00 - 14:59,1772,1999,1045,967,1059,928,2379,2787,448,352,1319,1212,2242,1979,1452,1163,1590,1501,432,330,2001,2009,1279,523,3077,3336,"  20,095 ","  19,086 "
17-Jan-25,15:00 - 15:59,1826,2642,1170,1232,1045,1302,2523,3392,573,348,2024,1186,3136,2182,1726,1185,1739,1844,591,288,2463,2187,1795,676,3276,4157,"  23,887 ","  22,621 "
17-Jan-25,16:00 - 16:59,1849,3600,1600,1411,1449,1794,2929,4544,924,324,2987,1258,3991,2345,2276,1441,2184,2627,1520,322,3664,2618,2639,726,3980,5246,"  31,992 ","  28,256 "
17-Jan-25,17:00 - 17:59,2170,5424,2109,1921,1551,2693,3376,6415,1286,402,3999,1228,5512,3208,2821,1965,2660,3261,1961,367,4742,3097,3201,803,4617,6575,"  40,005 ","  37,359 "
17-Jan-25,18:00 - 18:59,2275,5928,1531,2028,1355,2912,3381,6826,1041,339,4148,1062,5669,3090,2675,2274,2732,3667,1676,319,4995,3207,3238,903,4241,7152,"  38,957 ","  39,707 "
17-Jan-25,19:00 - 19:59,2245,4895,1258,2139,892,2575,2997,6358,645,269,2940,1111,4233,2854,2037,2201,2128,3186,1072,263,4672,2484,2164,808,3850,6127,"  31,133 ","  35,270 "
17-Jan-25,20:00 - 20:59,2446,3495,1067,1523,694,1637,2485,4137,500,173,1896,1277,3111,2674,1293,1677,1814,2190,607,286,3594,2207,1362,715,3288,3855,"  24,157 ","  25,846 "
17-Jan-25,21:00 - 21:59,965,2234,428,1222,371,1415,1382,2953,287,119,1361,815,2638,2241,888,1404,1152,1823,361,218,2848,1515,842,714,2289,3137,"  15,812 ","  19,810 "
17-Jan-25,22:00 - 22:59,0,1101,8,770,7,653,141,1128,156,41,638,147,509,350,137,222,209,209,39,7,524,39,44,19,53,195,"  2,465 ","  4,881 "
17-Jan-25,23:00 - 23:59,,,,,,,,,,,,,,,,,,,,,,,,,,,  -   ,  -   
17-Jan-25,00:00 - 00:59,,,,,,,,,,,,,,,,,,,,,,,,,,,  -   ,  -   
17-Jan-25,01:00 - 01:59,,,,,,,,,,,,,,,,,,,,,,,,,,,  -   ,  -   
17-Jan-25,02:00 - 02:59,,,,,,,,,,,,,,,,,,,,,,,,,,,  -   ,  -   
,TOTAL,"45,755","44,741","27,717","22,034","22,847","23,964","48,735","58,959","8,494","9,012","29,544","32,304","52,106","50,233","29,309","27,963","36,705","35,228","10,860","10,851","41,301","48,186","30,491","16,872","65,327","67,240","  449,191 ","  447,587 "
,,,,,,,,,,,,,,,,,,,,,,,,,,,,,
,,,,,,,,,,,,,,,,,,,,,,,,,,,,,
,"Saturday, January 18, 2025",,,,,,,,,,,,,,,,,,,,,,,,,,,,
,,,,,,,,,,,,,,,,,,,,,,,,,,,,,
,TIME,North Ave,,Quezon Ave,,GMA Kamuning,,Cubao,,Santolan,,Ortigas,,Shaw Blvd,,Boni Ave,,Guadalupe,,Buendia,,Ayala Ave,,Magallanes,,Taft,, Total ,
,,Entry,Exit,Entry,Exit,Entry,Exit,Entry,Exit,Entry,Exit,Entry,Exit,Entry,Exit,Entry,Exit,Entry,Exit,Entry,Exit,Entry,Exit,Entry,Exit,Entry,Exit, Entry , Exit 
18-Jan-25,03:00 - 03:59,,,,,,,,,,,,,,,,,,,,,,,,,,,  -   ,  -   
18-Jan-25,04:00 - 04:59,361,0,345,2,337,5,387,39,9,23,53,51,198,162,57,50,45,71,1,34,29,84,7,50,90,164,"  1,919 ",  735 
18-Jan-25,05:00 - 05:59,1295,446,1154,325,1181,361,1710,902,92,275,350,908,1311,1420,695,608,1205,739,109,467,556,951,722,554,1832,1430,"  12,212 ","  9,386 "
18-Jan-25,06:00 - 06:59,1892,1184,1529,677,1485,835,2334,2089,148,432,976,1361,2370,2392,1256,1092,1952,1162,250,836,1223,1923,1290,920,2830,2370,"  19,535 ","  17,273 "
18-Jan-25,07:00 - 07:59,2222,1889,1503,1087,1252,1034,2426,2448,169,627,957,1662,2631,2639,1384,1233,2243,1522,304,724,1334,2305,1479,1124,3328,3204,"  21,232 ","  21,498 "
18-Jan-25,08:00 - 08:59,2202,1502,1354,876,1057,802,2419,2302,179,605,708,1593,2043,2495,1210,1126,2021,1435,219,564,1097,2347,1242,849,3037,2675,"  18,788 ","  19,171 "
18-Jan-25,09:00 - 09:59,2016,1726,1347,755,1009,633,2441,2171,217,741,590,1627,1933,2633,1194,913,2115,1209,168,387,983,2732,1123,599,3079,2605,"  18,215 ","  18,731 "
18-Jan-25,10:00 - 10:59,1910,1673,1051,665,849,563,2206,1979,235,554,496,1209,1806,2291,1243,710,1748,1010,167,272,941,2313,1068,424,2806,2630,"  16,526 ","  16,293 "
18-Jan-25,11:00 - 11:59,1909,1821,1162,655,901,667,2382,2397,264,468,526,1388,1838,2232,1262,738,1779,1093,219,250,1264,2470,1231,464,2946,2618,"  17,683 ","  17,261 "
18-Jan-25,12:00 - 12:59,2002,2160,1141,731,1016,782,2761,2467,313,456,660,1448,2124,2460,1358,930,1926,1318,246,277,1498,2537,1377,422,3269,3138,"  19,691 ","  19,126 "
18-Jan-25,13:00 - 13:59,1941,2165,1019,788,816,827,2488,2586,322,441,749,1221,1958,2241,1315,997,1726,1358,271,250,1483,2346,1130,516,2969,3202,"  18,187 ","  18,938 "
18-Jan-25,14:00 - 14:59,1730,1947,899,768,723,927,2398,2731,416,352,921,963,2064,1835,1351,814,1812,1283,288,166,1562,2120,1122,467,3129,3108,"  18,415 ","  17,481 "
18-Jan-25,15:00 - 15:59,1883,2348,1027,948,805,1357,2620,3291,462,322,1398,999,2878,2054,1508,1007,1830,1760,483,154,2040,2118,1383,458,3314,3692,"  21,631 ","  20,508 "
18-Jan-25,16:00 - 16:59,2081,2678,1162,1223,969,2175,2822,4190,768,289,2189,915,3640,2268,1807,1067,2060,2342,1056,215,2469,2327,2144,544,3633,4202,"  26,800 ","  24,435 "
18-Jan-25,17:00 - 17:59,2113,3573,1077,1484,1031,2256,3185,4529,806,305,1982,1051,3827,2518,1741,1380,2354,2481,780,254,2802,2501,2397,595,4065,5146,"  28,160 ","  28,073 "
18-Jan-25,18:00 - 18:59,2116,2827,1008,1287,825,2313,2865,4375,523,220,1675,749,3312,2445,1458,1306,1913,2392,601,209,2607,2128,1793,574,3561,4385,"  24,257 ","  25,210 "
18-Jan-25,19:00 - 19:59,1823,2778,769,1306,687,2108,2465,3743,503,172,1369,605,2899,2095,999,1212,1635,2148,367,178,2605,1677,1230,478,2960,3975,"  20,311 ","  22,475 "
18-Jan-25,20:00 - 20:59,1671,1833,570,944,488,1139,2044,2764,351,125,999,506,2174,1705,674,1104,1194,1671,188,193,2096,1267,702,449,2586,2723,"  15,737 ","  16,423 "
18-Jan-25,21:00 - 21:59,617,1778,265,929,204,1053,1097,2136,281,88,930,418,1985,1424,501,977,853,1475,173,158,1885,946,501,364,1920,2237,"  11,212 ","  13,983 "
18-Jan-25,22:00 - 22:59,0,807,5,593,8,591,118,962,175,25,563,73,415,266,84,157,120,202,10,7,413,26,25,26,56,135,"  1,992 ","  3,870 "
18-Jan-25,23:00 - 23:59,,,,,,,,,,,,,,,,,,,,,,,,,,,  -   ,  -   
18-Jan-25,00:00 - 00:59,,,,,,,,,,,,,,,,,,,,,,,,,,,  -   ,  -   
18-Jan-25,01:00 - 01:59,,,,,,,,,,,,,,,,,,,,,,,,,,,  -   ,  -   
18-Jan-25,02:00 - 02:59,,,,,,,,,,,,,,,,,,,,,,,,,,,  -   ,  -   
,TOTAL,"31,784","35,135","18,387","16,043","15,643","20,428","41,168","48,101","6,233","6,520","18,091","18,747","41,406","37,575","21,097","17,421","30,531","26,671","5,900","5,595","28,887","35,118","21,966","9,877","51,410","53,639","  332,503 ","  330,870 "
,,,,,,,,,,,,,,,,,,,,,,,,,,,,,
,,,,,,,,,,,,,,,,,,,,,,,,,,,,,
,"Sunday, January 19, 2025",,,,,,,,,,,,,,,,,,,,,,,,,,,,
,,,,,,,,,,,,,,,,,,,,,,,,,,,,,
,TIME,North Ave,,Quezon Ave,,GMA Kamuning,,Cubao,,Santolan,,Ortigas,,Shaw Blvd,,Boni Ave,,Guadalupe,,Buendia,,Ayala Ave,,Magallanes,,Taft,, Total ,
,,Entry,Exit,Entry,Exit,Entry,Exit,Entry,Exit,Entry,Exit,Entry,Exit,Entry,Exit,Entry,Exit,Entry,Exit,Entry,Exit,Entry,Exit,Entry,Exit,Entry,Exit, Entry , Exit 
19-Jan-25,03:00 - 03:59,,,,,,,,,,,,,,,,,,,,,,,,,,,  -   ,  -   
19-Jan-25,04:00 - 04:59,238,0,205,1,212,0,303,24,8,19,38,36,145,107,47,30,51,57,3,15,13,53,5,23,61,132,"  1,329 ",  497 
19-Jan-25,05:00 - 05:59,727,251,616,162,597,227,1055,559,61,134,188,552,791,921,412,310,748,460,82,248,268,732,438,233,1185,934,"  7,168 ","  5,723 "
19-Jan-25,06:00 - 06:59,876,642,619,416,718,518,1212,1142,88,229,362,587,1188,1111,589,398,977,724,178,251,565,1066,635,347,1607,1572,"  9,614 ","  9,003 "
19-Jan-25,07:00 - 07:59,1176,736,714,472,705,535,1299,1357,81,226,446,697,1318,1222,674,546,1191,835,214,239,679,1234,691,300,1889,1715,"  11,077 ","  10,114 "
19-Jan-25,08:00 - 08:59,1481,1036,832,534,693,545,1757,1586,122,327,326,906,1289,1605,778,519,1431,917,137,186,686,1555,743,375,2166,2051,"  12,441 ","  12,142 "
19-Jan-25,09:00 - 09:59,1569,1138,1006,522,769,532,1957,1795,130,539,300,1138,1417,2200,890,514,1626,919,125,176,706,2152,743,311,2615,2241,"  13,853 ","  14,177 "
19-Jan-25,10:00 - 10:59,1505,1271,834,438,761,401,1860,1493,166,448,296,1051,1258,1687,929,490,1465,987,101,165,725,1837,824,268,2395,2171,"  13,119 ","  12,707 "
19-Jan-25,11:00 - 11:59,1720,1408,893,472,695,469,2168,1886,203,365,343,1043,1358,2007,997,512,1586,994,137,118,728,2068,745,267,2788,2553,"  14,361 ","  14,162 "
19-Jan-25,12:00 - 12:59,1675,1627,971,568,804,454,2382,1828,177,316,449,1146,1656,1890,1016,631,1625,1046,116,152,940,2092,777,326,2991,2612,"  15,579 ","  14,688 "
19-Jan-25,13:00 - 13:59,1478,1706,772,705,702,553,2073,2178,254,338,538,992,1770,1664,1046,698,1669,1157,110,172,1089,2009,761,300,2649,2919,"  14,911 ","  15,391 "
19-Jan-25,14:00 - 14:59,1590,1587,811,554,668,584,2102,2233,268,316,613,816,1712,1486,1065,740,1388,1261,168,153,1257,1877,754,310,2659,2908,"  15,055 ","  14,825 "
19-Jan-25,15:00 - 15:59,1708,1761,712,685,666,810,2081,2525,320,269,829,866,1969,1570,1116,827,1401,1502,239,130,1539,1690,857,372,3012,2913,"  16,449 ","  15,920 "
19-Jan-25,16:00 - 16:59,1832,1817,707,800,794,881,2516,2593,331,235,1013,637,2036,1748,1003,955,1445,1798,223,178,1636,1680,859,414,2967,3144,"  17,362 ","  16,880 "
19-Jan-25,17:00 - 17:59,1884,2019,806,906,779,801,2527,2600,427,213,1001,747,1920,1951,922,1132,1401,1775,222,241,1827,1690,878,455,3202,2938,"  17,796 ","  17,468 "
19-Jan-25,18:00 - 18:59,1965,1754,688,848,613,986,2231,2892,401,187,1134,651,2195,1854,815,1282,1226,2023,205,194,1947,1697,782,482,3347,2923,"  17,549 ","  17,773 "
19-Jan-25,19:00 - 19:59,2036,1877,582,996,691,1040,2132,2862,329,195,1015,522,2001,1857,571,1309,1163,1800,194,151,2162,1203,705,510,2834,2792,"  16,415 ","  17,114 "
19-Jan-25,20:00 - 20:59,1968,1501,633,854,567,811,2131,2313,285,117,876,467,1776,1791,465,1279,920,1804,121,230,1865,1119,512,470,2704,2559,"  14,823 ","  15,315 "
19-Jan-25,21:00 - 21:59,713,1266,273,742,233,799,1019,1745,249,92,688,413,1715,1420,338,1106,684,1362,100,135,1764,864,388,388,1790,2153,"  9,954 ","  12,485 "
19-Jan-25,22:00 - 22:59,0,665,2,547,5,473,70,888,150,33,529,77,358,207,65,165,118,250,10,4,473,17,26,4,58,88,"  1,864 ","  3,418 "
19-Jan-25,23:00 - 23:59,0,0,0,0,0,0,0,0,0,0,0,0,0,0,0,0,0,1,0,0,0,0,0,0,0,0,  -   ,  1 
19-Jan-25,00:00 - 00:59,  -   ,  -   ,0,0,0,0,0,0,0,0,0,0,0,0,0,0,0,0,0,0,0,0,0,0,0,0,  -   ,  -   
19-Jan-25,01:00 - 01:59,,,,,,,,,,,,,,,,,,,,,,,,,,,  -   ,  -   
19-Jan-25,02:00 - 02:59,,,,,,,,,,,,,,,,,,,,,,,,,,,  -   ,  -   
,TOTAL,"26,141","24,062","12,676","11,222","11,672","11,419","32,875","34,499","4,050","4,598","10,984","13,344","27,872","28,298","13,738","13,443","22,115","21,672","2,685","3,138","20,869","26,635","12,123","6,155","42,919","41,318","  240,719 ","  239,803 "
,,,,,,,,,,,,,,,,,,,,,,,,,,,,,
,,,,,,,,,,,,,,,,,,,,,,,,,,,,,
,"Monday, January 20, 2025",,,,,,,,,,,,,,,,,,,,,,,,,,,,
,,,,,,,,,,,,,,,,,,,,,,,,,,,,,
,TIME,North Ave,,Quezon Ave,,GMA Kamuning,,Cubao,,Santolan,,Ortigas,,Shaw Blvd,,Boni Ave,,Guadalupe,,Buendia,,Ayala Ave,,Magallanes,,Taft,, Total ,
,,Entry,Exit,Entry,Exit,Entry,Exit,Entry,Exit,Entry,Exit,Entry,Exit,Entry,Exit,Entry,Exit,Entry,Exit,Entry,Exit,Entry,Exit,Entry,Exit,Entry,Exit, Entry , Exit 
20-Jan-25,03:00 - 03:59,,,,,,,,,,,,,,,,,,,,,,,,,,,  -   ,  -   
20-Jan-25,04:00 - 04:59,954,0,758,3,1092,0,1038,71,14,49,69,194,507,332,100,110,64,237,3,102,6,280,12,111,122,3,"  4,739 ","  1,492 "
20-Jan-25,05:00 - 05:59,3464,527,1994,405,2215,452,2920,1063,137,413,309,1758,1907,2738,765,1115,1596,1400,83,806,551,2237,1494,1070,3853,2359,"  21,288 ","  16,343 "
20-Jan-25,06:00 - 06:59,5566,1132,2850,1211,2757,1123,3966,2254,253,837,686,2976,2612,3906,1558,2111,2770,2178,218,1675,952,3691,2122,1828,4887,3311,"  31,197 ","  28,233 "
20-Jan-25,07:00 - 07:59,6308,1406,3123,1632,2652,1235,4077,2416,288,1174,728,4529,2921,5381,2379,2666,3503,2512,308,2153,1219,4665,2712,2472,7153,3476,"  37,371 ","  35,717 "
20-Jan-25,08:00 - 08:59,5064,1209,2689,1368,2347,1055,3860,2720,286,1211,624,4881,2287,5398,1942,2783,2803,2417,215,1797,943,4477,2019,2366,6064,3014,"  31,143 ","  34,696 "
20-Jan-25,09:00 - 09:59,3563,1319,1741,1111,1584,898,3187,2398,287,1056,619,3106,2064,4075,1366,1969,2450,1763,190,1091,909,3717,1681,1493,4615,3127,"  24,256 ","  27,123 "
20-Jan-25,10:00 - 10:59,2429,1268,1262,809,1203,776,2447,2097,337,771,736,1801,1564,2669,1088,1274,1696,1430,219,523,866,2546,1328,790,3513,2641,"  18,688 ","  19,395 "
20-Jan-25,11:00 - 11:59,2279,1479,1224,777,1155,693,2621,2033,354,560,830,1531,1827,2406,1177,1163,1675,1480,304,418,962,2592,1242,778,3294,2721,"  18,944 ","  18,631 "
20-Jan-25,12:00 - 12:59,2081,1451,1234,786,1212,753,2454,2291,323,494,824,1595,1737,2308,1286,1317,1724,1381,285,382,1121,2241,1170,711,3437,2946,"  18,888 ","  18,656 "
20-Jan-25,13:00 - 13:59,1987,1563,1000,780,848,819,2291,2213,323,372,892,1338,1805,2088,1233,1236,1597,1499,289,390,1139,1926,1059,735,3037,3122,"  17,500 ","  18,081 "
20-Jan-25,14:00 - 14:59,1492,1715,1016,818,1035,996,2216,2497,413,361,1182,1149,1949,1805,1278,1063,1452,1492,364,305,1423,1848,1234,592,2987,2877,"  18,041 ","  17,518 "
20-Jan-25,15:00 - 15:59,1614,2245,909,1093,895,1100,2278,3059,551,308,1884,1055,2726,1961,1555,1176,1528,2014,559,274,2062,1693,1444,592,3166,3811,"  21,171 ","  20,381 "
20-Jan-25,16:00 - 16:59,1885,3100,1378,1461,1378,1636,2623,4192,766,302,2817,1003,3635,2198,2068,1389,2067,2555,1492,254,3168,2127,2185,658,3447,4491,"  28,909 ","  25,366 "
20-Jan-25,17:00 - 17:59,2196,5148,2086,1726,1601,2567,3309,6040,1258,366,4210,1042,5221,3009,2639,2282,2580,3748,1817,348,4848,2705,3138,893,4413,6342,"  39,316 ","  36,216 "
20-Jan-25,18:00 - 18:59,2008,5178,1383,1851,1284,2446,3363,6145,1013,300,4129,991,5451,2981,2513,2500,2597,4106,1859,338,5351,2772,3071,998,4162,6782,"  38,184 ","  37,388 "
20-Jan-25,19:00 - 19:59,2093,4596,1126,2120,896,2461,2651,5715,619,238,3183,934,4087,2716,1850,2245,2087,3410,1103,266,4242,2143,2096,836,3502,5382,"  29,535 ","  33,062 "
20-Jan-25,20:00 - 20:59,2038,3335,892,1675,644,1631,2550,3872,436,186,1697,1127,2671,2840,1244,1915,1441,2518,562,200,3032,2061,1199,829,2880,3742,"  21,286 ","  25,931 "
20-Jan-25,21:00 - 21:59,760,1906,406,1088,312,1113,1203,2303,383,103,1091,733,2077,1910,781,1225,1009,1738,300,189,2817,1228,696,671,1828,2576,"  13,663 ","  16,783 "
20-Jan-25,22:00 - 22:59,0,746,2,566,6,501,87,847,49,27,567,124,430,230,105,132,139,135,42,11,160,31,48,28,64,106,"  1,699 ","  3,484 "
20-Jan-25,23:00 - 23:59,0,0,0,0,0,0,0,0,0,0,0,0,0,0,0,0,0,0,0,0,0,0,0,0,0,0,  -   ,  -   
20-Jan-25,00:00 - 00:59,  -   ,  -   ,0,0,0,0,0,0,0,0,0,0,0,0,0,0,0,0,0,0,0,0,0,0,0,0,  -   ,  -   
20-Jan-25,01:00 - 01:59,,,,,,,,,,,,,,,,,,,,,,,,,,,  -   ,  -   
20-Jan-25,02:00 - 02:59,,,,,,,,,,,,,,,,,,,,,,,,,,,  -   ,  -   
,TOTAL,"47,781","39,323","27,073","21,280","25,116","22,255","49,141","54,226","8,090","9,128","27,077","31,867","47,478","50,951","26,927","29,671","34,778","38,013","10,212","11,522","35,771","44,980","29,950","18,451","66,424","62,829","  435,818 ","  434,496 "
,,,,,,,,,,,,,,,,,,,,,,,,,,,,,
,,,,,,,,,,,,,,,,,,,,,,,,,,,,,
,"Tuesday, January 21, 2025",,,,,,,,,,,,,,,,,,,,,,,,,,,,
,,,,,,,,,,,,,,,,,,,,,,,,,,,,,
,TIME,North Ave,,Quezon Ave,,GMA Kamuning,,Cubao,,Santolan,,Ortigas,,Shaw Blvd,,Boni Ave,,Guadalupe,,Buendia,,Ayala Ave,,Magallanes,,Taft,, Total ,
,,Entry,Exit,Entry,Exit,Entry,Exit,Entry,Exit,Entry,Exit,Entry,Exit,Entry,Exit,Entry,Exit,Entry,Exit,Entry,Exit,Entry,Exit,Entry,Exit,Entry,Exit, Entry , Exit 
21-Jan-25,03:00 - 03:59,,,,,,,,,,,,,,,,,,,,,,,,,,,  -   ,  -   
21-Jan-25,04:00 - 04:59,703,0,614,2,617,5,666,83,23,48,49,161,318,226,84,86,64,140,1,54,29,185,12,92,144,257,"  3,324 ","  1,339 "
21-Jan-25,05:00 - 05:59,2910,621,1944,489,1772,402,2658,912,136,322,392,1722,1782,2394,894,965,1519,1193,93,754,723,1851,1180,892,3177,1634,"  19,180 ","  14,151 "
21-Jan-25,06:00 - 06:59,5035,1403,2826,1181,2435,1236,4306,2484,235,786,1109,3054,3227,3897,1988,2001,2818,2103,296,1601,1552,3653,2241,1797,5049,3257,"  33,117 ","  28,453 "
21-Jan-25,07:00 - 07:59,6795,1894,3157,1892,2433,1543,4081,2890,370,1320,1213,4599,3769,5059,2841,2734,3809,2739,410,2244,1626,4901,2573,2641,7139,3956,"  40,216 ","  38,412 "
21-Jan-25,08:00 - 08:59,5005,1499,2685,1599,1958,1204,3788,2878,325,1275,851,5414,2755,5392,2215,2771,3117,2350,297,1971,1344,4762,2136,2361,5695,3513,"  32,171 ","  36,989 "
21-Jan-25,09:00 - 09:59,3368,1434,1866,1093,1591,912,3291,2426,329,1048,731,3148,2070,3992,1512,1902,2427,1719,303,1014,995,3703,1728,1314,4261,3002,"  24,472 ","  26,707 "
21-Jan-25,10:00 - 10:59,2127,1300,1217,927,1149,757,2527,2022,319,675,788,1828,1801,2448,1144,1218,1581,1421,261,632,922,2719,1345,860,3359,2605,"  18,540 ","  19,412 "
21-Jan-25,11:00 - 11:59,2177,1283,1334,671,1127,663,2543,2036,377,594,732,1601,1601,2479,1159,1074,1720,1403,323,447,971,2486,1281,688,3127,2755,"  18,472 ","  18,180 "
21-Jan-25,12:00 - 12:59,2140,1583,1162,766,1089,740,2383,2234,308,456,882,1566,1792,2202,1169,1151,1776,1379,282,429,1072,2310,1124,651,2898,2636,"  18,077 ","  18,103 "
21-Jan-25,13:00 - 13:59,1697,1392,932,783,806,698,2375,1933,336,349,914,1263,1681,2004,1138,1197,1583,1438,304,361,1103,1955,1016,665,2833,2878,"  16,718 ","  16,916 "
21-Jan-25,14:00 - 14:59,1448,1602,938,899,814,895,2123,2336,386,327,1089,1063,1858,1614,1226,1071,1425,1506,355,269,1459,1645,1187,578,2733,2827,"  17,041 ","  16,632 "
21-Jan-25,15:00 - 15:59,1439,2568,1078,1161,931,1170,2388,3210,562,299,2051,1031,2847,1944,1606,1119,1676,2060,604,301,2273,1626,1632,581,2820,3742,"  21,907 ","  20,812 "
21-Jan-25,16:00 - 16:59,1740,3229,1398,1349,1267,1745,2555,4033,805,282,2807,1031,3788,2175,2018,1517,2101,2439,1639,274,3497,2227,2454,656,3655,4737,"  29,724 ","  25,694 "
21-Jan-25,17:00 - 17:59,1993,5325,2025,1946,1520,2551,3244,6150,1289,362,4359,1098,5081,3155,2662,2255,2520,3682,1903,352,4773,2665,3206,912,4123,6355,"  38,698 ","  36,808 "
21-Jan-25,18:00 - 18:59,2078,5414,1619,2029,1196,2755,3167,6567,989,333,4430,1048,5941,3065,2780,2677,2677,4075,1947,324,5921,2732,3142,960,3969,6640,"  39,856 ","  38,619 "
21-Jan-25,19:00 - 19:59,2378,4929,1279,2115,956,2480,2837,5594,641,234,3205,1016,4259,2773,1909,2374,2195,3608,1212,306,4453,2471,2193,883,3698,6175,"  31,215 ","  34,958 "
21-Jan-25,20:00 - 20:59,2402,3537,1054,1686,745,1536,2627,4014,537,181,1946,1291,2858,2930,1363,1986,1559,2336,577,281,3408,2268,1252,875,3136,3824,"  23,464 ","  26,745 "
21-Jan-25,21:00 - 21:59,941,2127,442,1272,297,1199,1195,2824,441,128,1256,862,2286,2215,928,1396,1211,1974,394,245,3029,1669,742,672,2213,2781,"  15,375 ","  19,364 "
21-Jan-25,22:00 - 22:59,0,795,5,655,10,547,94,987,58,33,616,151,494,242,142,153,153,163,32,15,195,32,70,25,54,114,"  1,923 ","  3,912 "
21-Jan-25,23:00 - 23:59,0,0,0,0,0,0,0,0,0,0,0,0,0,0,0,0,0,0,0,0,0,0,0,0,0,0,  -   ,  -   
21-Jan-25,00:00 - 00:59,  -   ,  -   ,0,0,0,0,0,0,0,0,0,0,0,0,0,0,0,0,0,0,0,0,0,0,0,0,  -   ,  -   
21-Jan-25,01:00 - 01:59,,,,,,,,,,,,,,,,,,,,,,,,,,,  -   ,  -   
21-Jan-25,02:00 - 02:59,,,,,,,,,,,,,,,,,,,,,,,,,,,  -   ,  -   
,TOTAL,"46,376","41,935","27,575","22,515","22,713","23,038","48,848","55,613","8,466","9,052","29,420","32,947","50,208","50,206","28,778","29,647","35,931","37,728","11,233","11,874","39,345","45,860","30,514","18,103","64,083","63,688","  443,490 ","  442,206 "
,,,,,,,,,,,,,,,,,,,,,,,,,,,,,
,,,,,,,,,,,,,,,,,,,,,,,,,,,,,
,"Wednesday, January 22, 2025",,,,,,,,,,,,,,,,,,,,,,,,,,,,
,,,,,,,,,,,,,,,,,,,,,,,,,,,,,
,TIME,North Ave,,Quezon Ave,,GMA Kamuning,,Cubao,,Santolan,,Ortigas,,Shaw Blvd,,Boni Ave,,Guadalupe,,Buendia,,Ayala Ave,,Magallanes,,Taft,, Total ,
,,Entry,Exit,Entry,Exit,Entry,Exit,Entry,Exit,Entry,Exit,Entry,Exit,Entry,Exit,Entry,Exit,Entry,Exit,Entry,Exit,Entry,Exit,Entry,Exit,Entry,Exit, Entry , Exit 
22-Jan-25,03:00 - 03:59,,,,,,,,,,,,,,,,,,,,,,,,,,,  -   ,  -   
22-Jan-25,04:00 - 04:59,704,0,558,2,555,6,633,68,17,46,54,161,297,262,83,96,56,122,5,55,26,158,6,75,162,104,"  3,156 ","  1,155 "
22-Jan-25,05:00 - 05:59,2909,653,1912,466,1628,392,2648,985,133,351,458,1697,1637,2241,920,955,1567,1125,103,727,808,1903,1127,905,3081,1786,"  18,931 ","  14,186 "
22-Jan-25,06:00 - 06:59,5293,1432,2989,1224,2358,1229,3871,2559,236,817,1253,2962,3400,3721,2057,2056,2958,2005,335,1536,1845,3654,2194,1838,4967,3538,"  33,756 ","  28,571 "
22-Jan-25,07:00 - 07:59,6651,2125,3294,1907,2590,1551,4454,3180,383,1303,1341,5032,3793,5481,2860,2918,4007,2778,437,2267,1943,4625,2688,2415,6977,4114,"  41,418 ","  39,696 "
22-Jan-25,08:00 - 08:59,4801,1640,2653,1677,1912,1223,3761,2849,294,1200,988,5207,2859,5382,2382,2887,3224,2334,300,1956,1425,4828,1987,2447,5889,3780,"  32,475 ","  37,410 "
22-Jan-25,09:00 - 09:59,3340,1456,1909,1130,1351,940,3247,2356,299,979,817,2945,2119,3695,1459,1912,2391,1749,259,977,1108,3640,1768,1364,4125,3241,"  24,192 ","  26,384 "
22-Jan-25,10:00 - 10:59,2180,1317,1255,772,1071,728,2467,1971,362,686,688,1731,1823,2486,1229,1329,1685,1388,254,533,1052,2594,1351,723,3289,2681,"  18,706 ","  18,939 "
22-Jan-25,11:00 - 11:59,2243,1484,1258,793,1055,740,2391,2152,315,521,795,1561,1685,2479,1253,1090,1788,1477,253,442,991,2666,1222,683,3367,2839,"  18,616 ","  18,927 "
22-Jan-25,12:00 - 12:59,2059,1436,1202,772,1018,747,2485,2196,327,431,787,1377,1694,2280,1247,1248,1800,1393,310,398,1215,2146,1226,566,3180,2558,"  18,550 ","  17,548 "
22-Jan-25,13:00 - 13:59,1652,1651,992,801,844,763,2235,2183,276,336,852,1378,1666,2017,1177,1270,1568,1395,271,455,1107,2090,1131,702,2706,3043,"  16,477 ","  18,084 "
22-Jan-25,14:00 - 14:59,1548,1602,888,827,881,845,2227,2279,399,337,1231,1101,1986,1709,1344,1101,1375,1514,421,328,1472,1747,1131,592,2800,3073,"  17,703 ","  17,055 "
22-Jan-25,15:00 - 15:59,1515,2382,1113,1153,860,1104,2168,3260,496,279,1957,1068,2807,1896,1726,1123,1617,1891,613,250,2289,1733,1652,564,3246,3496,"  22,059 ","  20,199 "
22-Jan-25,16:00 - 16:59,1667,3233,1492,1421,1348,1662,2721,4064,890,290,2900,1038,3745,2289,2164,1497,2054,2629,1674,310,3598,2253,2280,666,3544,4776,"  30,077 ","  26,128 "
22-Jan-25,17:00 - 17:59,2096,5510,1976,2150,1507,2744,3267,6437,1285,377,4317,1119,5500,3021,2857,2026,2723,3622,1965,323,4760,2701,3265,937,4384,6316,"  39,902 ","  37,283 "
22-Jan-25,18:00 - 18:59,2087,5205,1605,1812,1199,2670,3068,6177,977,283,4356,1073,5427,3017,2804,2588,2568,4050,1959,339,5251,2818,3307,1036,3948,6885,"  38,556 ","  37,953 "
22-Jan-25,19:00 - 19:59,2207,5252,1285,2205,951,2732,2747,6236,623,294,3124,1104,4307,3059,1918,2482,2357,3648,1254,294,4955,2577,2201,869,3754,6197,"  31,683 ","  36,949 "
22-Jan-25,20:00 - 20:59,2397,3288,1057,1664,767,1541,2537,4060,524,192,1978,1322,3042,2801,1415,1810,1639,2242,619,248,3423,2176,1272,844,3033,3843,"  23,703 ","  26,031 "
22-Jan-25,21:00 - 21:59,926,2164,474,1278,315,1243,1253,2848,414,118,1319,910,2287,2233,885,1501,1214,1966,348,260,3043,1582,839,726,2148,3044,"  15,465 ","  19,873 "
22-Jan-25,22:00 - 22:59,0,877,5,658,6,452,101,850,49,32,606,135,490,236,140,133,178,176,42,11,174,46,59,32,66,73,"  1,916 ","  3,711 "
22-Jan-25,23:00 - 23:59,0,0,0,0,0,2,0,1,0,0,0,0,0,0,0,0,0,0,0,0,0,0,0,0,0,0,  -   ,  3 
22-Jan-25,00:00 - 00:59,  -   ,  -   ,0,0,0,0,0,0,0,0,0,0,0,0,0,0,0,0,0,0,0,0,0,0,0,0,  -   ,  -   
22-Jan-25,01:00 - 01:59,,,,,,,,,,,,,,,,,,,,,,,,,,,  -   ,  -   
22-Jan-25,02:00 - 02:59,,,,,,,,,,,,,,,,,,,,,,,,,,,  -   ,  -   
,TOTAL,"46,275","42,707","27,917","22,712","22,216","23,314","48,281","56,711","8,299","8,872","29,821","32,921","50,564","50,305","29,920","30,022","36,769","37,504","11,422","11,709","40,485","45,937","30,706","17,984","64,666","65,387","  447,341 ","  446,085 "
,,,,,,,,,,,,,,,,,,,,,,,,,,,,,
,,,,,,,,,,,,,,,,,,,,,,,,,,,,,
,"Thursday, January 23, 2025",,,,,,,,,,,,,,,,,,,,,,,,,,,,
,,,,,,,,,,,,,,,,,,,,,,,,,,,,,
,TIME,North Ave,,Quezon Ave,,GMA Kamuning,,Cubao,,Santolan,,Ortigas,,Shaw Blvd,,Boni Ave,,Guadalupe,,Buendia,,Ayala Ave,,Magallanes,,Taft,, Total ,
,,Entry,Exit,Entry,Exit,Entry,Exit,Entry,Exit,Entry,Exit,Entry,Exit,Entry,Exit,Entry,Exit,Entry,Exit,Entry,Exit,Entry,Exit,Entry,Exit,Entry,Exit, Entry , Exit 
23-Jan-25,03:00 - 03:59,,,,,,,,,,,,,,,,,,,,,,,,,,,  -   ,  -   
23-Jan-25,04:00 - 04:59,635,0,560,5,526,5,579,64,19,46,65,143,288,249,95,58,57,119,3,62,38,160,13,75,136,237,"  3,014 ","  1,223 "
23-Jan-25,05:00 - 05:59,2685,612,1874,463,1643,448,2549,954,136,351,445,1678,1736,2230,910,940,1519,1041,98,669,859,1750,1127,863,2988,1641,"  18,569 ","  13,640 "
23-Jan-25,06:00 - 06:59,5058,1420,2785,1288,2408,1228,4187,2659,255,823,1248,3141,3361,3871,2034,2095,2941,2218,302,1635,1751,3579,2133,1940,4940,3434,"  33,403 ","  29,331 "
23-Jan-25,07:00 - 07:59,6572,2091,3270,1787,2445,1485,4066,3009,367,1286,1255,4653,3757,4988,2876,2661,3866,2682,413,2073,1905,4574,2514,2277,6704,3828,"  40,010 ","  37,394 "
23-Jan-25,08:00 - 08:59,4897,1631,2624,1604,1863,1203,3782,2859,272,1126,925,4923,2714,5108,2222,2639,3119,2331,271,1998,1472,4793,2060,2362,5612,3597,"  31,833 ","  36,174 "
23-Jan-25,09:00 - 09:59,3277,1579,1843,1083,1401,896,3013,2403,268,1038,851,3263,2097,3968,1492,1747,2640,1718,279,929,1207,3777,1672,1333,4085,3130,"  24,125 ","  26,864 "
23-Jan-25,10:00 - 10:59,2229,1330,1215,774,1029,713,2325,1885,282,601,742,1795,1711,2396,1094,1214,1605,1447,217,525,1005,2579,1225,796,3184,2831,"  17,863 ","  18,886 "
23-Jan-25,11:00 - 11:59,2182,1380,1281,695,1112,659,2469,2062,326,555,742,1575,1794,2394,1092,1115,1758,1386,274,398,945,2783,1194,711,3275,2528,"  18,444 ","  18,241 "
23-Jan-25,12:00 - 12:59,1933,1591,1199,753,1043,621,2278,2185,353,474,723,1526,1810,2172,1283,1132,1650,1373,282,392,1098,2306,1229,747,3069,2644,"  17,950 ","  17,916 "
23-Jan-25,13:00 - 13:59,1720,1318,990,835,875,683,2265,2058,323,383,830,1268,1626,1929,1036,1226,1581,1357,278,398,1203,1871,1059,775,2756,2687,"  16,542 ","  16,788 "
23-Jan-25,14:00 - 14:59,1520,1796,925,839,845,872,2192,2376,409,314,1107,1063,1873,1700,1288,1064,1327,1442,387,332,1522,1794,1215,558,2726,2765,"  17,336 ","  16,915 "
23-Jan-25,15:00 - 15:59,1492,2363,1028,1171,832,1115,2229,3022,480,345,2049,1065,2779,1924,1453,1103,1586,1885,652,257,2364,1681,1588,572,2950,3642,"  21,482 ","  20,145 "
23-Jan-25,16:00 - 16:59,1705,3246,1483,1427,1231,1778,2788,4254,817,300,2824,1013,3754,2185,1956,1429,2089,2534,1538,252,3539,2289,2399,710,3416,4661,"  29,539 ","  26,078 "
23-Jan-25,17:00 - 17:59,2071,4904,1878,1801,1478,2659,3141,5974,1389,355,4265,1161,5517,3079,2898,2261,2631,3619,1896,387,5173,2631,3278,867,4321,6499,"  39,936 ","  36,197 "
23-Jan-25,18:00 - 18:59,2059,6044,1628,2107,1211,2874,3288,6730,995,321,4232,1103,5408,3087,2660,2646,2643,4112,1902,326,5221,2886,3217,989,3929,6968,"  38,393 ","  40,193 "
23-Jan-25,19:00 - 19:59,2183,4781,1195,1991,865,2373,2682,5493,663,243,3048,1007,4199,2875,1898,2268,2145,3377,1264,314,4538,2469,2205,832,3655,5646,"  30,540 ","  33,669 "
23-Jan-25,20:00 - 20:59,2386,3250,1019,1656,736,1505,2491,4004,505,191,2004,1212,2949,2651,1429,1828,1773,2283,599,280,3359,2062,1279,799,3032,3859,"  23,561 ","  25,580 "
23-Jan-25,21:00 - 21:59,828,2233,489,1221,314,1303,1332,2807,414,133,1343,876,2358,2199,837,1376,1164,1951,356,220,3246,1635,853,746,2081,2951,"  15,615 ","  19,651 "
23-Jan-25,22:00 - 22:59,0,943,8,708,10,484,105,914,61,29,611,158,489,250,153,195,175,161,33,7,181,48,43,26,63,102,"  1,932 ","  4,025 "
23-Jan-25,23:00 - 23:59,0,0,0,0,0,0,0,0,0,0,0,0,0,0,0,0,0,0,0,0,0,0,0,0,0,0,  -   ,  -   
23-Jan-25,00:00 - 00:59,  -   ,  -   ,0,0,0,0,0,0,0,0,0,0,0,0,0,0,0,0,0,0,0,0,0,0,0,0,  -   ,  -   
23-Jan-25,01:00 - 01:59,,,,,,,,,,,,,,,,,,,,,,,,,,,  -   ,  -   
23-Jan-25,02:00 - 02:59,,,,,,,,,,,,,,,,,,,,,,,,,,,  -   ,  -   
,TOTAL,"45,432","42,512","27,294","22,208","21,867","22,904","47,761","55,712","8,334","8,914","29,309","32,623","50,220","49,255","28,706","28,997","36,269","37,036","11,044","11,454","40,626","45,667","30,303","17,978","62,922","63,650","  440,087 ","  438,910 "
,,,,,,,,,,,,,,,,,,,,,,,,,,,,,
,,,,,,,,,,,,,,,,,,,,,,,,,,,,,
,"Friday, January 24, 2025",,,,,,,,,,,,,,,,,,,,,,,,,,,,
,,,,,,,,,,,,,,,,,,,,,,,,,,,,,
,TIME,North Ave,,Quezon Ave,,GMA Kamuning,,Cubao,,Santolan,,Ortigas,,Shaw Blvd,,Boni Ave,,Guadalupe,,Buendia,,Ayala Ave,,Magallanes,,Taft,, Total ,
,,Entry,Exit,Entry,Exit,Entry,Exit,Entry,Exit,Entry,Exit,Entry,Exit,Entry,Exit,Entry,Exit,Entry,Exit,Entry,Exit,Entry,Exit,Entry,Exit,Entry,Exit, Entry , Exit 
24-Jan-25,03:00 - 03:59,,,,,,,,,,,,,,,,,,,,,,,,,,,  -   ,  -   
24-Jan-25,04:00 - 04:59,615,0,528,3,414,5,526,65,25,45,63,158,242,194,76,68,54,98,9,64,32,133,13,64,129,228,"  2,726 ","  1,125 "
24-Jan-25,05:00 - 05:59,2556,547,1719,426,1503,407,2448,933,137,329,448,1639,1632,2210,847,892,1474,1074,101,676,796,1595,1044,856,2801,1452,"  17,506 ","  13,036 "
24-Jan-25,06:00 - 06:59,4859,1537,2734,1150,2217,1208,3912,2637,257,823,1197,2921,3309,3682,1889,1775,2829,2084,308,1488,1605,3338,1968,1844,4505,3432,"  31,589 ","  27,919 "
24-Jan-25,07:00 - 07:59,5578,1898,3138,1689,2357,1422,3887,2923,346,1278,1325,4463,3705,4929,2698,2504,3732,2550,418,2127,1864,4594,2451,2397,6611,3875,"  38,110 ","  36,649 "
24-Jan-25,08:00 - 08:59,4448,1677,2663,1471,1736,1154,3646,2778,313,1117,879,4723,2665,5049,1977,2163,3110,2224,290,1671,1353,4101,1990,2006,5248,3559,"  30,318 ","  33,693 "
24-Jan-25,09:00 - 09:59,3215,1528,1637,1181,1333,866,3080,2244,346,935,856,2884,2123,3771,1315,1503,2296,1665,255,848,1134,3295,1487,1127,3995,2951,"  23,072 ","  24,798 "
24-Jan-25,10:00 - 10:59,2095,1411,1164,797,1098,749,2306,2148,320,684,769,1639,1778,2386,1086,985,1672,1416,260,527,977,2414,1195,795,3016,2800,"  17,736 ","  18,751 "
24-Jan-25,11:00 - 11:59,2124,1406,1252,731,1077,663,2440,2030,342,499,733,1562,1682,2451,1054,910,1657,1283,288,402,1038,2412,1183,688,3256,2563,"  18,126 ","  17,600 "
24-Jan-25,12:00 - 12:59,2062,1664,1281,801,1019,668,2487,2448,365,479,799,1604,1920,2296,1163,999,1836,1349,365,418,1167,2597,1175,646,3183,2767,"  18,822 ","  18,736 "
24-Jan-25,13:00 - 13:59,1754,1454,1089,731,903,715,2215,2111,355,442,863,1325,1828,2191,1120,1067,1552,1367,323,361,1360,2124,1107,628,2719,2966,"  17,188 ","  17,482 "
24-Jan-25,14:00 - 14:59,1607,1957,1009,834,922,976,2373,2560,409,375,1150,1203,2174,1962,1271,1025,1512,1478,436,317,1584,1937,1306,566,2974,2877,"  18,727 ","  18,067 "
24-Jan-25,15:00 - 15:59,1640,2470,1028,1091,908,1232,2365,3381,551,300,2147,1120,2879,1898,1544,1062,1737,1844,625,278,2252,1856,1644,564,3076,3951,"  22,396 ","  21,047 "
24-Jan-25,16:00 - 16:59,1851,3418,1470,1361,1323,1752,2895,4257,865,323,2800,1084,4216,2276,2063,1293,2156,2382,1516,268,3271,2371,2530,645,3529,5193,"  30,485 ","  26,623 "
24-Jan-25,17:00 - 17:59,2176,5267,1983,1948,1594,2590,3487,6469,1331,442,3951,1264,5222,3078,2654,2019,2724,3245,1943,356,4799,2839,3346,937,4335,6665,"  39,545 ","  37,119 "
24-Jan-25,18:00 - 18:59,2199,5709,1498,1895,1256,2781,3287,6553,975,328,4008,1087,5620,2921,2457,2312,2899,3725,1716,353,5036,2896,3066,956,4129,7099,"  38,146 ","  38,615 "
24-Jan-25,19:00 - 19:59,2248,4916,1264,2001,878,2562,2952,5983,684,255,2946,1104,4275,2873,1901,2127,2239,3413,1102,275,4299,2482,2146,794,3815,5932,"  30,749 ","  34,717 "
24-Jan-25,20:00 - 20:59,2319,3228,1047,1697,719,1686,2566,4188,410,209,1972,1215,3158,2516,1210,1724,1806,2178,514,227,3101,2025,1240,682,3328,3878,"  23,390 ","  25,453 "
24-Jan-25,21:00 - 21:59,855,2390,503,1183,300,1247,1455,2596,314,109,1350,858,2525,2155,867,1241,1129,1672,385,229,2475,1598,811,715,2252,3027,"  15,221 ","  19,020 "
24-Jan-25,22:00 - 22:59,0,940,6,765,10,621,130,1101,163,46,629,142,531,306,135,194,159,229,28,8,482,54,55,15,63,138,"  2,391 ","  4,559 "
24-Jan-25,23:00 - 23:59,0,0,0,0,0,0,0,0,0,0,0,0,0,1,0,0,0,0,0,0,0,0,0,0,0,0,  -   ,  1 
24-Jan-25,00:00 - 00:59,,,,,,,,,,,,,,,,,,,,,,,,,,,  -   ,  -   
24-Jan-25,01:00 - 01:59,,,,,,,,,,,,,,,,,,,,,,,,,,,  -   ,  -   
24-Jan-25,02:00 - 02:59,,,,,,,,,,,,,,,,,,,,,,,,,,,  -   ,  -   
,TOTAL,"44,201","43,417","27,013","21,755","21,567","23,304","48,457","57,405","8,508","9,018","28,885","31,995","51,484","49,145","27,327","25,863","36,573","35,276","10,882","10,893","38,625","44,661","29,757","16,925","62,964","65,353","  436,243 ","  435,010 "
,,,,,,,,,,,,,,,,,,,,,,,,,,,,,
,,,,,,,,,,,,,,,,,,,,,,,,,,,,,
,"Saturday, January 25, 2025",,,,,,,,,,,,,,,,,,,,,,,,,,,,
,,,,,,,,,,,,,,,,,,,,,,,,,,,,,
,TIME,North Ave,,Quezon Ave,,GMA Kamuning,,Cubao,,Santolan,,Ortigas,,Shaw Blvd,,Boni Ave,,Guadalupe,,Buendia,,Ayala Ave,,Magallanes,,Taft,, Total ,
,,Entry,Exit,Entry,Exit,Entry,Exit,Entry,Exit,Entry,Exit,Entry,Exit,Entry,Exit,Entry,Exit,Entry,Exit,Entry,Exit,Entry,Exit,Entry,Exit,Entry,Exit, Entry , Exit 
25-Jan-25,03:00 - 03:59,,,,,,,,,,,,,,,,,,,,,,,,,,,  -   ,  -   
25-Jan-25,04:00 - 04:59,340,0,356,0,365,1,402,51,20,27,44,57,204,147,72,53,48,72,3,31,23,79,11,43,93,187,"  1,981 ",  748 
25-Jan-25,05:00 - 05:59,1219,474,1132,329,1211,348,1632,819,72,283,325,906,1320,1406,703,592,1227,729,111,414,585,939,708,464,1861,1329,"  12,106 ","  9,032 "
25-Jan-25,06:00 - 06:59,1959,1275,1559,826,1549,894,2408,2194,156,441,961,1427,2496,2475,1252,1117,2043,1398,228,775,1223,1830,1310,1043,2857,2445,"  20,001 ","  18,140 "
25-Jan-25,07:00 - 07:59,2167,1804,1541,922,1159,1001,2375,2450,164,646,944,1737,2572,2638,1304,1321,2302,1508,313,743,1434,2142,1409,1140,3139,3240,"  20,823 ","  21,292 "
25-Jan-25,08:00 - 08:59,2183,1413,1382,941,1044,684,2438,2173,191,585,704,1768,2070,2551,1171,1318,2025,1412,213,555,1102,2003,1236,794,3066,2739,"  18,825 ","  18,936 "
25-Jan-25,09:00 - 09:59,2039,1678,1269,683,988,651,2420,2073,235,707,593,1567,1862,2431,1172,960,2000,1350,157,357,924,2484,1121,578,2798,2585,"  17,578 ","  18,104 "
25-Jan-25,10:00 - 10:59,1794,1752,1017,693,751,600,2075,1883,253,612,433,1133,1634,2013,1181,791,1775,1091,160,217,872,2155,1127,440,2724,2533,"  15,796 ","  15,913 "
25-Jan-25,11:00 - 11:59,2013,1729,1100,536,871,593,2431,2284,256,426,547,1311,1682,2289,1145,803,1790,1069,216,248,1021,2166,1004,364,2847,2535,"  16,923 ","  16,353 "
25-Jan-25,12:00 - 12:59,2010,2068,1193,739,935,821,2604,2490,354,483,674,1353,2047,2295,1402,1010,1964,1302,262,222,1210,2421,1370,445,3115,3060,"  19,140 ","  18,709 "
25-Jan-25,13:00 - 13:59,1698,1975,907,762,745,825,2353,2438,262,379,707,1071,1847,2062,1311,944,1803,1269,201,233,1160,2153,1095,445,2859,3086,"  16,948 ","  17,642 "
25-Jan-25,14:00 - 14:59,1571,2000,908,785,731,911,2434,2680,328,327,878,843,2044,1762,1357,849,1562,1335,317,177,1490,1819,1148,358,2789,3072,"  17,557 ","  16,918 "
25-Jan-25,15:00 - 15:59,1763,2211,928,1042,748,1367,2514,3086,448,296,1381,932,2621,2044,1501,923,1722,1700,433,151,1809,1733,1501,379,3067,3365,"  20,436 ","  19,229 "
25-Jan-25,16:00 - 16:59,2010,2767,1175,1077,964,2029,2615,4244,648,263,2100,889,3485,2139,1912,1085,2087,2298,1101,192,2487,2186,2117,552,3715,4381,"  26,416 ","  24,102 "
25-Jan-25,17:00 - 17:59,2060,3359,1076,1555,1062,2665,3319,4794,704,276,1864,953,3726,2410,1849,1353,2288,2471,744,237,2450,2277,2226,635,3854,4774,"  27,222 ","  27,759 "
25-Jan-25,18:00 - 18:59,2035,2738,927,1244,714,2417,2802,4180,578,220,1805,708,3358,2263,1533,1218,1920,2530,552,186,2591,2093,1718,591,3657,4432,"  24,190 ","  24,820 "
25-Jan-25,19:00 - 19:59,1918,2696,685,1230,605,1908,2525,3683,525,167,1402,636,2826,1962,1120,1255,1594,2167,347,195,2377,1725,1250,437,3004,3875,"  20,178 ","  21,936 "
25-Jan-25,20:00 - 20:59,1838,1834,610,1002,465,1161,2041,2866,356,134,1064,512,2207,1857,712,1048,1233,1737,211,185,1989,1356,742,445,2679,2930,"  16,147 ","  17,067 "
25-Jan-25,21:00 - 21:59,672,1679,317,953,199,1038,1040,2157,303,109,827,425,1988,1475,471,946,826,1476,159,150,1788,907,520,425,1909,2094,"  11,019 ","  13,834 "
25-Jan-25,22:00 - 22:59,0,674,2,577,5,542,96,1002,159,27,548,88,437,253,86,179,135,181,14,12,423,25,26,3,63,99,"  1,994 ","  3,662 "
25-Jan-25,23:00 - 23:59,,,,,,,,,,,,,,,,,,,,,,,,,,,  -   ,  -   
25-Jan-25,00:00 - 00:59,,,,,,,,,,,,,,,,,,,,,,,,,,,  -   ,  -   
25-Jan-25,01:00 - 01:59,,,,,,,,,,,,,,,,,,,,,,,,,,,  -   ,  -   
25-Jan-25,02:00 - 02:59,,,,,,,,,,,,,,,,,,,,,,,,,,,  -   ,  -   
,TOTAL,"31,289","34,126","18,084","15,896","15,111","20,456","40,524","47,547","6,012","6,408","17,801","18,316","40,426","36,472","21,254","17,765","30,344","27,095","5,742","5,280","26,958","32,493","21,639","9,581","50,096","52,761","  325,280 ","  324,196 "
,,,,,,,,,,,,,,,,,,,,,,,,,,,,,
,,,,,,,,,,,,,,,,,,,,,,,,,,,,,
,"Sunday, January 26, 2025",,,,,,,,,,,,,,,,,,,,,,,,,,,,
,,,,,,,,,,,,,,,,,,,,,,,,,,,,,
,TIME,North Ave,,Quezon Ave,,GMA Kamuning,,Cubao,,Santolan,,Ortigas,,Shaw Blvd,,Boni Ave,,Guadalupe,,Buendia,,Ayala Ave,,Magallanes,,Taft,, Total ,
,,Entry,Exit,Entry,Exit,Entry,Exit,Entry,Exit,Entry,Exit,Entry,Exit,Entry,Exit,Entry,Exit,Entry,Exit,Entry,Exit,Entry,Exit,Entry,Exit,Entry,Exit, Entry , Exit 
26-Jan-25,03:00 - 03:59,,,,,,,,,,,,,,,,,,,,,,,,,,,  -   ,  -   
26-Jan-25,04:00 - 04:59,252,0,236,1,228,1,320,31,8,24,35,48,140,111,46,37,38,57,2,27,10,53,3,28,34,46,"  1,352 ",  464 
26-Jan-25,05:00 - 05:59,690,257,579,203,676,235,991,608,51,149,164,548,777,860,413,391,717,442,105,229,291,657,448,258,1398,1000,"  7,300 ","  5,837 "
26-Jan-25,06:00 - 06:59,934,649,647,358,693,504,1285,1248,119,193,385,560,1171,1176,572,632,1003,721,182,231,573,1028,611,326,1554,1487,"  9,729 ","  9,113 "
26-Jan-25,07:00 - 07:59,1070,821,666,443,778,572,1319,1406,110,235,435,747,1371,1220,672,775,1213,898,208,234,606,1053,663,351,1890,1767,"  11,001 ","  10,522 "
26-Jan-25,08:00 - 08:59,1371,878,818,576,699,510,1704,1506,139,331,286,964,1310,1476,811,600,1472,1008,158,202,623,1465,777,424,2309,2044,"  12,477 ","  11,984 "
26-Jan-25,09:00 - 09:59,1698,1130,1040,452,829,485,2037,1896,174,520,313,1204,1341,2118,919,668,1656,875,130,186,671,2044,860,338,2564,2146,"  14,232 ","  14,062 "
26-Jan-25,10:00 - 10:59,1467,1287,815,490,753,466,1747,1786,152,459,287,1035,1286,1627,1097,779,1451,1031,105,141,699,1638,832,299,2320,1985,"  13,011 ","  13,023 "
26-Jan-25,11:00 - 11:59,1630,1323,882,517,752,435,2183,1885,169,374,342,1005,1247,1961,1180,580,1439,987,151,150,755,1990,770,289,2743,2416,"  14,243 ","  13,912 "
26-Jan-25,12:00 - 12:59,1697,1533,883,495,782,513,2204,1883,226,369,394,1150,1372,1785,1120,676,1560,1088,128,149,774,2102,775,314,2667,2236,"  14,582 ","  14,293 "
26-Jan-25,13:00 - 13:59,1553,1537,839,591,649,545,2142,2067,202,327,441,936,1435,1569,1194,919,1555,1127,130,145,899,1649,790,359,2650,2717,"  14,479 ","  14,488 "
26-Jan-25,14:00 - 14:59,1503,1602,768,620,616,591,2099,2143,252,282,672,806,1617,1494,1073,824,1351,1269,104,109,1108,1575,773,308,2764,2771,"  14,700 ","  14,394 "
26-Jan-25,15:00 - 15:59,1680,1645,729,650,695,749,2136,2370,266,256,895,792,1994,1610,1078,786,1247,1445,178,109,1348,1613,771,329,2480,2878,"  15,497 ","  15,232 "
26-Jan-25,16:00 - 16:59,1777,1748,699,835,762,938,2484,2543,360,195,899,691,1954,1644,1282,931,1382,1647,231,162,1507,1692,838,417,2945,2876,"  17,120 ","  16,319 "
26-Jan-25,17:00 - 17:59,1877,1805,803,811,741,876,2384,2434,342,226,1042,677,1945,1806,1109,1169,1331,1846,204,227,1567,1683,889,492,2907,3158,"  17,141 ","  17,210 "
26-Jan-25,18:00 - 18:59,1927,1807,716,756,690,953,2312,2686,397,200,1170,550,2092,1917,886,1143,1124,1890,245,199,1866,1461,757,496,2815,2784,"  16,997 ","  16,842 "
26-Jan-25,19:00 - 19:59,1947,1952,565,952,574,934,2267,2408,367,174,1137,505,2039,1763,638,1442,1091,2113,189,211,1984,1256,776,469,2801,2903,"  16,375 ","  17,082 "
26-Jan-25,20:00 - 20:59,1708,1409,517,820,540,874,2071,2246,286,112,873,481,1756,1729,471,1188,1004,1517,116,164,1659,1105,534,474,2454,2299,"  13,989 ","  14,418 "
26-Jan-25,21:00 - 21:59,675,1112,240,587,212,562,966,1395,269,108,672,359,1702,1278,323,1013,672,1370,122,152,1552,907,441,408,1808,2145,"  9,654 ","  11,396 "
26-Jan-25,22:00 - 22:59,0,775,1,623,5,621,61,1115,122,34,467,76,359,275,66,198,100,200,7,4,377,11,15,4,37,142,"  1,617 ","  4,078 "
26-Jan-25,23:00 - 23:59,0,0,0,0,0,0,0,0,0,0,0,0,0,0,0,0,0,0,0,0,0,0,0,0,0,0,  -   ,  -   
26-Jan-25,00:00 - 00:59,  -   ,  -   ,0,0,0,0,0,0,0,0,0,0,0,0,0,0,0,0,0,0,0,0,0,0,0,0,  -   ,  -   
26-Jan-25,01:00 - 01:59,,,,,,,,,,,,,,,,,,,,,,,,,,,  -   ,  -   
26-Jan-25,02:00 - 02:59,,,,,,,,,,,,,,,,,,,,,,,,,,,  -   ,  -   
,TOTAL,"25,456","23,270","12,443","10,780","11,674","11,364","32,712","33,656","4,011","4,568","10,909","13,134","26,908","27,419","14,950","14,751","21,406","21,531","2,695","3,031","18,869","24,982","12,323","6,383","41,140","39,800","  235,496 ","  234,669 "
,,,,,,,,,,,,,,,,,,,,,,,,,,,,,
,,,,,,,,,,,,,,,,,,,,,,,,,,,,,
,"Monday, January 27, 2025",,,,,,,,,,,,,,,,,,,,,,,,,,,,
,,,,,,,,,,,,,,,,,,,,,,,,,,,,,
,TIME,North Ave,,Quezon Ave,,GMA Kamuning,,Cubao,,Santolan,,Ortigas,,Shaw Blvd,,Boni Ave,,Guadalupe,,Buendia,,Ayala Ave,,Magallanes,,Taft,, Total ,
,,Entry,Exit,Entry,Exit,Entry,Exit,Entry,Exit,Entry,Exit,Entry,Exit,Entry,Exit,Entry,Exit,Entry,Exit,Entry,Exit,Entry,Exit,Entry,Exit,Entry,Exit, Entry , Exit 
27-Jan-25,03:00 - 03:59,,,,,,,,,,,,,,,,,,,,,,,,,,,  -   ,  -   
27-Jan-25,04:00 - 04:59,955,0,744,3,1091,4,1019,65,20,52,76,183,454,394,98,129,61,210,1,93,9,258,1,109,134,0,"  4,663 ","  1,500 "
27-Jan-25,05:00 - 05:59,3301,510,2005,362,2332,446,2971,997,134,400,319,1671,1824,2571,756,1068,1638,1434,87,886,592,2125,1457,1020,3369,2387,"  20,785 ","  15,877 "
27-Jan-25,06:00 - 06:59,5732,1106,2824,1194,2947,1115,4098,2356,242,825,567,2873,2545,3922,1680,2021,2578,2046,225,1511,951,3383,2191,1824,5404,3014,"  31,984 ","  27,190 "
27-Jan-25,07:00 - 07:59,6234,1454,3112,1677,2468,1333,4113,2599,333,1230,779,4507,3171,5299,2377,2690,3361,2655,317,2100,1217,4698,2536,2512,6766,3685,"  36,784 ","  36,439 "
27-Jan-25,08:00 - 08:59,5330,1174,2884,1447,2273,1061,3869,2492,279,1280,636,4876,2351,5347,1859,2974,3007,2468,212,2062,1012,4582,2086,2342,5731,3134,"  31,529 ","  35,239 "
27-Jan-25,09:00 - 09:59,3333,1314,1816,1093,1466,845,3182,2410,316,1112,631,3205,2109,4181,1314,2072,2424,1831,251,1025,1058,3727,1742,1414,4385,2852,"  24,027 ","  27,081 "
27-Jan-25,10:00 - 10:59,2149,1255,1227,833,1205,815,2460,2030,332,802,653,1838,1630,2668,1115,1305,1752,1467,255,511,844,2383,1342,803,3493,2775,"  18,457 ","  19,485 "
27-Jan-25,11:00 - 11:59,2123,1354,1249,770,1259,699,2493,1977,373,513,712,1513,1707,2364,1193,1105,1719,1463,268,397,949,2650,1225,689,3500,2691,"  18,770 ","  18,185 "
27-Jan-25,12:00 - 12:59,2232,1464,1223,845,1074,799,2552,2294,338,492,834,1638,1759,2309,1312,1236,1632,1540,317,432,1053,2072,1135,703,3284,2898,"  18,745 ","  18,722 "
27-Jan-25,13:00 - 13:59,1867,1438,1040,803,918,754,2362,2010,370,416,850,1322,1725,2193,1147,1193,1562,1481,288,366,1092,1943,1074,717,2940,2983,"  17,235 ","  17,619 "
27-Jan-25,14:00 - 14:59,1659,1726,928,821,979,865,2134,2405,446,378,1069,1074,2038,1801,1233,1104,1438,1537,367,295,1497,1762,1179,625,2870,2891,"  17,837 ","  17,284 "
27-Jan-25,15:00 - 15:59,1504,2099,971,1088,965,1104,2321,2911,642,285,1739,1051,2609,1765,1546,1168,1547,1989,537,273,1966,1738,1352,593,3077,3752,"  20,776 ","  19,816 "
27-Jan-25,16:00 - 16:59,1757,3117,1447,1503,1304,1646,2413,3920,818,346,2731,950,3716,2257,1997,1438,2036,2556,1452,265,3086,2111,2129,698,3474,4355,"  28,360 ","  25,162 "
27-Jan-25,17:00 - 17:59,2183,4770,2016,1604,1550,2341,3110,5571,1331,310,4012,1012,5191,2960,2693,2214,2409,3512,1833,340,4878,2464,3096,860,3977,6507,"  38,279 ","  34,465 "
27-Jan-25,18:00 - 18:59,2030,4979,1495,1962,1229,2533,3235,5760,988,337,4173,1033,5207,2878,2718,2623,2505,4015,1846,330,4968,2600,3176,1024,4253,6702,"  37,823 ","  36,776 "
27-Jan-25,19:00 - 19:59,2301,5198,1151,2296,945,2809,2774,6458,576,287,2974,1081,4096,2864,1900,2215,2077,3414,999,279,4261,2420,2075,836,3490,5845,"  29,619 ","  36,002 "
27-Jan-25,20:00 - 20:59,2357,2980,971,1442,722,1432,2400,3613,481,175,1760,1263,2688,2462,1305,1846,1507,2285,567,265,3074,2029,1201,793,3163,3563,"  22,196 ","  24,148 "
27-Jan-25,21:00 - 21:59,911,1978,413,1246,285,1235,1259,2587,426,121,1207,868,2058,2336,880,1291,1070,1845,305,198,2690,1469,747,681,2100,2519,"  14,351 ","  18,374 "
27-Jan-25,22:00 - 22:59,0,736,2,575,10,439,87,769,49,30,573,122,424,227,124,125,164,145,22,11,179,34,46,25,80,79,"  1,760 ","  3,317 "
27-Jan-25,23:00 - 23:59,0,0,0,0,0,0,0,0,0,0,0,0,0,0,0,0,0,0,0,0,0,0,0,0,0,0,  -   ,  -   
27-Jan-25,00:00 - 00:59,  -   ,  -   ,0,0,0,0,0,0,0,0,0,0,0,0,0,0,0,0,0,0,0,0,0,0,0,0,  -   ,  -   
27-Jan-25,01:00 - 01:59,,,,,,,,,,,,,,,,,,,,,,,,,,,  -   ,  -   
27-Jan-25,02:00 - 02:59,,,,,,,,,,,,,,,,,,,,,,,,,,,  -   ,  -   
,TOTAL,"47,958","38,652","27,518","21,564","25,022","22,275","48,852","53,224","8,494","9,391","26,295","32,080","47,302","50,798","27,247","29,817","34,487","37,893","10,149","11,639","35,376","44,448","29,790","18,268","65,490","62,632","  433,980 ","  432,681 "
,,,,,,,,,,,,,,,,,,,,,,,,,,,,,
,,,,,,,,,,,,,,,,,,,,,,,,,,,,,
,"Tuesday, January 28, 2025",,,,,,,,,,,,,,,,,,,,,,,,,,,,
,,,,,,,,,,,,,,,,,,,,,,,,,,,,,
,TIME,North Ave,,Quezon Ave,,GMA Kamuning,,Cubao,,Santolan,,Ortigas,,Shaw Blvd,,Boni Ave,,Guadalupe,,Buendia,,Ayala Ave,,Magallanes,,Taft,, Total ,
,,Entry,Exit,Entry,Exit,Entry,Exit,Entry,Exit,Entry,Exit,Entry,Exit,Entry,Exit,Entry,Exit,Entry,Exit,Entry,Exit,Entry,Exit,Entry,Exit,Entry,Exit, Entry , Exit 
28-Jan-25,03:00 - 03:59,,,,,,,,,,,,,,,,,,,,,,,,,,,  -   ,  -   
28-Jan-25,04:00 - 04:59,716,0,581,1,623,6,726,71,22,39,55,170,311,269,84,88,61,182,2,93,29,210,12,100,92,97,"  3,314 ","  1,326 "
28-Jan-25,05:00 - 05:59,2874,646,1926,502,1802,518,2713,1077,139,365,467,1765,1864,2313,917,996,1620,1247,122,718,801,1956,1179,948,3243,1836,"  19,667 ","  14,887 "
28-Jan-25,06:00 - 06:59,5437,1559,2902,1271,2503,1204,4115,2528,267,802,1254,3114,3366,3792,1993,2095,2997,2081,315,1571,1690,3543,2173,1830,5055,3648,"  34,067 ","  29,038 "
28-Jan-25,07:00 - 07:59,6526,1981,3107,1979,2515,1496,4042,3068,371,1299,1286,4870,3774,5386,2831,2739,3825,2704,389,2255,1872,4775,2733,2436,6622,3769,"  39,893 ","  38,757 "
28-Jan-25,08:00 - 08:59,4916,1562,2728,1604,1731,1260,3775,2749,283,1260,906,5062,2814,5026,2308,2772,3055,2376,291,1909,1344,4713,1986,2446,5957,3605,"  32,094 ","  36,344 "
28-Jan-25,09:00 - 09:59,3410,1445,2124,1183,1500,823,3296,2314,302,1148,945,3092,2219,3999,1487,1904,2661,1763,251,1039,1115,3682,1595,1312,4401,3204,"  25,306 ","  26,908 "
28-Jan-25,10:00 - 10:59,2269,1318,1270,916,1201,799,2523,2121,399,831,767,1850,1759,2575,1175,1379,1809,1529,270,546,913,2740,1464,823,3096,3024,"  18,915 ","  20,451 "
28-Jan-25,11:00 - 11:59,2212,1457,1362,879,1106,671,2449,1991,481,592,749,1517,1722,2478,1152,1145,1689,1473,302,474,1065,2638,1385,734,3318,2731,"  18,992 ","  18,780 "
28-Jan-25,12:00 - 12:59,2111,1651,1190,797,1159,749,2668,2199,379,522,876,1553,1811,2226,1226,1159,1563,1507,285,446,1226,2345,1267,743,3043,2761,"  18,804 ","  18,658 "
28-Jan-25,13:00 - 13:59,1766,1533,1031,860,863,758,2228,2219,371,452,840,1356,1676,2229,1199,1071,1517,1380,314,404,1223,1890,1001,611,2842,2730,"  16,871 ","  17,493 "
28-Jan-25,14:00 - 14:59,1528,1771,921,864,920,939,2187,2408,502,415,1193,1138,1989,1752,1259,960,1504,1598,458,341,1516,1790,1267,627,3021,2898,"  18,265 ","  17,501 "
28-Jan-25,15:00 - 15:59,1485,2453,1111,1128,869,1284,2362,3107,615,348,2094,1066,2815,1868,1711,1027,1680,1993,675,313,2264,1777,1554,550,2977,3813,"  22,212 ","  20,727 "
28-Jan-25,16:00 - 16:59,1810,3266,1481,1415,1327,1791,2656,4246,897,285,2957,1052,3770,2229,2366,1315,2114,2473,1677,285,3427,2437,2427,680,3508,5038,"  30,417 ","  26,512 "
28-Jan-25,17:00 - 17:59,2181,5226,2135,1975,1521,2738,3257,6250,1363,356,4091,1178,5546,3022,2946,1981,2565,3550,1899,395,5010,2912,3400,872,4276,6879,"  40,190 ","  37,334 "
28-Jan-25,18:00 - 18:59,2126,5650,1770,1973,1306,2781,3274,6708,1041,327,4358,1101,5663,3296,2671,2411,2624,3811,1897,381,4844,3178,3439,1012,4470,7251,"  39,483 ","  39,880 "
28-Jan-25,19:00 - 19:59,2310,5490,1392,2270,962,2750,3076,6309,713,300,3377,1109,4458,2868,1895,2299,2451,3487,1264,290,5032,2641,2375,761,3871,5893,"  33,176 ","  36,467 "
28-Jan-25,20:00 - 20:59,2414,3737,1107,1719,811,1825,2599,4373,487,179,2021,1361,3328,2910,1309,1814,1846,2504,781,281,3780,2309,1476,829,3323,4469,"  25,282 ","  28,310 "
28-Jan-25,21:00 - 21:59,997,2195,533,1351,324,1465,1372,3124,466,126,1457,929,2532,2391,791,1559,1294,1978,425,244,3459,1850,938,743,2428,3193,"  17,016 ","  21,148 "
28-Jan-25,22:00 - 22:59,0,1081,3,770,8,512,103,937,52,30,602,126,502,263,115,160,177,210,35,11,222,58,61,34,75,152,"  1,955 ","  4,344 "
28-Jan-25,23:00 - 23:59,0,0,0,0,0,0,0,0,0,0,0,0,0,0,0,0,0,0,0,0,0,0,0,0,0,0,  -   ,  -   
28-Jan-25,00:00 - 00:59,  -   ,  -   ,0,0,0,0,0,0,0,0,0,0,0,0,0,0,0,0,0,0,0,0,0,0,0,0,  -   ,  -   
28-Jan-25,01:00 - 01:59,,,,,,,,,,,,,,,,,,,,,,,,,,,  -   ,  -   
28-Jan-25,02:00 - 02:59,,,,,,,,,,,,,,,,,,,,,,,,,,,  -   ,  -   
,TOTAL,"47,088","44,021","28,674","23,457","23,051","24,369","49,421","57,799","9,150","9,676","30,295","33,409","51,919","50,892","29,435","28,874","37,052","37,846","11,652","11,996","40,832","47,444","31,732","18,091","65,618","66,991","  455,919 ","  454,865 "
,,,,,,,,,,,,,,,,,,,,,,,,,,,,,
,,,,,,,,,,,,,,,,,,,,,,,,,,,,,
,"Wednesday, January 29, 2025",,,,,,,,,,,,,,,,,,,,,,,,,,,,
,,,,,,,,,,,,,,,,,,,,,,,,,,,,,
,TIME,North Ave,,Quezon Ave,,GMA Kamuning,,Cubao,,Santolan,,Ortigas,,Shaw Blvd,,Boni Ave,,Guadalupe,,Buendia,,Ayala Ave,,Magallanes,,Taft,, Total ,
,,Entry,Exit,Entry,Exit,Entry,Exit,Entry,Exit,Entry,Exit,Entry,Exit,Entry,Exit,Entry,Exit,Entry,Exit,Entry,Exit,Entry,Exit,Entry,Exit,Entry,Exit, Entry , Exit 
29-Jan-25,03:00 - 03:59,,,,,,,,,,,,,,,,,,,,,,,,,,,  -   ,  -   
29-Jan-25,04:00 - 04:59,,,,,,,,,,,,,,,,,,,,,,,,,,,  -   ,  -   
29-Jan-25,05:00 - 05:59,415,0,387,4,350,7,448,69,16,27,41,91,211,162,60,52,45,86,1,34,27,102,10,43,109,203,"  2,120 ",  880 
29-Jan-25,06:00 - 06:59,1400,469,1029,291,997,308,1596,835,82,218,380,1050,1220,1465,645,644,1079,729,124,367,674,1011,727,509,1831,1396,"  11,784 ","  9,292 "
29-Jan-25,07:00 - 07:59,1580,1223,1180,798,1003,838,1836,2012,132,265,1079,1288,2156,2105,1030,914,1555,1225,251,546,1418,1528,1091,689,2112,2250,"  16,423 ","  15,681 "
29-Jan-25,08:00 - 08:59,1665,1653,1152,777,857,944,1737,2108,150,390,991,1564,2294,1964,1105,936,1745,1320,286,448,1487,1485,1134,608,2457,2617,"  17,060 ","  16,814 "
29-Jan-25,09:00 - 09:59,1806,1390,1066,810,799,635,2043,1827,151,471,730,1474,1921,1972,957,755,1608,1161,184,343,1097,1704,951,626,2552,2651,"  15,865 ","  15,819 "
29-Jan-25,10:00 - 10:59,1851,1402,1070,594,896,496,2109,1788,196,614,528,1416,1692,2322,1004,743,1812,1150,176,290,855,2117,916,438,2570,2690,"  15,675 ","  16,060 "
29-Jan-25,11:00 - 11:59,1567,1325,887,517,776,467,2013,1839,167,462,459,1109,1494,1755,924,596,1538,1027,112,222,830,1887,883,321,2288,2704,"  13,938 ","  14,231 "
29-Jan-25,12:00 - 12:59,1729,1416,960,529,719,455,2084,1744,211,426,477,1069,1544,1897,1007,569,1662,979,159,204,785,2231,858,350,2569,2477,"  14,764 ","  14,346 "
29-Jan-25,13:00 - 13:59,1556,1478,941,501,716,466,2117,1696,162,341,434,1195,1436,1853,927,642,1583,1075,123,215,809,1930,816,315,2590,2659,"  14,210 ","  14,366 "
29-Jan-25,14:00 - 14:59,1439,1267,746,527,605,509,1810,1782,203,284,498,945,1472,1610,985,637,1512,1105,160,198,921,1585,692,305,2403,2685,"  13,446 ","  13,439 "
29-Jan-25,15:00 - 15:59,1424,1443,701,608,621,574,1887,1992,263,289,758,858,1708,1460,1006,721,1417,1118,183,173,1174,1480,816,327,2314,2817,"  14,272 ","  13,860 "
29-Jan-25,16:00 - 16:59,1547,1901,778,790,537,895,2098,2695,377,262,1286,862,2318,1523,1133,840,1587,1607,287,163,1713,1534,1042,366,2793,3235,"  17,496 ","  16,673 "
29-Jan-25,17:00 - 17:59,1501,2159,793,1041,714,1362,2295,3108,429,238,1632,822,2621,1693,1194,1040,1675,1880,527,172,2090,1677,1163,459,3173,3449,"  19,807 ","  19,100 "
29-Jan-25,18:00 - 18:59,1701,2209,821,1060,799,1285,2326,3031,461,230,1600,771,2465,2026,1086,1306,1544,2166,385,255,1957,1710,1087,512,3205,3221,"  19,437 ","  19,782 "
29-Jan-25,19:00 - 19:59,1692,2063,778,914,591,1122,2144,2754,490,221,1503,774,2421,1768,930,1251,1252,1968,298,211,1981,1431,984,525,2921,3011,"  17,985 ","  18,013 "
29-Jan-25,20:00 - 20:59,2087,2041,789,1013,655,1110,2015,2778,420,140,1152,818,2066,1748,832,1213,1221,1959,253,197,2112,1470,828,506,3135,2798,"  17,565 ","  17,791 "
29-Jan-25,21:00 - 21:59,2213,1559,882,915,631,954,2251,2450,354,124,1019,1071,1918,2284,672,1275,1100,1743,168,260,1851,1670,692,628,3064,2203,"  16,815 ","  17,136 "
29-Jan-25,22:00 - 22:59,878,1384,407,887,308,836,1241,2046,428,125,839,816,1882,1972,488,1202,919,1632,133,194,2188,1416,508,589,2187,2312,"  12,406 ","  15,411 "
29-Jan-25,23:00 - 23:59,0,686,0,604,11,370,95,768,45,25,550,97,393,199,98,105,150,167,11,9,158,49,37,20,50,131,"  1,598 ","  3,230 "
29-Jan-25,00:00 - 00:59,  -   ,  -   ,0,0,0,0,0,0,0,0,0,0,0,0,0,0,0,0,0,0,0,0,0,0,0,0,  -   ,  -   
29-Jan-25,01:00 - 01:59,  -   ,  -   ,0,0,0,0,0,0,0,0,0,0,0,0,0,0,0,0,0,0,0,0,0,0,0,0,  -   ,  -   
29-Jan-25,02:00 - 02:59,,,,,,,,,,,,,,,,,,,,,,,,,,,  -   ,  -   
,TOTAL,"28,051","27,068","15,367","13,180","12,585","13,633","34,145","37,322","4,737","5,152","15,956","18,090","33,232","31,778","16,083","15,441","25,004","24,097","3,821","4,501","24,127","28,017","15,235","8,136","44,323","45,509","  272,666 ","  271,924 "
,,,,,,,,,,,,,,,,,,,,,,,,,,,,,
,,,,,,,,,,,,,,,,,,,,,,,,,,,,,
,"Thursday, January 30, 2025",,,,,,,,,,,,,,,,,,,,,,,,,,,,
,,,,,,,,,,,,,,,,,,,,,,,,,,,,,
,TIME,North Ave,,Quezon Ave,,GMA Kamuning,,Cubao,,Santolan,,Ortigas,,Shaw Blvd,,Boni Ave,,Guadalupe,,Buendia,,Ayala Ave,,Magallanes,,Taft,, Total ,
,,Entry,Exit,Entry,Exit,Entry,Exit,Entry,Exit,Entry,Exit,Entry,Exit,Entry,Exit,Entry,Exit,Entry,Exit,Entry,Exit,Entry,Exit,Entry,Exit,Entry,Exit, Entry , Exit 
30-Jan-25,03:00 - 03:59,,,,,,,,,,,,,,,,,,,,,,,,,,,  -   ,  -   
30-Jan-25,04:00 - 04:59,792,0,655,5,675,5,807,74,24,44,86,166,355,274,86,97,67,161,3,87,25,220,15,95,104,133,"  3,694 ","  1,361 "
30-Jan-25,05:00 - 05:59,2992,643,1979,470,2090,469,2839,1046,133,393,472,1821,1781,2443,901,1041,1551,1302,113,801,765,1877,1221,1014,3297,1848,"  20,134 ","  15,168 "
30-Jan-25,06:00 - 06:59,5415,1494,2875,1303,2542,1247,4338,2590,253,807,1258,3076,3209,3952,1940,2079,2792,2167,295,1698,1608,3815,2159,1986,5084,3513,"  33,768 ","  29,727 "
30-Jan-25,07:00 - 07:59,6816,1902,3302,1805,2440,1504,4090,2972,364,1376,1238,4958,3785,5083,2705,2781,3773,2700,364,2161,1861,4619,2735,2534,6814,3780,"  40,287 ","  38,175 "
30-Jan-25,08:00 - 08:59,4798,1595,2738,1639,1993,1184,3995,2803,312,1159,932,4998,2793,5339,2042,2777,3046,2350,280,1958,1366,4748,2187,2490,5836,3561,"  32,318 ","  36,601 "
30-Jan-25,09:00 - 09:59,3383,1477,1917,1154,1507,866,3078,2304,321,1117,863,3154,2102,3909,1480,1911,2453,1860,285,965,1153,3642,1522,1250,4184,3032,"  24,248 ","  26,641 "
30-Jan-25,10:00 - 10:59,2220,1301,1325,914,1212,741,2377,2061,362,734,759,1831,1794,2598,1189,1322,1711,1560,267,577,1007,2937,1460,891,3333,2737,"  19,016 ","  20,204 "
30-Jan-25,11:00 - 11:59,2286,1448,1200,743,1161,666,2466,1927,379,522,703,1486,1721,2572,1136,1115,1743,1384,250,442,1051,2562,1287,787,3228,2699,"  18,611 ","  18,353 "
30-Jan-25,12:00 - 12:59,2030,1646,1201,883,1044,770,2437,2125,331,482,857,1541,1826,2359,1240,1285,1646,1403,296,416,1089,2474,1195,673,3121,2722,"  18,313 ","  18,779 "
30-Jan-25,13:00 - 13:59,1737,1390,1109,827,806,648,2217,1934,361,375,862,1280,1625,2122,1163,1247,1453,1383,297,383,1117,1810,1079,678,2738,2752,"  16,564 ","  16,829 "
30-Jan-25,14:00 - 14:59,1467,1687,987,886,970,864,2155,2416,381,361,1133,1151,1899,1787,1361,1146,1412,1430,363,311,1534,1802,1194,571,2766,2786,"  17,622 ","  17,198 "
30-Jan-25,15:00 - 15:59,1543,2371,1073,1130,849,1138,2171,3162,554,328,1987,1058,2662,1830,1644,1188,1649,1852,654,271,2438,1763,1665,599,2917,3595,"  21,806 ","  20,285 "
30-Jan-25,16:00 - 16:59,1727,3273,1516,1536,1271,1740,2661,4010,824,338,2807,1001,3768,2230,1952,1474,2116,2617,1640,313,3372,2178,2349,681,3531,4647,"  29,534 ","  26,038 "
30-Jan-25,17:00 - 17:59,2074,5133,1966,1777,1534,2631,3197,6174,1294,382,4041,1137,5106,3004,2855,2175,2480,3450,1842,326,4893,2563,3170,841,4185,6339,"  38,637 ","  35,932 "
30-Jan-25,18:00 - 18:59,2015,5406,1590,1971,1136,2636,3032,6579,1036,326,4287,1134,5487,3061,2638,2664,2367,4033,1925,358,5225,2790,3161,1009,3719,6486,"  37,618 ","  38,453 "
30-Jan-25,19:00 - 19:59,2083,4836,1166,2103,957,2355,2696,5697,626,228,3180,994,4280,2869,1894,2221,2242,3368,1121,293,4603,2360,2081,770,3571,6017,"  30,500 ","  34,111 "
30-Jan-25,20:00 - 20:59,2138,2969,1007,1584,763,1565,2429,3861,545,184,1964,1238,2876,2652,1437,1800,1663,2216,607,277,3273,2159,1374,776,3015,3763,"  23,091 ","  25,044 "
30-Jan-25,21:00 - 21:59,902,2261,455,1331,336,1314,1262,2840,464,124,1342,896,2428,2213,961,1388,1150,1863,359,221,3007,1538,821,645,2123,3001,"  15,610 ","  19,635 "
30-Jan-25,22:00 - 22:59,1,846,2,660,11,455,97,895,69,39,600,122,485,285,141,147,154,167,29,12,213,25,64,31,66,96,"  1,932 ","  3,780 "
30-Jan-25,23:00 - 23:59,0,0,0,0,0,0,0,0,0,0,0,0,0,0,0,0,0,0,0,0,0,0,0,0,0,0,  -   ,  -   
30-Jan-25,00:00 - 00:59,  -   ,  -   ,0,0,0,0,0,0,0,0,0,0,0,0,0,0,0,0,0,0,0,0,0,0,0,0,  -   ,  -   
30-Jan-25,01:00 - 01:59,,,,,,,,,,,,,,,,,,,,,,,,,,,  -   ,  -   
30-Jan-25,02:00 - 02:59,,,,,,,,,,,,,,,,,,,,,,,,,,,  -   ,  -   
,TOTAL,"46,419","41,678","28,063","22,721","23,297","22,798","48,344","55,470","8,633","9,319","29,371","33,042","49,982","50,582","28,765","29,858","35,468","37,266","10,990","11,870","39,600","45,882","30,739","18,321","63,632","63,507","  443,303 ","  442,314 "
,,,,,,,,,,,,,,,,,,,,,,,,,,,,,
,,,,,,,,,,,,,,,,,,,,,,,,,,,,,
,"Friday, January 31, 2025",,,,,,,,,,,,,,,,,,,,,,,,,,,,
,,,,,,,,,,,,,,,,,,,,,,,,,,,,,
,TIME,North Ave,,Quezon Ave,,GMA Kamuning,,Cubao,,Santolan,,Ortigas,,Shaw Blvd,,Boni Ave,,Guadalupe,,Buendia,,Ayala Ave,,Magallanes,,Taft,, Total ,
,,Entry,Exit,Entry,Exit,Entry,Exit,Entry,Exit,Entry,Exit,Entry,Exit,Entry,Exit,Entry,Exit,Entry,Exit,Entry,Exit,Entry,Exit,Entry,Exit,Entry,Exit, Entry , Exit 
31-Jan-25,03:00 - 03:59,,,,,,,,,,,,,,,,,,,,,,,,,,,  -   ,  -   
31-Jan-25,04:00 - 04:59,537,0,542,2,468,8,583,59,17,36,69,142,272,178,81,87,62,107,3,60,26,134,15,70,110,231,"  2,785 ","  1,114 "
31-Jan-25,05:00 - 05:59,2469,630,1710,419,1520,427,2554,969,120,317,431,1636,1708,2151,848,904,1504,993,134,648,751,1675,1007,842,2770,1448,"  17,526 ","  13,059 "
31-Jan-25,06:00 - 06:59,5048,1546,2811,1230,2240,1195,4007,2541,258,863,1237,2898,3257,3610,1938,1860,2724,2011,332,1544,1567,3342,1999,1719,4765,3342,"  32,183 ","  27,701 "
31-Jan-25,07:00 - 07:59,5984,1857,3191,1740,2453,1515,4042,2955,306,1499,1250,4705,3717,5102,2617,2681,3696,2550,384,2040,1803,4445,2395,2472,6688,3667,"  38,526 ","  37,228 "
31-Jan-25,08:00 - 08:59,4424,1514,2554,1431,1886,1165,3754,2700,290,1442,946,4852,2657,4509,2036,2312,3290,1985,300,1673,1268,3966,1931,1915,5225,3511,"  30,561 ","  32,975 "
31-Jan-25,09:00 - 09:59,3155,1557,2061,1072,1653,826,3035,2228,348,1365,800,3138,2019,3927,1418,1720,2158,1699,309,893,1075,3541,1569,1290,4085,3013,"  23,685 ","  26,269 "
31-Jan-25,10:00 - 10:59,2171,1404,1370,815,1195,711,2426,2089,349,858,723,2097,1753,2614,1114,1241,1704,1469,307,590,1049,2741,1264,710,3275,2746,"  18,700 ","  20,085 "
31-Jan-25,11:00 - 11:59,2205,1413,1353,728,1096,717,2479,2077,618,578,879,1594,1730,2507,1141,1164,1672,1445,265,459,1002,2267,1132,680,3377,2743,"  18,949 ","  18,372 "
31-Jan-25,12:00 - 12:59,2275,1858,1259,931,1067,807,2611,2422,731,493,1060,1780,1930,2391,1354,1155,1843,1448,316,439,1191,2972,1267,700,3385,2913,"  20,289 ","  20,309 "
31-Jan-25,13:00 - 13:59,1848,1934,1199,844,849,884,2344,2239,617,450,1081,1438,1745,2405,1196,1294,1673,1397,345,353,1300,2101,1207,671,3020,3020,"  18,424 ","  19,030 "
31-Jan-25,14:00 - 14:59,1665,1899,1066,977,1034,1068,2261,2722,663,384,1277,1283,1936,1879,1313,1123,1639,1416,440,323,1626,1877,1321,530,3152,2980,"  19,393 ","  18,461 "
31-Jan-25,15:00 - 15:59,1675,2550,1138,1123,1075,1194,2434,3427,531,364,2040,1189,3011,2108,1672,1298,1869,1940,562,293,2301,2024,1536,619,3365,3871,"  23,209 ","  22,000 "
31-Jan-25,16:00 - 16:59,1928,3402,1599,1403,1411,1802,2772,4421,923,288,3014,1210,4288,2471,2167,1484,2175,2532,1546,291,3277,2504,2562,636,3721,5130,"  31,383 ","  27,574 "
31-Jan-25,17:00 - 17:59,2210,5101,2076,1824,1623,2738,3287,6424,1309,394,4133,1237,5231,3053,2717,2020,2693,3272,1817,382,4593,2879,3378,917,4321,6889,"  39,388 ","  37,130 "
31-Jan-25,18:00 - 18:59,2199,5506,1555,1987,1219,2806,3406,6875,874,290,3846,1186,5445,3100,2897,2234,2729,3637,1774,337,5367,3099,3178,957,4217,7262,"  38,706 ","  39,276 "
31-Jan-25,19:00 - 19:59,2219,4884,1206,1992,893,2593,3011,6370,668,280,3096,1087,4588,2792,2144,2173,2353,3328,1113,268,4257,2682,2298,787,3826,5840,"  31,672 ","  35,076 "
31-Jan-25,20:00 - 20:59,2244,3407,1023,1684,795,1741,2670,4316,444,236,2103,1266,3336,2567,1520,1691,1881,2421,547,264,3523,2028,1454,715,3330,4427,"  24,870 ","  26,763 "
31-Jan-25,21:00 - 21:59,833,2496,491,1358,331,1368,1413,2943,301,130,1510,912,2737,2243,1112,1381,1253,1773,416,223,2677,1836,905,737,2403,3018,"  16,382 ","  20,418 "
31-Jan-25,22:00 - 22:59,0,986,4,763,8,698,123,1248,136,40,603,167,493,296,142,218,204,262,30,11,496,51,69,28,59,179,"  2,367 ","  4,947 "
31-Jan-25,23:00 - 23:59,,,,,,,,,,,,,,,,,,,,,,,,,,,  -   ,  -   
31-Jan-25,00:00 - 00:59,,,,,,,,,,,,,,,,,,,,,,,,,,,  -   ,  -   
31-Jan-25,01:00 - 01:59,,,,,,,,,,,,,,,,,,,,,,,,,,,  -   ,  -   
31-Jan-25,02:00 - 02:59,,,,,,,,,,,,,,,,,,,,,,,,,,,  -   ,  -   
,TOTAL,"45,089","43,944","28,208","22,323","22,816","24,263","49,212","59,025","9,503","10,307","30,098","33,817","51,853","49,903","29,427","28,040","37,122","35,685","10,940","11,091","39,149","46,164","30,487","16,995","65,094","66,230","  448,998 ","  447,787 "