,,,,,,,,,,,,,,,,,,,,,,,,,,,,,
,DOTC-MRT3 HOURLY RIDERSHIP REPORT,,,,,,,,,,,,,,,,,,,,,,,,,,,,
,,,,,,,,,,,,,,,,,,,,,,,,,,,,,
,,,,,,,,,,,,,,,,,,,,,,,,,,,,,
,"Monday, January 01, 2024",,,,,,,,,,,,,,,,,,,,,,,,,,,,
,,,,,,,,,,,,,,,,,,,,,,,,,,,,,
,TIME,North Ave,,Quezon Ave,,GMA Kamuning,,Cubao,,Santolan,,Ortigas,,Shaw Blvd,,Boni Ave,,Guadalupe,,Buendia,,Ayala Ave,,Magallanes,,Taft,, Total ,
,,Entry,Exit,Entry,Exit,Entry,Exit,Entry,Exit,Entry,Exit,Entry,Exit,Entry,Exit,Entry,Exit,Entry,Exit,Entry,Exit,Entry,Exit,Entry,Exit,Entry,Exit, Entry , Exit 
01-Jan-24,03:00 - 03:59,,,,,,,,,,,,,,,,,,,,,,,,,,,  -   ,  -   
01-Jan-24,04:00 - 04:59,,,,,,,,,,,,,,,,,,,,,,,,,,,  -   ,  -   
01-Jan-24,05:00 - 05:59,0,0,0,0,0,0,0,0,0,0,2,0,0,0,0,0,0,0,0,0,0,0,0,0,0,0,  2 ,  -   
01-Jan-24,06:00 - 06:59,397,154,290,126,540,177,630,353,36,56,146,232,595,506,245,179,414,295,112,80,215,291,274,99,939,144,"  4,833 ","  2,692 "
01-Jan-24,07:00 - 07:59,558,488,312,300,468,450,766,831,53,100,255,356,711,714,369,322,530,471,153,123,450,556,310,222,1066,1404,"  6,001 ","  6,337 "
01-Jan-24,08:00 - 08:59,630,537,335,260,607,421,827,847,39,95,201,320,784,797,357,286,643,550,90,134,369,651,316,163,1302,1053,"  6,500 ","  6,114 "
01-Jan-24,09:00 - 09:59,841,633,425,294,627,421,1157,990,46,138,204,426,873,1038,412,337,703,575,77,86,347,748,354,151,1453,1326,"  7,519 ","  7,163 "
01-Jan-24,10:00 - 10:59,1110,788,624,322,845,485,1501,1063,74,172,200,567,1185,1170,552,415,951,747,83,125,421,1122,519,184,1790,1577,"  9,855 ","  8,737 "
01-Jan-24,11:00 - 11:59,1412,1145,831,423,1057,493,1868,1489,70,279,276,905,1317,1578,748,508,1179,1026,82,115,491,1555,609,202,2189,2044,"  12,129 ","  11,762 "
01-Jan-24,12:00 - 12:59,1474,1031,662,426,1077,516,1849,1516,50,199,232,851,1304,1370,736,547,1236,987,94,139,500,1291,597,198,2271,2475,"  12,082 ","  11,546 "
01-Jan-24,13:00 - 13:59,1391,1138,613,435,906,622,1751,1479,103,159,313,617,1316,1391,748,594,1065,1041,99,141,522,1237,551,201,2130,2591,"  11,508 ","  11,646 "
01-Jan-24,14:00 - 14:59,1420,1135,618,441,780,660,1956,1567,136,128,379,576,1504,1453,765,663,1059,1150,110,107,768,1288,545,205,2152,2681,"  12,192 ","  12,054 "
01-Jan-24,15:00 - 15:59,1331,1449,681,455,1155,703,1995,1879,155,197,477,644,1558,1473,929,688,1192,1308,103,111,916,1198,640,297,2649,3041,"  13,781 ","  13,443 "
01-Jan-24,16:00 - 16:59,1789,1294,683,555,1096,772,2031,1920,173,160,612,578,1509,1528,804,796,1052,1411,105,141,870,1316,612,308,2596,2795,"  13,932 ","  13,574 "
01-Jan-24,17:00 - 17:59,1801,1324,672,538,1033,743,2236,2019,239,158,660,600,1481,1711,747,891,1021,1606,159,176,943,1367,631,339,2715,2516,"  14,338 ","  13,988 "
01-Jan-24,18:00 - 18:59,1806,1111,647,575,1187,843,2074,2049,205,148,681,571,1437,1974,599,987,1003,1671,151,169,1095,1359,606,436,3009,2728,"  14,500 ","  14,621 "
01-Jan-24,19:00 - 19:59,1935,1305,471,621,857,800,2088,2055,156,100,611,521,1292,1806,520,1086,972,1622,136,171,1066,1011,528,354,2742,2184,"  13,374 ","  13,636 "
01-Jan-24,20:00 - 20:59,1883,1007,473,664,791,785,1886,1847,183,92,602,536,1489,1804,390,1130,729,1474,101,217,996,1069,518,483,2481,1978,"  12,522 ","  13,086 "
01-Jan-24,21:00 - 21:59,759,857,201,592,295,478,1094,1444,267,73,632,374,879,1420,288,1002,671,1282,110,148,1195,730,250,366,1942,1695,"  8,583 ","  10,461 "
01-Jan-24,22:00 - 22:59,0,457,6,327,13,411,40,620,32,18,509,64,185,195,64,160,86,151,8,3,196,25,33,13,67,88,"  1,239 ","  2,532 "
01-Jan-24,23:00 - 23:59,,,,,,,,,,,,,,,,,,,,,,,,,,,  -   ,  -   
01-Jan-24,00:00 - 00:59,,,,,,,,,,,,,,,,,,,,,,,,,,,  -   ,  -   
01-Jan-24,01:00 - 01:59,,,,,,,,,,,,,,,,,,,,,,,,,,,  -   ,  -   
01-Jan-24,02:00 - 02:59,,,,,,,,,,,,,,,,,,,,,,,,,,,  -   ,  -   
,TOTAL,"20,537","15,853","8,544","7,354","13,334","9,780","25,749","23,968","2,017","2,272","6,992","8,738","19,419","21,928","9,273","10,591","14,506","17,367","1,773","2,186","11,360","16,814","7,893","4,221","33,493","32,320","  174,890 ","  173,392 "
,,,,,,,,,,,,,,,,,,,,,,,,,,,,,
,,,,,,,,,,,,,,,,,,,,,,,,,,,,,
,"Tuesday, January 02, 2024",,,,,,,,,,,,,,,,,,,,,,,,,,,,
,,,,,,,,,,,,,,,,,,,,,,,,,,,,,
,TIME,North Ave,,Quezon Ave,,GMA Kamuning,,Cubao,,Santolan,,Ortigas,,Shaw Blvd,,Boni Ave,,Guadalupe,,Buendia,,Ayala Ave,,Magallanes,,Taft,, Total ,
,,Entry,Exit,Entry,Exit,Entry,Exit,Entry,Exit,Entry,Exit,Entry,Exit,Entry,Exit,Entry,Exit,Entry,Exit,Entry,Exit,Entry,Exit,Entry,Exit,Entry,Exit, Entry , Exit 
02-Jan-24,03:00 - 03:59,,,,,,,,,,,,,,,,,,,,,,,,,,,  -   ,  -   
02-Jan-24,04:00 - 04:59,611,0,393,1,890,6,737,43,13,33,60,136,308,258,62,107,45,195,4,54,10,196,3,77,1,11,"  3,137 ","  1,117 "
02-Jan-24,05:00 - 05:59,2231,372,1105,316,1986,354,2195,710,65,280,331,1242,1440,1885,535,912,856,981,76,597,479,1561,1012,711,2642,1607,"  14,953 ","  11,528 "
02-Jan-24,06:00 - 06:59,4147,1025,1518,975,2628,840,2876,1703,136,535,597,2235,1981,3158,1045,1370,1454,1662,255,1039,822,2558,1653,1201,3562,2406,"  22,674 ","  20,707 "
02-Jan-24,07:00 - 07:59,3873,1138,1480,1126,2147,1079,2977,1960,190,811,631,3220,2153,3982,1474,1716,2121,1771,280,1395,1025,2837,1587,1468,4114,2609,"  24,052 ","  25,112 "
02-Jan-24,08:00 - 08:59,2950,1106,1209,864,1589,861,2633,1831,211,611,520,2597,1697,3057,1216,1316,1623,1444,199,904,740,2267,1205,1155,3385,2260,"  19,177 ","  20,273 "
02-Jan-24,09:00 - 09:59,2154,1131,1076,583,1407,615,2332,1758,193,510,471,1631,1542,2606,886,795,1421,1288,117,440,653,2212,931,644,2791,2341,"  15,974 ","  16,554 "
02-Jan-24,10:00 - 10:59,1894,1129,967,524,1358,645,2184,1893,181,584,415,1228,1616,2011,815,707,1358,1156,149,290,671,2014,1019,452,2695,2382,"  15,322 ","  15,015 "
02-Jan-24,11:00 - 11:59,2052,1352,1036,551,1499,640,2220,1841,189,456,443,1264,1590,2190,898,770,1425,1287,167,295,769,2032,926,420,2761,2638,"  15,975 ","  15,736 "
02-Jan-24,12:00 - 12:59,2040,1446,948,558,1300,751,2469,1868,243,290,506,1365,1650,2002,843,829,1403,1330,148,271,822,1879,870,406,2874,2781,"  16,116 ","  15,776 "
02-Jan-24,13:00 - 13:59,1815,1350,784,599,1088,701,2137,2011,277,326,597,1095,1627,1924,911,850,1284,1217,200,267,842,1581,838,397,2539,3209,"  14,939 ","  15,527 "
02-Jan-24,14:00 - 14:59,1811,1557,763,607,1297,885,2074,2309,344,251,817,948,1903,1722,1007,875,1277,1276,263,234,1189,1465,892,434,2753,3022,"  16,390 ","  15,585 "
02-Jan-24,15:00 - 15:59,1898,1903,799,903,1318,1077,2247,2580,389,308,1320,917,2354,1961,1020,931,1358,1793,401,218,1605,1562,1034,492,3185,3466,"  18,928 ","  18,111 "
02-Jan-24,16:00 - 16:59,2147,2573,1174,1087,1583,1545,2426,3411,549,327,1815,860,2876,2138,1347,1253,1558,2162,891,241,2080,1752,1405,511,3295,3751,"  23,146 ","  21,611 "
02-Jan-24,17:00 - 17:59,2144,3765,1488,1343,1535,1968,2807,4017,934,301,3070,942,3667,2729,1703,1640,1873,2626,1327,252,3016,2082,2009,636,3536,4630,"  29,109 ","  26,931 "
02-Jan-24,18:00 - 18:59,2145,3956,1099,1534,1228,2166,2615,4754,669,277,3073,899,3855,2535,1496,1961,1809,2876,1143,284,3388,2076,2021,920,3314,5163,"  27,855 ","  29,401 "
02-Jan-24,19:00 - 19:59,2366,3045,825,1343,1047,1729,2345,3718,447,198,1952,931,2618,2394,952,1644,1540,2445,634,221,2440,1711,1234,564,3089,3758,"  21,489 ","  23,701 "
02-Jan-24,20:00 - 20:59,2390,1902,829,1041,817,1130,2421,2547,434,111,1260,1131,2009,2350,720,1440,1188,1696,303,307,1869,1599,885,616,2633,2736,"  17,758 ","  18,606 "
02-Jan-24,21:00 - 21:59,845,1464,367,771,445,1080,1174,2060,378,99,1001,727,1679,1934,483,1207,870,1450,260,277,1835,1223,520,532,1929,2157,"  11,786 ","  14,981 "
02-Jan-24,22:00 - 22:59,0,589,7,521,12,593,66,746,70,24,635,117,377,234,139,167,139,139,40,8,298,30,60,11,49,98,"  1,892 ","  3,277 "
02-Jan-24,23:00 - 23:59,,,,,,,,,,,,,,,,,,,,,,,,,,,  -   ,  -   
02-Jan-24,00:00 - 00:59,,,,,,,,,,,,,,,,,,,,,,,,,,,  -   ,  -   
02-Jan-24,01:00 - 01:59,,,,,,,,,,,,,,,,,,,,,,,,,,,  -   ,  -   
02-Jan-24,02:00 - 02:59,,,,,,,,,,,,,,,,,,,,,,,,,,,  -   ,  -   
,TOTAL,"39,513","30,803","17,867","15,247","25,174","18,665","40,935","41,760","5,912","6,332","19,514","23,485","36,942","41,070","17,552","20,490","24,602","28,794","6,857","7,594","24,553","32,637","20,104","11,647","51,147","51,025","  330,672 ","  329,549 "
,,,,,,,,,,,,,,,,,,,,,,,,,,,,,
,,,,,,,,,,,,,,,,,,,,,,,,,,,,,
,"Wednesday, January 03, 2024",,,,,,,,,,,,,,,,,,,,,,,,,,,,
,,,,,,,,,,,,,,,,,,,,,,,,,,,,,
,TIME,North Ave,,Quezon Ave,,GMA Kamuning,,Cubao,,Santolan,,Ortigas,,Shaw Blvd,,Boni Ave,,Guadalupe,,Buendia,,Ayala Ave,,Magallanes,,Taft,, Total ,
,,Entry,Exit,Entry,Exit,Entry,Exit,Entry,Exit,Entry,Exit,Entry,Exit,Entry,Exit,Entry,Exit,Entry,Exit,Entry,Exit,Entry,Exit,Entry,Exit,Entry,Exit, Entry , Exit 
03-Jan-24,03:00 - 03:59,,,,,,,,,,,,,,,,,,,,,,,,,,,  -   ,  -   
03-Jan-24,04:00 - 04:59,727,0,593,4,1158,7,894,49,25,46,106,159,475,326,93,99,55,177,3,69,18,229,4,89,1,0,"  4,152 ","  1,254 "
03-Jan-24,05:00 - 05:59,2740,356,1586,295,2373,365,2119,900,89,308,473,1298,1838,1870,783,979,1316,1037,104,382,640,1068,1199,639,2864,1634,"  18,124 ","  11,131 "
03-Jan-24,06:00 - 06:59,4762,1945,2148,1393,2944,1325,4110,2232,236,777,1181,2673,2997,4055,1817,2115,2358,2266,373,1631,1286,3762,2002,1783,4281,3559,"  30,495 ","  29,516 "
03-Jan-24,07:00 - 07:59,5065,1730,2200,1650,2989,1491,3945,2715,316,1337,1201,4490,3362,4966,2395,2318,2974,2397,419,1806,1698,3610,2202,2107,4914,3805,"  33,680 ","  34,422 "
03-Jan-24,08:00 - 08:59,4094,1467,1772,1370,2347,1130,3688,2457,246,966,1004,3808,2467,4517,1726,2142,2415,2178,336,1413,1229,3668,1783,1935,4884,3327,"  27,991 ","  30,378 "
03-Jan-24,09:00 - 09:59,2721,1464,1397,984,1657,932,2881,2079,310,835,858,2598,1932,3568,1270,1461,1998,1578,267,759,940,2670,1272,1146,3969,3235,"  21,472 ","  23,309 "
03-Jan-24,10:00 - 10:59,2137,1339,1174,806,1381,787,2526,2063,307,780,756,1559,1881,2401,1088,1065,1647,1338,242,421,902,2187,1173,670,3291,2924,"  18,505 ","  18,340 "
03-Jan-24,11:00 - 11:59,2111,1628,977,698,1383,862,2638,2210,388,629,800,1501,1888,2364,1162,1010,1634,1548,290,436,926,2458,1125,591,3206,2828,"  18,528 ","  18,763 "
03-Jan-24,12:00 - 12:59,2009,1468,1197,695,1360,721,2404,1957,355,471,788,1629,1726,2279,1143,993,1484,1418,237,395,973,2113,958,575,3082,2916,"  17,716 ","  17,630 "
03-Jan-24,13:00 - 13:59,1718,1465,875,738,1165,836,2109,2130,385,357,845,1387,1738,2110,1005,1013,1405,1336,247,368,1017,1659,1046,550,2643,3298,"  16,198 ","  17,247 "
03-Jan-24,14:00 - 14:59,1573,1520,812,739,1120,885,2073,2153,438,344,1140,1000,2019,1725,1127,916,1401,1393,342,312,1299,1539,1002,521,2728,3210,"  17,074 ","  16,257 "
03-Jan-24,15:00 - 15:59,1567,1972,894,893,1010,1190,2394,2521,509,328,1710,817,2534,2001,1316,1039,1538,1814,495,236,1853,1556,1164,524,3051,3438,"  20,035 ","  18,329 "
03-Jan-24,16:00 - 16:59,1844,3469,1382,1331,1452,2140,2511,4075,861,342,2407,910,3476,2182,1791,1352,1926,2282,1292,239,2707,1757,1724,666,3598,4483,"  26,971 ","  25,228 "
03-Jan-24,17:00 - 17:59,2053,4326,1671,1827,1554,2684,2773,5121,1281,339,3679,1012,4516,2619,2245,1835,2210,3027,1632,305,3856,2137,2671,890,3666,5251,"  33,807 ","  31,373 "
03-Jan-24,18:00 - 18:59,2084,4684,1331,1678,1206,2484,2776,5201,869,309,3760,1016,4689,2925,2133,2411,2231,3468,1640,291,4082,2179,2687,877,3623,5525,"  33,111 ","  33,048 "
03-Jan-24,19:00 - 19:59,2345,4068,944,1765,874,2435,2384,4973,558,256,2606,968,3263,2416,1359,1900,1707,2530,831,234,3065,1974,1496,718,3381,4576,"  24,813 ","  28,813 "
03-Jan-24,20:00 - 20:59,2314,2418,890,1138,892,1484,2304,3044,463,167,1640,1262,2379,2510,937,1660,1315,1815,477,308,2323,1739,1033,683,2618,3014,"  19,585 ","  21,242 "
03-Jan-24,21:00 - 21:59,909,1504,404,1004,403,1304,1134,2272,460,105,1122,769,1991,1905,619,1140,1006,1550,337,263,2001,1447,623,532,2071,2377,"  13,080 ","  16,172 "
03-Jan-24,22:00 - 22:59,0,792,6,572,10,640,77,858,95,20,682,144,411,255,189,172,144,139,17,10,301,57,68,21,61,90,"  2,061 ","  3,770 "
03-Jan-24,23:00 - 23:59,,,,,,,,,,,,,,,,,,,,,,,,,,,  -   ,  -   
03-Jan-24,00:00 - 00:59,,,,,,,,,,,,,,,,,,,,,,,,,,,  -   ,  -   
03-Jan-24,01:00 - 01:59,,,,,,,,,,,,,,,,,,,,,,,,,,,  -   ,  -   
03-Jan-24,03:00 - 03:59,,,,,,,,,,,,,,,,,,,,,,,,,,,  -   ,  -   
,TOTAL,"42,773","37,615","22,253","19,580","27,278","23,702","45,740","49,010","8,191","8,716","26,758","29,000","45,582","46,994","24,198","25,620","30,764","33,291","9,581","9,878","31,116","37,809","25,232","15,517","57,932","59,490","  397,398 ","  396,222 "
,,,,,,,,,,,,,,,,,,,,,,,,,,,,,
,,,,,,,,,,,,,,,,,,,,,,,,,,,,,
,"Thursday, January 04, 2024",,,,,,,,,,,,,,,,,,,,,,,,,,,,
,,,,,,,,,,,,,,,,,,,,,,,,,,,,,
,TIME,North Ave,,Quezon Ave,,GMA Kamuning,,Cubao,,Santolan,,Ortigas,,Shaw Blvd,,Boni Ave,,Guadalupe,,Buendia,,Ayala Ave,,Magallanes,,Taft,, Total ,
,,Entry,Exit,Entry,Exit,Entry,Exit,Entry,Exit,Entry,Exit,Entry,Exit,Entry,Exit,Entry,Exit,Entry,Exit,Entry,Exit,Entry,Exit,Entry,Exit,Entry,Exit, Entry , Exit 
04-Jan-24,03:00 - 03:59,,,,,,,,,,,,,,,,,,,,,,,,,,,  -   ,  -   
04-Jan-24,04:00 - 04:59,561,1,475,1,830,6,699,42,22,27,62,162,319,245,99,94,50,162,1,74,22,192,10,71,4,14,"  3,154 ","  1,091 "
04-Jan-24,05:00 - 05:59,2512,661,1512,394,2188,426,2407,783,100,341,485,1541,1663,2088,854,1080,1418,1161,125,701,673,1617,1027,920,2703,1695,"  17,667 ","  13,408 "
04-Jan-24,06:00 - 06:59,4547,1645,2038,1290,2821,1238,3675,2219,230,795,1105,2683,2882,3611,1926,1824,2321,1927,361,1369,1393,3070,1762,1512,4110,2897,"  29,171 ","  26,080 "
04-Jan-24,07:00 - 07:59,5021,1818,2389,1763,2607,1435,3950,2605,320,1189,1296,4408,3558,4833,2499,2334,3213,2497,461,1938,1814,4018,2208,2236,5253,3555,"  34,589 ","  34,629 "
04-Jan-24,08:00 - 08:59,3911,1615,1784,1445,1993,1098,3557,2394,270,1141,1060,3918,2421,4355,1881,2175,2490,1865,325,1424,1210,3292,1774,1890,4289,3029,"  26,965 ","  29,641 "
04-Jan-24,09:00 - 09:59,2662,1236,1440,937,1511,851,2856,1942,291,753,846,2509,2050,3368,1253,1260,1945,1519,285,789,1001,2793,1349,1150,3386,2652,"  20,875 ","  21,759 "
04-Jan-24,10:00 - 10:59,2088,1476,1036,775,1363,785,2436,2067,302,810,729,1645,1704,2275,993,1023,1587,1297,245,414,831,2478,1113,786,2843,2511,"  17,270 ","  18,342 "
04-Jan-24,11:00 - 11:59,2065,1334,1083,709,1279,671,2413,1832,332,583,833,1603,1754,2208,1159,863,1605,1246,299,426,864,2282,1131,600,2950,2572,"  17,767 ","  16,929 "
04-Jan-24,12:00 - 12:59,1819,1583,990,674,1249,788,2381,2028,291,430,785,1553,1790,2139,1081,877,1494,1374,271,404,855,2040,1050,569,2752,2877,"  16,808 ","  17,336 "
04-Jan-24,13:00 - 13:59,1531,1287,791,707,884,716,2048,1823,389,414,811,1232,1582,1919,977,912,1318,1218,231,436,924,1720,997,504,2424,2503,"  14,907 ","  15,391 "
04-Jan-24,14:00 - 14:59,1452,1638,763,750,929,916,2040,2142,431,340,1130,1009,1878,1751,1089,927,1317,1329,412,340,1240,1529,1043,494,2613,2652,"  16,337 ","  15,817 "
04-Jan-24,15:00 - 15:59,1426,2075,827,937,909,1184,2226,2763,517,329,1744,952,2337,1797,1264,994,1479,1676,534,233,1797,1408,1241,517,2708,3105,"  19,009 ","  17,970 "
04-Jan-24,16:00 - 16:59,1903,2875,1366,1336,1339,1950,2412,3662,846,314,2411,972,3337,2198,1699,1364,1827,2334,1419,241,2839,1832,1864,632,3292,4015,"  26,554 ","  23,725 "
04-Jan-24,17:00 - 17:59,1929,4555,1723,1678,1536,2745,2807,5359,1312,375,3844,1023,4467,2804,2242,1827,2226,3020,1599,305,3902,2067,2669,803,3501,5164,"  33,757 ","  31,725 "
04-Jan-24,18:00 - 18:59,1864,4796,1391,1706,1120,2560,2701,5358,940,337,3904,889,4697,2928,2157,2358,2347,3292,1674,349,4464,2139,2634,989,3325,6060,"  33,218 ","  33,761 "
04-Jan-24,19:00 - 19:59,2145,4265,1004,1770,842,2349,2177,4698,606,260,2595,891,3420,2344,1426,1957,1844,2462,950,194,3156,1694,1588,672,2951,4484,"  24,704 ","  28,040 "
04-Jan-24,20:00 - 20:59,2244,2289,898,1244,871,1568,2267,3172,496,173,1663,1243,2496,2370,1009,1581,1372,1846,537,304,2451,1866,1045,645,2494,2924,"  19,843 ","  21,225 "
04-Jan-24,21:00 - 21:59,823,1787,435,1019,344,1200,1128,2030,399,96,1210,814,2003,2001,631,1303,1081,1551,323,263,2259,1361,743,534,1925,2336,"  13,304 ","  16,295 "
04-Jan-24,22:00 - 22:59,0,788,6,633,10,700,75,979,77,30,664,119,415,248,199,151,161,160,34,7,313,36,73,29,24,120,"  2,051 ","  4,000 "
04-Jan-24,23:00 - 23:59,,,,,,,,,,,,,,,,,,,,,,,,,,,  -   ,  -   
04-Jan-24,00:00 - 00:59,,,,,,,,,,,,,,,,,,,,,,,,,,,  -   ,  -   
04-Jan-24,01:00 - 01:59,,,,,,,,,,,,,,,,,,,,,,,,,,,  -   ,  -   
04-Jan-24,02:00 - 02:59,,,,,,,,,,,,,,,,,,,,,,,,,,,  -   ,  -   
,TOTAL,"40,503","37,724","21,951","19,768","24,625","23,186","44,255","47,898","8,171","8,737","27,177","29,166","44,773","45,482","24,438","24,904","31,095","31,936","10,086","10,211","32,008","37,434","25,321","15,553","53,547","55,165","  387,950 ","  387,164 "
,,,,,,,,,,,,,,,,,,,,,,,,,,,,,
,,,,,,,,,,,,,,,,,,,,,,,,,,,,,
,"Friday, January 05, 2024",,,,,,,,,,,,,,,,,,,,,,,,,,,,
,,,,,,,,,,,,,,,,,,,,,,,,,,,,,
,TIME,North Ave,,Quezon Ave,,GMA Kamuning,,Cubao,,Santolan,,Ortigas,,Shaw Blvd,,Boni Ave,,Guadalupe,,Buendia,,Ayala Ave,,Magallanes,,Taft,, Total ,
,,Entry,Exit,Entry,Exit,Entry,Exit,Entry,Exit,Entry,Exit,Entry,Exit,Entry,Exit,Entry,Exit,Entry,Exit,Entry,Exit,Entry,Exit,Entry,Exit,Entry,Exit, Entry , Exit 
05-Jan-24,03:00 - 03:59,,,,,,,,,,,,,,,,,,,,,,,,,,,  -   ,  -   
05-Jan-24,04:00 - 04:59,570,0,403,0,658,7,567,41,22,31,65,150,256,240,107,104,64,128,5,52,17,106,6,62,3,119,"  2,743 ","  1,040 "
05-Jan-24,05:00 - 05:59,2320,540,1500,395,1843,418,2246,769,97,346,435,1395,1487,1949,805,962,1322,1077,116,619,614,1419,887,795,2546,1426,"  16,218 ","  12,110 "
05-Jan-24,06:00 - 06:59,4136,1614,1845,1184,2613,1291,3461,2153,220,833,1131,2632,2862,3399,1949,1829,2139,1862,354,1297,1391,2829,1691,1454,3858,2782,"  27,650 ","  25,159 "
05-Jan-24,07:00 - 07:59,4827,1798,2102,1692,2728,1437,3767,2545,330,1292,1268,4073,3516,4676,2491,2120,3370,2182,455,1844,1667,3669,2070,2196,5118,3435,"  33,709 ","  32,959 "
05-Jan-24,08:00 - 08:59,3723,1609,1799,1424,2084,1121,3392,2449,262,1035,1002,3826,2483,4166,1989,2063,2623,1939,380,1415,1270,3294,1781,1839,4399,3059,"  27,187 ","  29,239 "
05-Jan-24,09:00 - 09:59,2625,1374,1397,991,1716,909,2858,2053,299,750,893,2585,2093,3409,1222,1494,2057,1541,242,702,983,2841,1451,1095,3369,2647,"  21,205 ","  22,391 "
05-Jan-24,10:00 - 10:59,1988,1498,1171,782,1313,788,2415,2077,320,766,799,1831,1888,2334,1178,1004,1681,1416,273,464,909,2497,1288,765,3076,2815,"  18,299 ","  19,037 "
05-Jan-24,11:00 - 11:59,2134,1430,1169,732,1308,747,2401,2055,313,565,813,1622,1805,2492,1235,919,1684,1287,254,412,944,2202,1188,726,3015,2837,"  18,263 ","  18,026 "
05-Jan-24,12:00 - 12:59,2135,1552,1079,780,1351,787,2556,2175,389,482,896,1724,1951,2238,1177,1042,1702,1326,271,412,1011,2385,1180,661,3075,2849,"  18,773 ","  18,413 "
05-Jan-24,13:00 - 13:59,1729,1513,935,760,1079,811,2270,2102,382,423,877,1447,1863,2140,1087,970,1492,1343,287,404,1019,1907,1152,592,2719,2913,"  16,891 ","  17,325 "
05-Jan-24,14:00 - 14:59,1656,1856,875,790,939,984,2284,2537,429,353,1296,1115,2075,1783,1351,1045,1415,1441,426,376,1359,1616,1223,506,2721,3132,"  18,049 ","  17,534 "
05-Jan-24,15:00 - 15:59,1617,2414,1028,1084,1121,1334,2383,3100,588,363,1868,1097,2596,2106,1449,1056,1725,1682,601,271,1892,1627,1362,562,2881,3566,"  21,111 ","  20,262 "
05-Jan-24,16:00 - 16:59,2039,3270,1613,1266,1553,2007,2587,3935,964,332,2572,1006,3766,2320,2005,1261,2036,2393,1387,264,2856,1973,2085,672,3547,4120,"  29,010 ","  24,819 "
05-Jan-24,17:00 - 17:59,2153,4614,1881,1663,1528,2866,2911,5725,1294,367,3831,1266,4541,2879,2311,1899,2368,2907,1680,330,3702,2358,2955,884,3715,6139,"  34,870 ","  33,897 "
05-Jan-24,18:00 - 18:59,2123,5475,1346,1733,1188,2708,2883,5722,980,341,3663,1038,4921,2657,2435,2226,2424,3329,1487,346,4103,2405,2579,858,3694,5745,"  33,826 ","  34,583 "
05-Jan-24,19:00 - 19:59,2236,4008,991,1749,869,2398,2443,5252,604,295,2714,1077,3663,2558,1535,1887,2083,2592,944,206,3312,2107,1781,702,3183,5000,"  26,358 ","  29,831 "
05-Jan-24,20:00 - 20:59,2439,2729,909,1260,864,1668,2326,3511,478,142,1787,1174,2780,2487,1130,1669,1498,1832,544,293,2694,1818,1108,666,2742,3199,"  21,299 ","  22,448 "
05-Jan-24,21:00 - 21:59,943,2094,425,1103,386,1451,1291,2527,451,111,1432,815,2228,1934,787,1323,1126,1582,361,278,2251,1395,749,537,2067,2540,"  14,497 ","  17,690 "
05-Jan-24,22:00 - 22:59,0,844,6,657,10,730,124,1099,87,27,693,129,399,294,185,212,166,232,42,7,389,29,75,32,80,215,"  2,256 ","  4,507 "
05-Jan-24,23:00 - 23:59,,,,,,,,,,,,,,,,,,,,,,,,,,,  -   ,  -   
05-Jan-24,00:00 - 00:59,,,,,,,,,,,,,,,,,,,,,,,,,,,  -   ,  -   
05-Jan-24,01:00 - 01:59,,,,,,,,,,,,,,,,,,,,,,,,,,,  -   ,  -   
05-Jan-24,03:00 - 03:59,,,,,,,,,,,,,,,,,,,,,,,,,,,  -   ,  -   
,TOTAL,"41,393","40,232","22,474","20,045","25,151","24,462","45,165","51,827","8,509","8,854","28,035","30,002","47,173","46,061","26,428","25,085","32,975","32,091","10,109","9,992","32,383","38,477","26,611","15,604","55,808","58,538","  402,214 ","  401,270 "
,,,,,,,,,,,,,,,,,,,,,,,,,,,,,
,,,,,,,,,,,,,,,,,,,,,,,,,,,,,
,"Saturday, January 06, 2024",,,,,,,,,,,,,,,,,,,,,,,,,,,,
,,,,,,,,,,,,,,,,,,,,,,,,,,,,,
,TIME,North Ave,,Quezon Ave,,GMA Kamuning,,Cubao,,Santolan,,Ortigas,,Shaw Blvd,,Boni Ave,,Guadalupe,,Buendia,,Ayala Ave,,Magallanes,,Taft,, Total ,
,,Entry,Exit,Entry,Exit,Entry,Exit,Entry,Exit,Entry,Exit,Entry,Exit,Entry,Exit,Entry,Exit,Entry,Exit,Entry,Exit,Entry,Exit,Entry,Exit,Entry,Exit, Entry , Exit 
06-Jan-24,03:00 - 03:59,,,,,,,,,,,,,,,,,,,,,,,,,,,  -   ,  -   
06-Jan-24,04:00 - 04:59,299,0,302,0,409,5,411,29,12,21,40,70,176,160,72,45,37,88,3,11,8,1,7,0,0,0,"  1,776 ",  430 
06-Jan-24,05:00 - 05:59,1183,511,1062,255,1483,383,1641,700,78,242,338,807,1281,1441,643,665,1058,823,93,422,516,944,688,566,1829,1284,"  11,893 ","  9,043 "
06-Jan-24,06:00 - 06:59,1657,1444,1141,858,1533,911,2229,1897,152,503,845,1370,2217,2172,1439,1105,1798,1340,289,730,1020,1631,1118,849,2538,2287,"  17,976 ","  17,097 "
06-Jan-24,07:00 - 07:59,1952,1578,1073,1049,1575,1071,2393,2223,154,555,923,1628,2393,2555,1396,1114,1975,1518,364,605,1241,1784,1207,961,2711,2596,"  19,357 ","  19,237 "
06-Jan-24,08:00 - 08:59,2065,1368,1202,767,1299,801,2423,2113,166,606,752,1523,2001,2311,1185,963,1846,1380,256,532,1031,1945,1101,834,2624,2619,"  17,951 ","  17,762 "
06-Jan-24,09:00 - 09:59,2035,1612,1228,717,1258,674,2554,1978,206,659,673,1632,1890,2713,1043,790,1830,1340,185,323,914,2335,1080,662,2709,2686,"  17,605 ","  18,121 "
06-Jan-24,10:00 - 10:59,1811,1546,913,571,1057,637,2226,1987,205,541,480,1337,1675,2004,1058,672,1606,1167,167,245,831,1805,984,495,2454,2402,"  15,467 ","  15,409 "
06-Jan-24,11:00 - 11:59,1980,1814,1037,651,1113,603,2408,2068,269,486,532,1435,1728,2197,1043,638,1755,1214,211,242,928,2325,973,427,2824,2249,"  16,801 ","  16,349 "
06-Jan-24,12:00 - 12:59,1999,2024,1061,633,1253,791,2470,2257,302,427,725,1463,1905,2342,1198,740,1773,1379,233,265,1060,2146,1205,413,2978,2835,"  18,162 ","  17,715 "
06-Jan-24,13:00 - 13:59,1788,1907,861,630,963,892,2437,2425,318,377,726,1266,1765,2100,1094,737,1613,1338,240,256,954,1955,1090,466,2543,2948,"  16,392 ","  17,297 "
06-Jan-24,14:00 - 14:59,1666,1782,812,752,803,1028,2277,2480,375,363,903,985,1986,1845,1151,746,1511,1179,271,235,1176,1654,1012,421,2825,2784,"  16,768 ","  16,254 "
06-Jan-24,15:00 - 15:59,1906,2230,894,922,979,1327,2407,3016,596,320,1421,1096,2592,1919,1388,831,1631,1565,470,158,1592,1746,1293,442,2908,3215,"  20,077 ","  18,787 "
06-Jan-24,16:00 - 16:59,2244,2744,1114,1231,1116,2344,2652,3727,743,283,1836,945,3658,2284,1911,1153,2289,2300,796,234,2238,1776,1720,550,3276,3815,"  25,593 ","  23,386 "
06-Jan-24,17:00 - 17:59,2057,2867,1063,1287,1039,2739,2915,4232,781,315,1876,1063,3263,2462,1448,1298,2142,2319,628,251,2175,1802,2078,683,3606,4666,"  25,071 ","  25,984 "
06-Jan-24,18:00 - 18:59,1945,2830,798,1095,812,2265,2446,3803,607,236,1683,785,2862,2182,1375,1204,1900,2158,492,229,2181,1665,1717,582,2967,3808,"  21,785 ","  22,842 "
06-Jan-24,19:00 - 19:59,1799,2210,637,1099,632,1796,2157,3071,447,171,1511,593,2522,1802,902,1127,1399,1950,366,167,2082,1232,1137,470,2739,3261,"  18,330 ","  18,949 "
06-Jan-24,20:00 - 20:59,1744,1927,588,884,571,1454,2007,2770,385,142,1114,585,2109,1737,631,1181,1145,1571,257,195,1703,1106,703,440,2200,2673,"  15,157 ","  16,665 "
06-Jan-24,21:00 - 21:59,669,1121,293,804,259,1126,1111,2130,335,95,954,410,2042,1394,432,1076,871,1414,189,174,1864,967,485,347,1798,2050,"  11,302 ","  13,108 "
06-Jan-24,22:00 - 22:59,0,957,3,549,11,654,101,1049,132,49,680,93,367,202,125,199,170,154,35,3,342,11,41,2,46,162,"  2,053 ","  4,084 "
06-Jan-24,23:00 - 23:59,,,,,,,,,,,,,,,,,,,,,,,,,,,  -   ,  -   
06-Jan-24,00:00 - 00:59,,,,,,,,,,,,,,,,,,,,,,,,,,,  -   ,  -   
06-Jan-24,01:00 - 01:59,,,,,,,,,,,,,,,,,,,,,,,,,,,  -   ,  -   
06-Jan-24,02:00 - 02:59,,,,,,,,,,,,,,,,,,,,,,,,,,,  -   ,  -   
,TOTAL,"30,799","32,472","16,082","14,754","18,165","21,501","39,265","43,955","6,263","6,391","18,012","19,086","38,432","35,822","19,534","16,284","28,349","26,197","5,545","5,277","23,856","28,830","19,639","9,610","45,575","48,340","  309,516 ","  308,519 "
,,,,,,,,,,,,,,,,,,,,,,,,,,,,,
,,,,,,,,,,,,,,,,,,,,,,,,,,,,,
,"Sunday, January 07, 2024",,,,,,,,,,,,,,,,,,,,,,,,,,,,
,,,,,,,,,,,,,,,,,,,,,,,,,,,,,
,TIME,North Ave,,Quezon Ave,,GMA Kamuning,,Cubao,,Santolan,,Ortigas,,Shaw Blvd,,Boni Ave,,Guadalupe,,Buendia,,Ayala Ave,,Magallanes,,Taft,, Total ,
,,Entry,Exit,Entry,Exit,Entry,Exit,Entry,Exit,Entry,Exit,Entry,Exit,Entry,Exit,Entry,Exit,Entry,Exit,Entry,Exit,Entry,Exit,Entry,Exit,Entry,Exit, Entry , Exit 
07-Jan-24,03:00 - 03:59,,,,,,,,,,,,,,,,,,,,,,,,,,,  -   ,  -   
07-Jan-24,04:00 - 04:59,163,0,211,2,233,4,330,24,10,15,22,58,136,84,48,38,36,69,0,12,8,3,3,0,0,0,"  1,200 ",  309 
07-Jan-24,05:00 - 05:59,615,271,530,149,814,252,1033,438,36,157,179,495,778,851,402,359,643,490,73,242,292,652,391,253,1231,997,"  7,017 ","  5,606 "
07-Jan-24,06:00 - 06:59,810,713,524,481,827,643,1213,1077,84,180,394,661,1299,1131,639,522,913,781,218,259,506,871,640,376,1537,1347,"  9,604 ","  9,042 "
07-Jan-24,07:00 - 07:59,895,967,564,506,715,706,1399,1278,144,202,406,731,1403,1209,816,501,1137,884,241,207,659,1001,646,362,1785,1896,"  10,810 ","  10,450 "
07-Jan-24,08:00 - 08:59,1412,932,830,549,917,682,1736,1516,126,270,356,914,1386,1473,785,543,1422,871,176,214,604,1328,682,391,2168,1917,"  12,600 ","  11,600 "
07-Jan-24,09:00 - 09:59,1617,1150,811,483,891,534,2085,1535,153,544,367,1295,1326,2214,890,496,1610,980,109,170,511,1910,821,371,2398,2217,"  13,589 ","  13,899 "
07-Jan-24,10:00 - 10:59,1461,1187,756,439,927,535,1906,1643,139,405,313,997,1339,1618,919,530,1480,895,89,161,564,1628,645,279,2383,2201,"  12,921 ","  12,518 "
07-Jan-24,11:00 - 11:59,1759,1405,886,487,944,564,2206,1802,179,367,359,1213,1417,1968,928,515,1476,1118,126,143,577,1831,837,284,2720,2229,"  14,414 ","  13,926 "
07-Jan-24,12:00 - 12:59,1652,1510,960,508,977,538,2326,1631,216,392,475,1366,1434,1930,922,609,1519,1189,102,179,717,2102,733,284,2710,2431,"  14,743 ","  14,669 "
07-Jan-24,13:00 - 13:59,1587,1385,717,578,909,576,2166,1865,284,330,527,1200,1452,1997,912,706,1462,1203,130,172,834,1724,807,315,2609,2627,"  14,396 ","  14,678 "
07-Jan-24,14:00 - 14:59,1528,1625,707,497,797,642,2162,2091,293,269,671,889,1700,1617,955,677,1440,1292,141,128,1021,1482,801,299,2647,2688,"  14,863 ","  14,196 "
07-Jan-24,15:00 - 15:59,1781,1762,757,753,902,850,2206,2515,340,285,885,959,2069,1653,1035,871,1381,1619,205,161,1454,1506,758,379,2982,2932,"  16,755 ","  16,245 "
07-Jan-24,16:00 - 16:59,1972,1966,705,720,887,1050,2304,2546,410,275,1194,885,1979,1894,1088,987,1488,1787,254,201,1376,1519,795,430,2929,2967,"  17,381 ","  17,227 "
07-Jan-24,17:00 - 17:59,1885,1700,743,686,916,1032,2297,2593,361,240,1142,772,1921,1963,935,1125,1445,1919,251,245,1573,1501,866,520,3091,2886,"  17,426 ","  17,182 "
07-Jan-24,18:00 - 18:59,1956,1873,668,821,814,1190,2369,2597,455,168,1302,657,2118,1926,848,1293,1210,2042,188,213,1747,1377,740,529,2915,2725,"  17,330 ","  17,411 "
07-Jan-24,19:00 - 19:59,2135,1713,623,912,676,1165,2163,2563,377,169,1142,535,2039,1833,678,1372,1088,1972,203,215,1839,1137,697,486,2661,2933,"  16,321 ","  17,005 "
07-Jan-24,20:00 - 20:59,1848,1551,605,757,740,906,2247,2095,303,122,1018,533,1796,1668,512,1204,818,1695,119,203,1660,1150,542,511,2165,2330,"  14,373 ","  14,725 "
07-Jan-24,21:00 - 21:59,696,1245,221,754,247,973,1178,1764,286,71,923,389,1721,1397,373,1092,833,1520,121,180,1643,877,440,405,1676,2268,"  10,358 ","  12,935 "
07-Jan-24,22:00 - 22:59,0,705,3,450,14,573,57,768,116,38,587,60,348,193,85,189,146,125,11,4,279,25,32,32,31,100,"  1,709 ","  3,262 "
07-Jan-24,23:00 - 23:59,,,,,,,,,,,,,,,,,,,,,,,,,,,  -   ,  -   
07-Jan-24,00:00 - 00:59,,,,,,,,,,,,,,,,,,,,,,,,,,,  -   ,  -   
07-Jan-24,01:00 - 01:59,,,,,,,,,,,,,,,,,,,,,,,,,,,  -   ,  -   
07-Jan-24,02:00 - 02:59,,,,,,,,,,,,,,,,,,,,,,,,,,,  -   ,  -   
,TOTAL,"25,772","23,660","11,821","10,532","14,147","13,415","33,383","32,341","4,312","4,499","12,262","14,609","27,661","28,619","13,770","13,629","21,547","22,451","2,757","3,309","17,864","23,624","11,876","6,506","40,638","39,691","  237,810 ","  236,885 "
,,,,,,,,,,,,,,,,,,,,,,,,,,,,,
,,,,,,,,,,,,,,,,,,,,,,,,,,,,,
,"Monday, January 08, 2024",,,,,,,,,,,,,,,,,,,,,,,,,,,,
,,,,,,,,,,,,,,,,,,,,,,,,,,,,,
,TIME,North Ave,,Quezon Ave,,GMA Kamuning,,Cubao,,Santolan,,Ortigas,,Shaw Blvd,,Boni Ave,,Guadalupe,,Buendia,,Ayala Ave,,Magallanes,,Taft,, Total ,
,,Entry,Exit,Entry,Exit,Entry,Exit,Entry,Exit,Entry,Exit,Entry,Exit,Entry,Exit,Entry,Exit,Entry,Exit,Entry,Exit,Entry,Exit,Entry,Exit,Entry,Exit, Entry , Exit 
08-Jan-24,03:00 - 03:59,,,,,,,,,,,,,,,,,,,,,,,,,,,  -   ,  -   
08-Jan-24,04:00 - 04:59,866,1,659,3,1379,7,1010,49,20,42,84,198,465,400,89,161,55,271,2,90,10,242,4,110,3,0,"  4,646 ","  1,574 "
08-Jan-24,05:00 - 05:59,2790,634,1594,384,2783,362,2691,754,125,413,371,1655,1932,2556,848,1135,1485,1395,100,747,589,1962,1219,1067,2846,2279,"  19,373 ","  15,343 "
08-Jan-24,06:00 - 06:59,5302,1417,2256,1256,3240,1263,3895,2029,237,961,658,3018,2664,4098,1671,1917,2499,2038,279,1444,853,3400,2122,1824,4908,2934,"  30,584 ","  27,599 "
08-Jan-24,07:00 - 07:59,4908,1348,2148,1556,3125,1229,3802,2298,375,1154,757,4147,2810,4817,2481,2147,3265,2131,379,1856,1124,3708,2212,2189,5359,2980,"  32,745 ","  31,560 "
08-Jan-24,08:00 - 08:59,4527,1350,2031,1357,2350,1128,3817,2370,337,1153,743,4348,2246,4971,1913,2391,2752,2086,263,1698,948,3878,2136,2403,4941,3284,"  29,004 ","  32,417 "
08-Jan-24,09:00 - 09:59,3301,1328,1506,993,2013,963,3229,2084,285,1017,740,2927,2099,3770,1213,1805,2212,1743,251,837,898,2890,1710,1341,4003,2800,"  23,460 ","  24,498 "
08-Jan-24,10:00 - 10:59,2123,1243,1169,807,1611,847,2531,2017,327,741,751,1889,1812,2635,1112,1211,1672,1366,256,578,807,2479,1361,1038,3409,3023,"  18,941 ","  19,874 "
08-Jan-24,11:00 - 11:59,2124,1426,1144,758,1384,844,2574,2059,341,594,871,1839,1901,2441,1091,1074,1706,1435,258,393,908,2199,1244,782,3372,2673,"  18,918 ","  18,517 "
08-Jan-24,12:00 - 12:59,2018,1645,1110,804,1318,899,2490,2181,415,455,902,1687,1810,2390,1138,1094,1640,1472,362,469,1019,2212,1188,758,3023,3145,"  18,433 ","  19,211 "
08-Jan-24,13:00 - 13:59,1764,1450,934,794,1035,846,2095,2191,359,384,994,1383,1798,1972,1014,1007,1459,1353,321,371,901,1646,1061,622,2532,2707,"  16,267 ","  16,726 "
08-Jan-24,14:00 - 14:59,1574,1693,874,882,1075,978,2137,2580,477,350,1350,1119,1898,1885,1307,989,1429,1504,405,312,1291,1655,1263,581,2972,2850,"  18,052 ","  17,378 "
08-Jan-24,15:00 - 15:59,1543,2326,929,1060,1067,1329,2241,3090,607,310,2008,1026,2517,1934,1382,1045,1636,1785,602,277,1970,1539,1473,543,2868,3385,"  20,843 ","  19,649 "
08-Jan-24,16:00 - 16:59,1927,2905,1354,1341,1436,1976,2427,4010,798,306,2632,953,3664,2225,1775,1362,1900,2508,1258,276,2860,1876,1827,615,3501,4171,"  27,359 ","  24,524 "
08-Jan-24,17:00 - 17:59,2082,4839,1920,1807,1598,2691,2864,5266,1368,383,3977,1063,4644,2822,2394,2000,2291,3338,1787,329,3959,2228,3008,997,3972,5679,"  35,864 ","  33,442 "
08-Jan-24,18:00 - 18:59,2072,4316,1491,1632,1197,2637,2960,5492,1021,323,4204,1144,5167,3025,2433,2545,2443,3586,1599,341,4610,2408,2751,1104,3644,6261,"  35,592 ","  34,814 "
08-Jan-24,19:00 - 19:59,2352,4831,1092,2052,929,2710,2537,5386,609,287,2804,1066,3671,2788,1471,2163,2056,2919,981,272,3614,2000,1903,756,3337,5011,"  27,356 ","  32,241 "
08-Jan-24,20:00 - 20:59,2489,2332,916,1158,976,1568,2194,3256,508,191,1677,1300,2650,2639,1038,1743,1427,1933,578,340,2515,1841,1227,666,2812,3046,"  21,007 ","  22,013 "
08-Jan-24,21:00 - 21:59,905,2024,392,1071,424,1457,1165,2384,419,109,1212,826,1962,1972,723,1401,1124,1782,341,277,2413,1406,700,597,1949,2643,"  13,729 ","  17,949 "
08-Jan-24,22:00 - 22:59,0,647,2,554,16,571,57,798,57,43,656,114,377,241,183,146,145,112,33,6,164,48,52,10,41,92,"  1,783 ","  3,382 "
08-Jan-24,23:00 - 23:59,0,0,0,0,0,0,0,0,0,0,0,0,0,0,0,0,0,0,0,0,0,0,0,0,0,0,  -   ,  -   
08-Jan-24,00:00 - 00:59,,,,,,,,,,,,,,,,,,,,,,,,,,,  -   ,  -   
08-Jan-24,01:00 - 01:59,,,,,,,,,,,,,,,,,,,,,,,,,,,  -   ,  -   
08-Jan-24,02:00 - 02:59,,,,,,,,,,,,,,,,,,,,,,,,,,,  -   ,  -   
,TOTAL,"44,667","37,755","23,521","20,269","28,956","24,305","46,716","50,294","8,685","9,216","27,391","31,702","46,087","49,581","25,276","27,336","33,196","34,757","10,055","10,913","31,453","39,617","28,461","18,003","59,492","58,963","  413,956 ","  412,711 "
,,,,,,,,,,,,,,,,,,,,,,,,,,,,,
,,,,,,,,,,,,,,,,,,,,,,,,,,,,,
,"Tuesday, January 09, 2024",,,,,,,,,,,,,,,,,,,,,,,,,,,,
,,,,,,,,,,,,,,,,,,,,,,,,,,,,,
,TIME,North Ave,,Quezon Ave,,GMA Kamuning,,Cubao,,Santolan,,Ortigas,,Shaw Blvd,,Boni Ave,,Guadalupe,,Buendia,,Ayala Ave,,Magallanes,,Taft,, Total ,
,,Entry,Exit,Entry,Exit,Entry,Exit,Entry,Exit,Entry,Exit,Entry,Exit,Entry,Exit,Entry,Exit,Entry,Exit,Entry,Exit,Entry,Exit,Entry,Exit,Entry,Exit, Entry , Exit 
09-Jan-24,03:00 - 03:59,,,,,,,,,,,,,,,,,,,,,,,,,,,  -   ,  -   
09-Jan-24,04:00 - 04:59,603,0,494,6,726,8,698,52,15,29,61,159,293,241,106,110,64,159,3,56,21,168,5,88,7,148,"  3,096 ","  1,224 "
09-Jan-24,05:00 - 05:59,2496,595,1587,386,2175,427,2363,838,96,325,443,1525,1650,2234,946,1064,1420,1109,96,678,646,1615,1009,804,2995,1464,"  17,922 ","  13,064 "
09-Jan-24,06:00 - 06:59,4515,1604,2122,1243,2676,1183,3715,2124,225,814,1057,2844,2798,3585,2059,1759,2364,1809,360,1375,1472,3169,1725,1590,4270,2890,"  29,358 ","  25,989 "
09-Jan-24,07:00 - 07:59,5410,1959,2236,1856,2949,1514,4294,2659,360,1344,1253,4507,3395,5173,2856,2549,3171,2720,493,2167,1721,4313,2182,2412,6095,3029,"  36,415 ","  36,202 "
09-Jan-24,08:00 - 08:59,4492,1507,2149,1653,2342,1284,3881,2628,288,1231,1114,4647,2731,4943,2350,2356,3031,2223,328,1687,1395,3862,2029,2149,5039,2762,"  31,169 ","  32,932 "
09-Jan-24,09:00 - 09:59,2993,1474,1667,1175,1765,948,3115,2288,273,954,952,3021,2237,3651,1547,1714,2442,1651,280,934,1050,3190,1781,1254,3853,2651,"  23,955 ","  24,905 "
09-Jan-24,10:00 - 10:59,2157,1390,1119,933,1361,856,2630,1986,298,708,793,2044,1820,2573,1109,1281,1719,1551,254,623,835,2781,1332,997,3184,2819,"  18,611 ","  20,542 "
09-Jan-24,11:00 - 11:59,1957,1608,1244,854,1404,772,2520,1907,330,524,863,1602,1787,2566,1156,1116,1641,1412,320,411,981,2526,1275,651,2959,2582,"  18,437 ","  18,531 "
09-Jan-24,12:00 - 12:59,1846,1575,1035,773,1239,758,2445,2060,367,408,874,1627,1988,2332,1175,1078,1593,1318,349,452,992,2170,1092,701,2762,2781,"  17,757 ","  18,033 "
09-Jan-24,13:00 - 13:59,1580,1279,940,732,1054,764,2064,1960,327,381,946,1168,1648,1765,1041,971,1470,1241,309,411,929,1579,945,531,2511,2780,"  15,764 ","  15,562 "
09-Jan-24,14:00 - 14:59,1525,1900,842,881,984,949,2060,2343,446,417,1177,1053,2046,1857,1291,973,1435,1508,390,323,1431,1670,1037,603,2597,2737,"  17,261 ","  17,214 "
09-Jan-24,15:00 - 15:59,1380,2187,831,993,1100,1367,2065,3015,569,301,1948,977,2629,1852,1451,946,1523,1788,557,277,2044,1578,1351,519,2711,3262,"  20,159 ","  19,062 "
09-Jan-24,16:00 - 16:59,1903,2237,1394,1130,1348,1604,2430,3457,915,270,2565,900,3286,2242,1801,1364,1949,2261,1376,287,2929,1766,1863,627,3068,4076,"  26,827 ","  22,221 "
09-Jan-24,17:00 - 17:59,1967,5416,1840,2069,1533,3117,2770,5537,1359,376,3976,964,4998,2862,2537,1930,2456,3217,1816,331,4231,2218,3047,958,3244,5776,"  35,774 ","  34,771 "
09-Jan-24,18:00 - 18:59,2104,5300,1545,2007,1245,3027,2766,6130,1074,334,4334,1030,5228,2752,2476,2462,2538,3434,1741,326,4724,2358,2796,1060,3177,6386,"  35,748 ","  36,606 "
09-Jan-24,19:00 - 19:59,2385,3862,1103,1739,910,2510,2309,5129,634,258,2995,999,3859,2563,1471,2267,2070,2718,1009,238,3716,2032,1976,784,2950,4989,"  27,387 ","  30,088 "
09-Jan-24,20:00 - 20:59,2456,2996,940,1347,853,1593,2236,3338,510,174,1789,1190,2602,2489,1160,1758,1515,1998,601,337,2984,1965,1175,712,2614,3156,"  21,435 ","  23,053 "
09-Jan-24,21:00 - 21:59,993,1684,482,1106,387,1506,1180,2686,443,119,1308,924,2133,2188,784,1487,1160,1711,385,291,2579,1435,783,588,1959,2576,"  14,576 ","  18,301 "
09-Jan-24,22:00 - 22:59,0,808,9,624,11,583,56,795,80,29,691,155,376,237,184,149,159,163,39,6,148,40,54,17,62,111,"  1,869 ","  3,717 "
09-Jan-24,23:00 - 23:59,,,,,,,,,,,,,,,,,,,,,,,,,,,  -   ,  -   
09-Jan-24,00:00 - 00:59,  -   ,  -   ,0,0,0,0,,0,0,0,0,0,0,0,0,0,0,0,0,0,0,0,0,0,0,0,  -   ,  -   
09-Jan-24,01:00 - 01:59,,,,,,,,,,,,,,,,,,,,,,,,,,,  -   ,  -   
09-Jan-24,02:00 - 02:59,,,,,,,,,,,,,,,,,,,,,,,,,,,  -   ,  -   
,TOTAL,"42,762","39,381","23,579","21,507","26,062","24,770","45,597","50,932","8,609","8,996","29,139","31,336","47,504","48,105","27,500","27,334","33,720","33,991","10,706","11,210","34,828","40,435","27,457","17,045","56,057","56,975","  413,520 ","  412,017 "
,,,,,,,,,,,,,,,,,,,,,,,,,,,,,
,,,,,,,,,,,,,,,,,,,,,,,,,,,,,
,"Wednesday, January 10, 2024",,,,,,,,,,,,,,,,,,,,,,,,,,,,
,,,,,,,,,,,,,,,,,,,,,,,,,,,,,
,TIME,North Ave,,Quezon Ave,,GMA Kamuning,,Cubao,,Santolan,,Ortigas,,Shaw Blvd,,Boni Ave,,Guadalupe,,Buendia,,Ayala Ave,,Magallanes,,Taft,, Total ,
,,Entry,Exit,Entry,Exit,Entry,Exit,Entry,Exit,Entry,Exit,Entry,Exit,Entry,Exit,Entry,Exit,Entry,Exit,Entry,Exit,Entry,Exit,Entry,Exit,Entry,Exit, Entry , Exit 
10-Jan-24,03:00 - 03:59,,,,,,,,,,,,,,,,,,,,,,,,,,,  -   ,  -   
10-Jan-24,04:00 - 04:59,632,0,484,2,612,9,651,50,19,29,73,155,259,246,116,87,61,155,1,52,22,142,8,73,7,184,"  2,945 ","  1,184 "
10-Jan-24,05:00 - 05:59,2690,623,1597,416,2148,424,2483,846,127,356,451,1554,1746,2216,927,1031,1530,1097,106,758,722,1752,1002,886,2885,1545,"  18,414 ","  13,504 "
10-Jan-24,06:00 - 06:59,4924,1699,2258,1344,2870,1362,4051,2341,270,802,1216,3043,3124,3904,2228,2034,2770,2063,375,1498,1516,3387,1970,1643,4166,3114,"  31,738 ","  28,234 "
10-Jan-24,07:00 - 07:59,5523,1950,2348,1724,2592,1557,4265,2798,394,1230,1333,4435,3657,4884,2946,2557,3527,2472,486,1920,1806,4056,2373,2196,5876,3573,"  37,126 ","  35,352 "
10-Jan-24,08:00 - 08:59,4518,1608,2158,1589,2510,1168,3726,2532,344,1201,1175,4537,2719,4841,2284,2766,3169,2183,333,1711,1303,4213,1953,2219,4963,3605,"  31,155 ","  34,173 "
10-Jan-24,09:00 - 09:59,2967,1548,1784,1183,1942,983,3104,2272,313,973,953,3122,2418,3799,1500,1931,2365,1704,307,936,1117,3436,1703,1397,3896,3159,"  24,369 ","  26,443 "
10-Jan-24,10:00 - 10:59,2110,1414,1148,832,1288,729,2575,2024,321,771,772,1828,1964,2406,1202,1419,1701,1477,252,503,915,2435,1398,799,3042,3233,"  18,688 ","  19,870 "
10-Jan-24,11:00 - 11:59,1970,1487,1113,809,1209,826,2535,2041,382,539,841,1658,1917,2450,1257,1033,1724,1420,304,510,953,2420,1262,797,3116,2852,"  18,583 ","  18,842 "
10-Jan-24,12:00 - 12:59,1908,1473,1142,782,1358,776,2368,2021,330,465,932,1537,1744,2313,1238,1130,1656,1381,336,403,1046,2133,1168,684,3107,2937,"  18,333 ","  18,035 "
10-Jan-24,13:00 - 13:59,1760,1485,968,838,1047,818,2218,2146,341,451,925,1336,1681,2045,1172,1086,1434,1294,309,394,1061,1863,1006,662,2611,2651,"  16,533 ","  17,069 "
10-Jan-24,14:00 - 14:59,1461,1636,830,816,1055,919,2170,2271,450,340,1300,1115,1983,1829,1310,1042,1476,1469,468,389,1328,1626,1175,578,2817,2917,"  17,823 ","  16,947 "
10-Jan-24,15:00 - 15:59,1427,2335,920,1141,1021,1344,2135,3188,543,332,1978,998,2779,1897,1567,1082,1531,1873,649,318,2086,1654,1438,606,3197,3238,"  21,271 ","  20,006 "
10-Jan-24,16:00 - 16:59,1800,3303,1547,1450,1471,1978,2464,3974,872,318,2742,994,3862,2419,2128,1355,2032,2405,1395,285,3189,1998,2124,684,3726,4704,"  29,352 ","  25,867 "
10-Jan-24,17:00 - 17:59,2112,4722,1825,1783,1363,2764,2820,5669,1317,355,3849,1046,4711,3009,2671,2119,2552,3342,1787,366,4269,2486,3062,925,3921,5945,"  36,259 ","  34,531 "
10-Jan-24,18:00 - 18:59,2092,5413,1528,1896,1282,3041,2964,5841,1064,382,4550,1064,5305,2990,2806,2570,2470,3720,1821,326,4778,2580,2827,1045,3759,6167,"  37,246 ","  37,035 "
10-Jan-24,19:00 - 19:59,2330,4767,1163,1991,954,2732,2639,5777,706,273,3112,1129,4087,2970,1741,2393,2174,3213,1260,302,4134,2215,1894,887,3667,5208,"  29,861 ","  33,857 "
10-Jan-24,20:00 - 20:59,2551,3027,1032,1445,895,1925,2391,3698,512,187,1955,1258,2738,2498,1220,1660,1656,1858,676,298,3197,1878,1246,742,2751,3392,"  22,820 ","  23,866 "
10-Jan-24,21:00 - 21:59,1033,1940,489,1171,430,1419,1249,2559,484,145,1358,969,2274,2312,818,1698,1244,2202,386,348,2884,1769,811,649,2101,2904,"  15,561 ","  20,085 "
10-Jan-24,22:00 - 22:59,0,835,7,642,13,716,75,908,68,24,693,167,433,234,186,179,193,114,24,12,157,41,61,49,46,182,"  1,956 ","  4,103 "
10-Jan-24,23:00 - 23:59,,,,,,,,,,,,,,,,,,,,,,,,,,,  -   ,  -   
10-Jan-24,00:00 - 00:59,,,,,,,,,,,,,,,,,,,,,,,,,,,  -   ,  -   
10-Jan-24,01:00 - 01:59,,,,,,,,,,,,,,,,,,,,,,,,,,,  -   ,  -   
10-Jan-24,02:00 - 02:59,,,,,,,,,,,,,,,,,,,,,,,,,,,  -   ,  -   
,TOTAL,"43,808","41,265","24,341","21,854","26,060","25,490","46,883","52,956","8,857","9,173","30,208","31,945","49,401","49,262","29,317","29,172","35,265","35,442","11,275","11,329","36,483","42,084","28,481","17,521","59,654","61,510","  430,033 ","  429,003 "
,,,,,,,,,,,,,,,,,,,,,,,,,,,,,
,,,,,,,,,,,,,,,,,,,,,,,,,,,,,
,"Thursday, January 11, 2024",,,,,,,,,,,,,,,,,,,,,,,,,,,,
,,,,,,,,,,,,,,,,,,,,,,,,,,,,,
,TIME,North Ave,,Quezon Ave,,GMA Kamuning,,Cubao,,Santolan,,Ortigas,,Shaw Blvd,,Boni Ave,,Guadalupe,,Buendia,,Ayala Ave,,Magallanes,,Taft,, Total ,
,,Entry,Exit,Entry,Exit,Entry,Exit,Entry,Exit,Entry,Exit,Entry,Exit,Entry,Exit,Entry,Exit,Entry,Exit,Entry,Exit,Entry,Exit,Entry,Exit,Entry,Exit, Entry , Exit 
11-Jan-24,03:00 - 03:59,,,,,,,,,,,,,,,,,,,,,,,,,,,  -   ,  -   
11-Jan-24,04:00 - 04:59,582,0,471,5,629,9,646,39,22,31,60,141,254,205,108,114,67,174,1,65,29,162,1,58,10,117,"  2,880 ","  1,120 "
11-Jan-24,05:00 - 05:59,2406,384,1543,285,1975,380,2418,785,136,306,451,1217,1705,1737,964,1030,1603,929,112,653,740,1492,1101,783,2896,1537,"  18,050 ","  11,518 "
11-Jan-24,06:00 - 06:59,4705,1948,2224,1366,2725,1321,3940,2393,249,901,1151,3157,3077,3990,2220,2256,2675,2094,374,1509,1534,3370,1928,1767,4085,3148,"  30,887 ","  29,220 "
11-Jan-24,07:00 - 07:59,5647,1917,2534,1754,2887,1436,4166,2695,393,1346,1321,4416,3485,4909,2868,2596,3536,2448,499,2027,1972,4104,2410,2235,5686,3593,"  37,404 ","  35,476 "
11-Jan-24,08:00 - 08:59,4378,1825,2191,1550,2239,1313,3659,2794,353,1223,1092,4675,2868,5007,2163,2609,3191,2170,334,1781,1360,3983,2063,2240,4731,3529,"  30,622 ","  34,699 "
11-Jan-24,09:00 - 09:59,3207,1521,1605,1136,1783,952,3184,2441,341,1150,956,2944,2301,3619,1512,1766,2341,1700,276,829,1167,3137,1585,1320,3758,2993,"  24,016 ","  25,508 "
11-Jan-24,10:00 - 10:59,2106,1375,1141,903,1311,796,2422,1984,370,695,869,1867,1809,2428,1123,1294,1734,1497,316,577,913,2505,1368,777,3212,2686,"  18,694 ","  19,384 "
11-Jan-24,11:00 - 11:59,2141,1595,1160,686,1231,753,2448,2153,373,589,876,1750,1873,2492,1137,1017,1772,1369,309,448,885,2539,1218,734,3082,2737,"  18,505 ","  18,862 "
11-Jan-24,12:00 - 12:59,2012,1529,1049,738,1252,776,2506,2143,411,450,901,1657,1792,2233,1243,990,1619,1419,310,386,1062,1928,1214,645,2776,2848,"  18,147 ","  17,742 "
11-Jan-24,13:00 - 13:59,1783,1569,922,789,1003,770,2153,1945,356,477,993,1423,1755,1903,1083,1144,1546,1336,275,413,1073,1882,1035,671,2675,3002,"  16,652 ","  17,324 "
11-Jan-24,14:00 - 14:59,1527,1710,906,869,1014,972,2051,2433,509,415,1303,1101,2010,1792,1233,994,1377,1377,510,382,1366,1626,1106,626,2607,2730,"  17,519 ","  17,027 "
11-Jan-24,15:00 - 15:59,1492,2252,915,1102,1042,1270,2152,2902,656,363,2003,1000,2618,1681,1589,1120,1424,1857,626,310,1939,1539,1344,577,2715,3415,"  20,515 ","  19,388 "
11-Jan-24,16:00 - 16:59,1802,3308,1472,1187,1354,1838,2645,3806,1009,305,2670,962,3719,2382,2017,1405,1944,2633,1394,290,3055,1952,1977,710,3464,4157,"  28,522 ","  24,935 "
11-Jan-24,17:00 - 17:59,2073,4811,1713,2009,1543,3069,2943,5805,1370,373,4023,1008,4744,2777,2668,2033,2415,3058,1811,320,4377,2239,2957,885,3731,5678,"  36,368 ","  34,065 "
11-Jan-24,18:00 - 18:59,2107,5177,1521,2056,1203,2973,2912,6183,1004,384,4237,1125,5120,3221,2742,2618,2582,3787,1759,334,4541,2567,2894,1082,3781,6395,"  36,403 ","  37,902 "
11-Jan-24,19:00 - 19:59,2388,4458,1119,1827,905,2412,2470,4802,649,261,2989,986,3808,2678,1694,2213,2105,2830,1169,278,4026,2115,1841,820,3420,5010,"  28,583 ","  30,690 "
11-Jan-24,20:00 - 20:59,2483,2908,969,1462,876,1863,2391,3739,566,196,1874,1256,2760,2521,1224,1818,1480,2084,669,327,2899,1961,1152,683,2560,3410,"  21,903 ","  24,228 "
11-Jan-24,21:00 - 21:59,1113,1896,465,1151,406,1486,1220,2573,417,126,1414,915,2161,2186,920,1519,1137,1827,431,276,2787,1549,771,684,2082,2790,"  15,324 ","  18,978 "
11-Jan-24,22:00 - 22:59,0,954,5,579,11,622,79,881,73,33,736,131,414,268,191,159,191,149,23,11,146,42,91,24,28,104,"  1,988 ","  3,957 "
11-Jan-24,23:00 - 23:59,,,,,,,,,,,,,,,,,,,,,,,,,,,  -   ,  -   
11-Jan-24,00:00 - 00:59,,,,,,,,,,,,,,,,,,,,,,,,,,,  -   ,  -   
11-Jan-24,01:00 - 01:59,,,,,,,,,,,,,,,,,,,,,,,,,,,  -   ,  -   
11-Jan-24,02:00 - 02:59,,,,,,,,,,,,,,,,,,,,,,,,,,,  -   ,  -   
,TOTAL,"43,952","41,137","23,925","21,454","25,389","25,011","46,405","52,496","9,257","9,624","29,919","31,731","48,273","48,029","28,699","28,695","34,739","34,738","11,198","11,216","35,871","40,692","28,056","17,321","57,299","59,879","  422,982 ","  422,023 "
,,,,,,,,,,,,,,,,,,,,,,,,,,,,,
,,,,,,,,,,,,,,,,,,,,,,,,,,,,,
,"Friday, January 12, 2024",,,,,,,,,,,,,,,,,,,,,,,,,,,,
,,,,,,,,,,,,,,,,,,,,,,,,,,,,,
,TIME,North Ave,,Quezon Ave,,GMA Kamuning,,Cubao,,Santolan,,Ortigas,,Shaw Blvd,,Boni Ave,,Guadalupe,,Buendia,,Ayala Ave,,Magallanes,,Taft,, Total ,
,,Entry,Exit,Entry,Exit,Entry,Exit,Entry,Exit,Entry,Exit,Entry,Exit,Entry,Exit,Entry,Exit,Entry,Exit,Entry,Exit,Entry,Exit,Entry,Exit,Entry,Exit, Entry , Exit 
12-Jan-24,03:00 - 03:59,,,,,,,,,,,,,,,,,,,,,,,,,,,  -   ,  -   
12-Jan-24,04:00 - 04:59,539,0,471,3,549,7,577,52,23,33,70,139,272,245,132,94,47,142,4,57,13,128,3,73,12,136,"  2,712 ","  1,109 "
12-Jan-24,05:00 - 05:59,2345,600,1597,398,2031,475,2124,875,111,345,441,1478,1638,2070,990,1018,1488,1031,107,701,719,1454,978,819,2703,1429,"  17,272 ","  12,693 "
12-Jan-24,06:00 - 06:59,4353,1554,2113,1161,2647,1254,3206,2154,245,796,1069,2742,2895,3606,2053,1838,2546,1925,383,1393,1458,2954,1836,1519,3907,2796,"  28,711 ","  25,692 "
12-Jan-24,07:00 - 07:59,5110,1927,2370,1817,2837,1423,4143,2802,391,1337,1353,4157,3605,4818,2718,2447,3345,2365,476,1777,1754,3691,2258,2091,5521,3699,"  35,881 ","  34,351 "
12-Jan-24,08:00 - 08:59,4035,1767,1981,1573,2232,1249,3820,2700,302,1178,1122,4242,2659,4743,2153,2353,3103,1988,363,1604,1362,3750,2116,2128,4496,3580,"  29,744 ","  32,855 "
12-Jan-24,09:00 - 09:59,3074,1527,1579,1139,1673,957,3087,2286,319,940,925,2862,2259,3738,1340,1596,2242,1580,293,827,1050,3097,1585,1193,3805,2836,"  23,231 ","  24,578 "
12-Jan-24,10:00 - 10:59,1997,1394,1154,820,1278,831,2537,2097,350,753,796,1938,1898,2522,1158,1137,1731,1444,276,494,995,2485,1249,821,2943,2727,"  18,362 ","  19,463 "
12-Jan-24,11:00 - 11:59,2114,1501,1234,758,1302,733,2397,1981,353,593,904,1685,1924,2285,1261,1069,1754,1400,334,449,961,2237,1192,686,3006,2744,"  18,736 ","  18,121 "
12-Jan-24,12:00 - 12:59,2020,1793,1177,851,1304,850,2754,2285,452,553,944,1680,1991,2451,1340,1163,1833,1479,295,435,1043,2437,1231,695,3280,3004,"  19,664 ","  19,676 "
12-Jan-24,13:00 - 13:59,1879,1791,998,777,1147,845,2406,2290,394,424,938,1475,1844,2090,1217,1152,1623,1319,325,433,1158,2025,1244,596,2538,2854,"  17,711 ","  18,071 "
12-Jan-24,14:00 - 14:59,1659,1914,985,890,1021,956,2231,2584,530,444,1372,1307,2041,2087,1403,1058,1502,1518,476,331,1361,1702,1262,627,3159,2918,"  19,002 ","  18,336 "
12-Jan-24,15:00 - 15:59,1662,2627,1054,975,1036,1382,2397,3278,629,367,2039,1113,3026,1970,1688,1183,1599,1803,650,268,2057,1803,1511,598,3042,3973,"  22,390 ","  21,340 "
12-Jan-24,16:00 - 16:59,1979,3412,1545,1478,1504,2025,2661,4361,993,352,2744,1116,3876,2401,2045,1362,2058,2473,1331,273,3032,2177,2210,666,3342,4419,"  29,320 ","  26,515 "
12-Jan-24,17:00 - 17:59,2305,4991,1966,1729,1648,3059,3190,5869,1377,419,3988,1248,5001,3151,2801,1900,2619,3097,1872,353,3884,2531,3016,943,4126,5962,"  37,793 ","  35,252 "
12-Jan-24,18:00 - 18:59,2387,5405,1523,1899,1275,3009,3085,6575,1131,360,3948,1068,5178,2840,2686,2199,2688,3211,1611,311,4480,2649,2794,975,3785,6891,"  36,571 ","  37,392 "
12-Jan-24,19:00 - 19:59,2406,4495,1170,1834,959,2601,2731,5544,702,268,2922,1103,4081,2768,1836,2161,2155,3087,1089,269,3710,2206,2057,761,3492,5209,"  29,310 ","  32,306 "
12-Jan-24,20:00 - 20:59,2583,3042,984,1439,916,1943,2521,3902,515,185,1965,1177,3022,2544,1175,1784,1834,2006,569,324,3023,1944,1393,643,2914,3806,"  23,414 ","  24,739 "
12-Jan-24,21:00 - 21:59,1087,2183,460,1149,452,1486,1342,2617,383,148,1493,945,2444,2137,874,1486,1225,1773,377,275,2419,1617,806,566,2082,2982,"  15,444 ","  19,364 "
12-Jan-24,22:00 - 22:59,0,928,8,781,7,861,149,1119,116,40,763,142,470,295,214,240,193,190,20,14,360,47,72,45,87,189,"  2,459 ","  4,891 "
12-Jan-24,23:00 - 23:59,,,,,,,,,,,,,,,,,,,,,,,,,,,  -   ,  -   
12-Jan-24,00:00 - 00:59,,,,,,,,,,,,,,,,,,,,,,,,,,,  -   ,  -   
12-Jan-24,01:00 - 01:59,,,,,,,,,,,,,,,,,,,,,,,,,,,  -   ,  -   
12-Jan-24,02:00 - 02:59,,,,,,,,,,,,,,,,,,,,,,,,,,,  -   ,  -   
,TOTAL,"43,534","42,851","24,369","21,471","25,818","25,946","47,358","55,371","9,316","9,535","29,796","31,617","50,124","48,761","29,084","27,240","35,585","33,831","10,851","10,588","34,839","40,934","28,813","16,445","58,240","62,154","  427,727 ","  426,744 "
,,,,,,,,,,,,,,,,,,,,,,,,,,,,,
,,,,,,,,,,,,,,,,,,,,,,,,,,,,,
,"Saturday, January 13, 2024",,,,,,,,,,,,,,,,,,,,,,,,,,,,
,,,,,,,,,,,,,,,,,,,,,,,,,,,,,
,TIME,North Ave,,Quezon Ave,,GMA Kamuning,,Cubao,,Santolan,,Ortigas,,Shaw Blvd,,Boni Ave,,Guadalupe,,Buendia,,Ayala Ave,,Magallanes,,Taft,, Total ,
,,Entry,Exit,Entry,Exit,Entry,Exit,Entry,Exit,Entry,Exit,Entry,Exit,Entry,Exit,Entry,Exit,Entry,Exit,Entry,Exit,Entry,Exit,Entry,Exit,Entry,Exit, Entry , Exit 
13-Jan-24,03:00 - 03:59,,,,,,,,,,,,,,,,,,,,,,,,,,,  -   ,  -   
13-Jan-24,04:00 - 04:59,312,0,318,1,454,6,414,31,10,22,23,79,212,143,90,53,50,82,1,34,14,14,1,0,0,0,"  1,899 ",  465 
13-Jan-24,05:00 - 05:59,1368,540,1035,298,1564,398,1706,767,78,251,356,883,1355,1561,841,718,1108,832,75,471,527,919,693,522,1957,1260,"  12,663 ","  9,420 "
13-Jan-24,06:00 - 06:59,1755,1610,1168,820,1740,956,2361,1893,147,571,862,1410,2192,2412,1497,1290,1944,1353,312,718,1122,1683,1170,937,2516,2750,"  18,786 ","  18,403 "
13-Jan-24,07:00 - 07:59,2123,1670,1238,1063,1541,1081,2505,2452,184,626,974,1630,2550,2587,1437,1282,2205,1416,348,720,1283,1851,1255,969,2880,2684,"  20,523 ","  20,031 "
13-Jan-24,08:00 - 08:59,2081,1602,1154,853,1354,905,2465,2254,197,592,705,1641,2120,2520,1344,1239,2066,1283,276,496,980,2010,1191,803,2697,2700,"  18,630 ","  18,898 "
13-Jan-24,09:00 - 09:59,2139,1625,1130,773,1140,711,2604,2185,205,728,694,1604,1932,2685,1462,969,2045,1265,190,331,919,2526,1043,652,2687,2587,"  18,190 ","  18,641 "
13-Jan-24,10:00 - 10:59,1751,1734,932,558,1019,674,2314,2025,231,501,555,1318,1671,1992,1395,817,1763,1118,226,229,873,1925,991,489,2468,2546,"  16,189 ","  15,926 "
13-Jan-24,11:00 - 11:59,1996,1972,1105,651,1027,632,2503,2122,300,508,594,1416,1945,2288,1385,709,1837,1236,233,274,902,2268,1138,407,2771,2809,"  17,736 ","  17,292 "
13-Jan-24,12:00 - 12:59,2133,2105,1109,610,1055,860,2571,2277,318,474,791,1494,1974,2319,1386,857,1954,1247,252,265,1155,2351,1307,442,2972,2837,"  18,977 ","  18,138 "
13-Jan-24,13:00 - 13:59,1885,2114,902,790,1002,1124,2441,2784,390,434,697,1232,1941,2109,1223,953,1889,1327,267,259,1161,1906,1138,506,2811,2918,"  17,747 ","  18,456 "
13-Jan-24,14:00 - 14:59,1589,1938,831,818,892,992,2458,2528,419,399,978,1062,2174,1950,1378,922,1616,1313,334,202,1279,1696,1076,450,2807,3111,"  17,831 ","  17,381 "
13-Jan-24,15:00 - 15:59,1739,2487,847,931,907,1547,2431,3230,580,320,1489,1052,2749,1980,1520,865,1820,1609,456,187,1719,1742,1308,397,2822,3277,"  20,387 ","  19,624 "
13-Jan-24,16:00 - 16:59,2260,2871,1115,1110,1001,2268,2866,3679,804,267,1865,965,3811,2291,1875,1086,2116,2285,935,194,2417,1819,1910,602,3569,4275,"  26,544 ","  23,712 "
13-Jan-24,17:00 - 17:59,2428,3172,1085,1291,1148,3093,2918,4738,840,315,2117,1040,3788,2691,1762,1283,2392,2507,740,246,2209,2190,2233,686,3655,4720,"  27,315 ","  27,972 "
13-Jan-24,18:00 - 18:59,2203,3184,891,1172,889,2572,2719,4123,566,267,1721,870,3166,2406,1499,1288,1922,2277,558,245,2432,1699,1798,631,3605,3943,"  23,969 ","  24,677 "
13-Jan-24,19:00 - 19:59,1861,2463,689,1187,624,2208,2229,3783,511,170,1563,658,2688,1910,1048,1394,1516,2055,400,217,2227,1472,1444,538,2940,3741,"  19,740 ","  21,796 "
13-Jan-24,20:00 - 20:59,1823,1799,570,946,567,1514,1986,2634,419,155,1100,587,2211,1755,699,1163,1159,1741,238,198,1899,1172,866,402,2389,2621,"  15,926 ","  16,687 "
13-Jan-24,21:00 - 21:59,684,1479,290,891,227,1254,1030,2135,316,115,961,432,1831,1421,480,1044,864,1462,166,175,1781,917,580,406,1893,2077,"  11,103 ","  13,808 "
13-Jan-24,22:00 - 22:59,0,828,5,522,7,707,106,933,132,34,662,82,405,221,134,238,155,146,28,8,326,12,26,7,37,131,"  2,023 ","  3,869 "
13-Jan-24,23:00 - 23:59,,,,,,,,,,,,,,,,,,,,,,,,,,,  -   ,  -   
13-Jan-24,00:00 - 00:59,,,,,,,,,,,,,,,,,,,,,,,,,,,  -   ,  -   
13-Jan-24,01:00 - 01:59,,,,,,,,,,,,,,,,,,,,,,,,,,,  -   ,  -   
13-Jan-24,02:00 - 02:59,,,,,,,,,,,,,,,,,,,,,,,,,,,  -   ,  -   
,TOTAL,"32,130","35,193","16,414","15,285","18,158","23,502","40,627","46,573","6,647","6,749","18,707","19,455","40,715","37,241","22,455","18,170","30,421","26,554","6,035","5,469","25,225","30,172","21,168","9,846","47,476","50,987","  326,178 ","  325,196 "
,,,,,,,,,,,,,,,,,,,,,,,,,,,,,
,,,,,,,,,,,,,,,,,,,,,,,,,,,,,
,"Sunday, January 14, 2024",,,,,,,,,,,,,,,,,,,,,,,,,,,,
,,,,,,,,,,,,,,,,,,,,,,,,,,,,,
,TIME,North Ave,,Quezon Ave,,GMA Kamuning,,Cubao,,Santolan,,Ortigas,,Shaw Blvd,,Boni Ave,,Guadalupe,,Buendia,,Ayala Ave,,Magallanes,,Taft,, Total ,
,,Entry,Exit,Entry,Exit,Entry,Exit,Entry,Exit,Entry,Exit,Entry,Exit,Entry,Exit,Entry,Exit,Entry,Exit,Entry,Exit,Entry,Exit,Entry,Exit,Entry,Exit, Entry , Exit 
14-Jan-24,03:00 - 03:59,,,,,,,,,,,,,,,,,,,,,,,,,,,  -   ,  -   
14-Jan-24,04:00 - 04:59,200,0,215,3,329,2,263,19,10,21,25,45,162,107,37,36,26,57,1,37,6,26,5,0,0,0,"  1,279 ",  353 
14-Jan-24,05:00 - 05:59,706,273,535,195,801,290,938,497,52,166,154,436,764,848,433,385,747,465,71,276,278,605,463,279,1226,959,"  7,168 ","  5,674 "
14-Jan-24,06:00 - 06:59,845,707,526,436,840,589,1211,1036,82,192,378,637,1180,1228,653,546,948,744,199,269,559,892,641,357,1467,1447,"  9,529 ","  9,080 "
14-Jan-24,07:00 - 07:59,1035,929,594,619,789,613,1375,1304,131,240,421,739,1320,1329,753,526,1170,840,227,198,737,1048,632,345,1777,1697,"  10,961 ","  10,427 "
14-Jan-24,08:00 - 08:59,1348,1090,705,536,993,640,1712,1663,121,315,335,897,1341,1663,930,526,1455,858,175,204,634,1284,759,400,2077,1819,"  12,585 ","  11,895 "
14-Jan-24,09:00 - 09:59,1587,1087,856,513,1088,524,1947,1640,117,497,321,1277,1434,2206,954,534,1609,998,120,151,602,2000,807,357,2443,1970,"  13,885 ","  13,754 "
14-Jan-24,10:00 - 10:59,1518,1262,821,490,832,545,1899,1710,141,452,299,1020,1326,1728,927,451,1510,936,117,183,645,1750,716,239,2302,2435,"  13,053 ","  13,201 "
14-Jan-24,11:00 - 11:59,1582,1407,806,526,953,504,2192,1713,164,387,399,1208,1710,2095,1012,564,1624,1060,163,158,609,1908,785,240,2581,2372,"  14,580 ","  14,142 "
14-Jan-24,12:00 - 12:59,1781,1736,925,502,940,552,2300,1775,233,381,456,1346,1584,2137,971,655,1575,1159,122,193,695,1929,808,290,2784,2225,"  15,174 ","  14,880 "
14-Jan-24,13:00 - 13:59,1549,1540,833,553,783,553,2071,1836,287,308,507,1098,1492,1863,882,767,1466,1036,113,182,833,1614,731,290,2480,2562,"  14,027 ","  14,202 "
14-Jan-24,14:00 - 14:59,1647,1520,646,566,731,629,2030,2113,292,297,642,929,1629,1790,1068,716,1313,1275,198,125,1009,1273,778,328,2501,2616,"  14,484 ","  14,177 "
14-Jan-24,15:00 - 15:59,1755,1889,643,799,793,951,2236,2517,369,266,928,774,2510,1630,1020,859,1463,1581,214,158,1302,1534,752,332,2756,2849,"  16,741 ","  16,139 "
14-Jan-24,16:00 - 16:59,1989,1922,670,789,879,1173,2397,2536,371,253,1015,823,2158,1856,1022,1022,1469,1708,267,149,1428,1547,946,425,2764,3018,"  17,375 ","  17,221 "
14-Jan-24,17:00 - 17:59,2056,1772,717,706,912,1019,2441,2651,337,258,1051,841,1913,1864,947,1115,1358,1753,222,212,1502,1571,836,503,3022,2725,"  17,314 ","  16,990 "
14-Jan-24,18:00 - 18:59,1991,1774,637,806,832,1121,2355,2735,436,182,1290,662,2185,1860,828,1208,1318,1952,205,199,1849,1330,874,480,2781,2983,"  17,581 ","  17,292 "
14-Jan-24,19:00 - 19:59,2021,1802,633,970,768,1186,2165,2563,381,191,1131,563,2050,1940,674,1287,1056,1996,187,201,1928,1202,617,512,2607,2722,"  16,218 ","  17,135 "
14-Jan-24,20:00 - 20:59,1983,1410,564,729,758,1043,2147,2175,345,139,1013,522,1805,1750,470,1269,959,1706,126,224,1535,1027,533,446,2196,2376,"  14,434 ","  14,816 "
14-Jan-24,21:00 - 21:59,701,1279,235,745,272,939,1050,1792,291,120,878,385,1706,1315,400,1117,750,1481,103,182,1643,982,408,423,1725,2140,"  10,162 ","  12,900 "
14-Jan-24,22:00 - 22:59,0,724,4,439,11,639,67,814,141,36,653,59,360,239,136,214,131,158,15,1,313,11,19,25,70,113,"  1,920 ","  3,472 "
14-Jan-24,23:00 - 23:59,0,0,0,0,0,0,0,0,0,0,0,0,0,0,0,0,0,0,0,0,0,0,0,0,0,0,  -   ,  -   
14-Jan-24,00:00 - 00:59,,,,,,,,,,,,,,,,,,,,,,,,,,,  -   ,  -   
14-Jan-24,01:00 - 01:59,,,,,,,,,,,,,,,,,,,,,,,,,,,  -   ,  -   
14-Jan-24,02:00 - 02:59,,,,,,,,,,,,,,,,,,,,,,,,,,,  -   ,  -   
,TOTAL,"26,294","24,123","11,565","10,922","14,304","13,512","32,796","33,089","4,301","4,701","11,896","14,261","28,629","29,448","14,117","13,797","21,947","21,763","2,845","3,302","18,107","23,533","12,110","6,271","39,559","39,028","  238,470 ","  237,750 "
,,,,,,,,,,,,,,,,,,,,,,,,,,,,,
,,,,,,,,,,,,,,,,,,,,,,,,,,,,,
,"Monday, January 15, 2024",,,,,,,,,,,,,,,,,,,,,,,,,,,,
,,,,,,,,,,,,,,,,,,,,,,,,,,,,,
,TIME,North Ave,,Quezon Ave,,GMA Kamuning,,Cubao,,Santolan,,Ortigas,,Shaw Blvd,,Boni Ave,,Guadalupe,,Buendia,,Ayala Ave,,Magallanes,,Taft,, Total ,
,,Entry,Exit,Entry,Exit,Entry,Exit,Entry,Exit,Entry,Exit,Entry,Exit,Entry,Exit,Entry,Exit,Entry,Exit,Entry,Exit,Entry,Exit,Entry,Exit,Entry,Exit, Entry , Exit 
15-Jan-24,03:00 - 03:59,,,,,,,,,,,,,,,,,,,,,,,,,,,  -   ,  -   
15-Jan-24,04:00 - 04:59,735,0,636,3,1385,11,909,38,27,49,64,190,471,339,98,150,70,251,2,94,5,249,3,114,0,25,"  4,405 ","  1,513 "
15-Jan-24,05:00 - 05:59,3221,446,1786,422,2558,367,2781,855,131,450,365,1669,1846,2614,854,1309,1583,1403,83,825,571,1865,1227,1064,3327,2202,"  20,333 ","  15,491 "
15-Jan-24,06:00 - 06:59,5042,1535,2242,1184,3185,1177,4003,2107,259,930,643,2929,2514,4107,1757,2265,2688,2041,272,1511,900,3400,2281,1736,5018,3035,"  30,804 ","  27,957 "
15-Jan-24,07:00 - 07:59,5776,1501,2195,1623,2863,1366,4089,2556,382,1280,801,4249,2946,5095,2416,2560,3217,2487,384,1940,1100,4157,2329,2398,5915,3272,"  34,413 ","  34,484 "
15-Jan-24,08:00 - 08:59,4747,1302,2100,1298,2443,1148,3793,2520,317,1155,765,4341,2446,4953,1896,2403,2857,1979,297,1635,946,3803,1697,2149,5319,3194,"  29,623 ","  31,880 "
15-Jan-24,09:00 - 09:59,3422,1258,1678,1028,2209,860,3194,2082,276,932,801,3009,2090,3824,1327,1938,2249,1715,227,945,828,3333,1887,1529,4234,2930,"  24,422 ","  25,383 "
15-Jan-24,10:00 - 10:59,2451,1337,1200,832,1881,905,2627,2258,284,858,718,2213,1867,2770,1165,1388,1748,1479,229,561,816,2495,1591,957,3200,2868,"  19,777 ","  20,921 "
15-Jan-24,11:00 - 11:59,2301,1589,1167,776,1489,805,2525,2149,383,602,925,1744,1870,2464,1214,1282,1843,1499,287,482,852,2388,1488,845,3332,3117,"  19,676 ","  19,742 "
15-Jan-24,12:00 - 12:59,2061,1510,1179,851,1410,887,2608,2348,392,501,948,1808,1942,2450,1275,1243,1627,1512,295,446,1013,2140,1343,750,3195,2932,"  19,288 ","  19,378 "
15-Jan-24,13:00 - 13:59,1863,1511,934,753,1042,832,2363,2221,420,436,1017,1518,1893,2026,1232,1233,1505,1458,325,433,1034,1836,1167,675,2849,2975,"  17,644 ","  17,907 "
15-Jan-24,14:00 - 14:59,1714,1860,886,932,1105,1007,2308,2417,469,358,1372,1252,2048,1989,1505,1153,1488,1631,477,381,1315,1580,1135,610,2691,2938,"  18,513 ","  18,108 "
15-Jan-24,15:00 - 15:59,1562,2399,897,1041,1180,1369,2285,3277,606,395,1949,1113,2719,1930,1591,1228,1613,1866,622,252,1963,1722,1447,532,2949,3280,"  21,383 ","  20,404 "
15-Jan-24,16:00 - 16:59,1938,3143,1391,1371,1522,1872,2586,3712,896,325,2716,1005,3763,2315,1942,1421,1898,2473,1313,264,2846,1896,1882,650,3528,4169,"  28,221 ","  24,616 "
15-Jan-24,17:00 - 17:59,2129,4815,1883,1820,1682,2826,3285,5799,1370,406,3927,1141,4985,3105,2696,2094,2445,3530,1876,382,3991,2428,3049,965,3895,5711,"  37,213 ","  35,022 "
15-Jan-24,18:00 - 18:59,2285,5451,1437,1969,1315,3003,3093,6127,1036,320,4214,1130,4947,3158,2627,2628,2468,3717,1754,370,4569,2374,2840,1084,3725,6680,"  36,310 ","  38,011 "
15-Jan-24,19:00 - 19:59,2383,4252,1064,1794,947,2414,2705,5110,650,287,2929,969,3862,2656,1724,2224,2056,3148,950,266,3854,2038,1871,786,3352,4900,"  28,347 ","  30,844 "
15-Jan-24,20:00 - 20:59,2359,2757,876,1389,898,1753,2377,3493,548,189,1893,1092,2868,2644,1162,1750,1511,2346,579,332,2780,1790,1165,749,2546,3464,"  21,562 ","  23,748 "
15-Jan-24,21:00 - 21:59,951,1783,420,1119,344,1396,1197,2564,421,111,1265,783,2068,1984,766,1378,1099,1908,366,252,2491,1282,698,604,1910,2596,"  13,996 ","  17,760 "
15-Jan-24,22:00 - 22:59,0,699,7,519,12,638,72,743,52,35,683,149,383,252,198,118,156,113,38,16,116,28,79,10,53,128,"  1,849 ","  3,448 "
15-Jan-24,23:00 - 23:59,,,,,,,,,,,,,,,,,,,,,,,,,,,  -   ,  -   
15-Jan-24,00:00 - 00:59,,,,,,,,,,,,,,,,,,,,,,,,,,,  -   ,  -   
15-Jan-24,01:00 - 01:59,,,,,,,,,,,,,,,,,,,,,,,,,,,  -   ,  -   
15-Jan-24,02:00 - 02:59,,,,,,,,,,,,,,,,,,,,,,,,,,,  -   ,  -   
,TOTAL,"46,940","39,148","23,978","20,724","29,470","24,636","48,800","52,376","8,919","9,619","27,995","32,304","47,528","50,675","27,445","29,765","34,121","36,556","10,376","11,387","31,990","40,804","29,179","18,207","61,038","60,416","  427,779 ","  426,617 "
,,,,,,,,,,,,,,,,,,,,,,,,,,,,,
,,,,,,,,,,,,,,,,,,,,,,,,,,,,,
,"Tuesday, January 16, 2024",,,,,,,,,,,,,,,,,,,,,,,,,,,,
,,,,,,,,,,,,,,,,,,,,,,,,,,,,,
,TIME,North Ave,,Quezon Ave,,GMA Kamuning,,Cubao,,Santolan,,Ortigas,,Shaw Blvd,,Boni Ave,,Guadalupe,,Buendia,,Ayala Ave,,Magallanes,,Taft,, Total ,
,,Entry,Exit,Entry,Exit,Entry,Exit,Entry,Exit,Entry,Exit,Entry,Exit,Entry,Exit,Entry,Exit,Entry,Exit,Entry,Exit,Entry,Exit,Entry,Exit,Entry,Exit, Entry , Exit 
16-Jan-24,03:00 - 03:59,,,,,,,,,,,,,,,,,,,,,,,,,,,  -   ,  -   
16-Jan-24,04:00 - 04:59,670,0,527,2,751,10,716,43,44,35,50,149,326,262,101,112,65,184,1,76,29,199,1,71,6,155,"  3,287 ","  1,298 "
16-Jan-24,05:00 - 05:59,2702,670,1730,430,2128,506,2615,1000,114,357,467,1669,1731,2400,1121,1076,1576,1268,116,721,683,1819,1058,897,3140,1687,"  19,181 ","  14,500 "
16-Jan-24,06:00 - 06:59,5050,1728,2260,1401,2838,1323,3926,2186,263,802,1055,2952,3044,3663,2072,2122,2622,2061,372,1591,1373,3513,2053,1720,4327,3027,"  31,255 ","  28,089 "
16-Jan-24,07:00 - 07:59,5658,1859,2514,1792,2928,1523,4366,2767,377,1392,1174,4558,3625,5150,2798,2653,3434,2668,497,1982,1575,4283,2396,2321,5998,3455,"  37,340 ","  36,403 "
16-Jan-24,08:00 - 08:59,4346,1475,2238,1427,2351,1241,3849,2604,345,1213,907,4733,2644,5008,2149,2439,3045,2075,315,1714,1241,3990,1982,2181,5044,3160,"  30,456 ","  33,260 "
16-Jan-24,09:00 - 09:59,3172,1395,1642,1160,2010,922,3095,2308,313,1017,933,3008,2267,3660,1481,1822,2269,1703,343,925,1036,3395,1810,1327,3782,2918,"  24,153 ","  25,560 "
16-Jan-24,10:00 - 10:59,1965,1409,1129,893,1391,867,2587,2164,371,735,838,1957,1900,2639,1141,1319,1799,1491,276,533,979,2386,1371,918,3256,2878,"  19,003 ","  20,189 "
16-Jan-24,11:00 - 11:59,2158,1444,1052,735,1409,685,2522,2145,437,525,826,1569,1855,2369,1232,1127,1679,1399,339,456,872,2351,1224,708,3060,2882,"  18,665 ","  18,395 "
16-Jan-24,12:00 - 12:59,2104,1616,1087,770,1257,779,2586,2133,391,430,948,1639,1884,2234,1252,1219,1574,1456,290,450,1056,2138,1107,752,3065,2882,"  18,601 ","  18,498 "
16-Jan-24,13:00 - 13:59,1742,1282,978,803,1074,859,2186,2173,395,400,1001,1308,1705,2010,1066,1084,1541,1299,309,425,1021,1840,1105,676,2522,2627,"  16,645 ","  16,786 "
16-Jan-24,14:00 - 14:59,1518,1497,895,837,1003,967,2121,2429,433,355,1284,1196,1966,1863,1377,1014,1552,1424,484,349,1392,1602,1195,556,2620,3015,"  17,840 ","  17,104 "
16-Jan-24,15:00 - 15:59,1479,2494,945,1093,1081,1358,2218,3179,563,357,2108,1129,2655,2000,1570,1163,1528,1917,641,301,1976,1617,1281,551,3007,3426,"  21,052 ","  20,585 "
16-Jan-24,16:00 - 16:59,1843,3100,1519,1329,1406,1970,2602,3992,951,352,2768,1009,3673,2208,1971,1423,2002,2525,1449,269,3081,1987,2071,708,3219,4287,"  28,555 ","  25,159 "
16-Jan-24,17:00 - 17:59,2097,4443,1939,1853,1686,2795,3081,5220,1334,375,4177,1091,4993,2864,2593,2005,2511,3115,1949,341,4272,2277,2993,991,3760,5641,"  37,385 ","  33,011 "
16-Jan-24,18:00 - 18:59,2193,5603,1498,1951,1271,2804,2995,5930,1051,354,4238,1124,5014,2905,2770,2394,2530,3953,1694,350,4793,2518,2951,1063,3970,6547,"  36,968 ","  37,496 "
16-Jan-24,19:00 - 19:59,2566,4822,1158,2078,869,2981,2754,5932,634,318,2998,1126,4233,3023,1821,2603,2335,3233,1104,291,3817,2344,1924,819,3422,5457,"  29,635 ","  35,027 "
16-Jan-24,20:00 - 20:59,2701,3021,978,1547,927,1717,2445,3620,535,202,1908,1309,2854,2589,1294,1947,1587,2170,711,354,3129,1939,1186,709,2635,3412,"  22,890 ","  24,536 "
16-Jan-24,21:00 - 21:59,987,1879,489,1124,436,1436,1238,2594,488,127,1402,920,2171,2216,889,1432,1213,1950,369,301,2679,1665,803,647,2079,2956,"  15,243 ","  19,247 "
16-Jan-24,22:00 - 22:59,0,830,3,648,9,678,84,865,48,34,707,161,392,282,180,147,174,134,39,13,133,29,87,16,55,55,"  1,911 ","  3,892 "
16-Jan-24,23:00 - 23:59,0,0,0,0,0,0,0,0,0,0,0,0,0,0,0,0,0,0,0,0,0,0,0,0,0,0,  -   ,  -   
16-Jan-24,00:00 - 00:59,,,,,,,,,,,,,,,,,,,,,,,,,,,  -   ,  -   
16-Jan-24,01:00 - 01:59,,,,,,,,,,,,,,,,,,,,,,,,,,,  -   ,  -   
16-Jan-24,02:00 - 02:59,,,,,,,,,,,,,,,,,,,,,,,,,,,  -   ,  -   
,TOTAL,"44,951","40,567","24,581","21,873","26,825","25,421","47,986","53,284","9,087","9,380","29,789","32,607","48,932","49,345","28,878","29,101","35,036","36,025","11,298","11,442","35,137","41,892","28,598","17,631","58,967","60,467","  430,065 ","  429,035 "
,,,,,,,,,,,,,,,,,,,,,,,,,,,,,
,,,,,,,,,,,,,,,,,,,,,,,,,,,,,
,"Wednesday, January 17, 2024",,,,,,,,,,,,,,,,,,,,,,,,,,,,
,,,,,,,,,,,,,,,,,,,,,,,,,,,,,
,TIME,North Ave,,Quezon Ave,,GMA Kamuning,,Cubao,,Santolan,,Ortigas,,Shaw Blvd,,Boni Ave,,Guadalupe,,Buendia,,Ayala Ave,,Magallanes,,Taft,, Total ,
,,Entry,Exit,Entry,Exit,Entry,Exit,Entry,Exit,Entry,Exit,Entry,Exit,Entry,Exit,Entry,Exit,Entry,Exit,Entry,Exit,Entry,Exit,Entry,Exit,Entry,Exit, Entry , Exit 
17-Jan-24,03:00 - 03:59,,,,,,,,,,,,,,,,,,,,,,,,,,,  -   ,  -   
17-Jan-24,04:00 - 04:59,737,0,502,4,666,10,612,50,20,27,70,148,267,218,116,116,76,180,0,70,33,195,3,68,8,133,"  3,110 ","  1,219 "
17-Jan-24,05:00 - 05:59,2707,666,1703,446,1979,432,2460,888,113,348,501,1600,1673,2266,1037,1072,1538,1100,128,729,727,1835,1061,876,2960,1616,"  18,587 ","  13,874 "
17-Jan-24,06:00 - 06:59,4916,1746,2335,1363,2729,1432,4101,2466,289,876,1255,2891,3237,3609,2277,2059,2765,1987,381,1481,1528,3367,1853,1684,4357,3344,"  32,023 ","  28,305 "
17-Jan-24,07:00 - 07:59,5754,1984,2306,1871,2736,1527,4187,2782,392,1315,1343,4619,3601,5080,2935,2639,3836,2682,510,2119,1750,4483,2185,2261,6069,3655,"  37,604 ","  37,017 "
17-Jan-24,08:00 - 08:59,4466,1711,2378,1634,2607,1242,4032,2693,336,1291,1030,4655,2926,4815,2324,2567,3110,2132,401,1795,1283,4079,1980,2204,4793,3268,"  31,666 ","  34,086 "
17-Jan-24,09:00 - 09:59,3091,1541,1705,1087,1914,931,3245,2233,318,1020,956,3225,2274,3990,1486,1876,2358,1791,272,852,1130,3309,1896,1248,3942,3316,"  24,587 ","  26,419 "
17-Jan-24,10:00 - 10:59,2181,1393,1153,928,1329,780,2433,2069,303,739,831,2016,1935,2372,1139,1291,1685,1398,268,545,986,2578,1462,880,3274,2908,"  18,979 ","  19,897 "
17-Jan-24,11:00 - 11:59,2086,1368,1171,719,1279,787,2326,2177,370,516,881,1701,1826,2546,1149,1134,1661,1416,329,415,994,2230,1236,652,3225,2821,"  18,533 ","  18,482 "
17-Jan-24,12:00 - 12:59,1999,1548,1117,788,1227,829,2470,2121,371,435,999,1682,1827,2413,1289,1216,1710,1415,314,405,1020,2153,1133,633,3018,2902,"  18,494 ","  18,540 "
17-Jan-24,13:00 - 13:59,1754,1497,919,740,1082,808,2137,2102,404,364,901,1334,1689,2096,1159,1131,1578,1422,301,413,1149,1862,1156,639,2646,2918,"  16,875 ","  17,326 "
17-Jan-24,14:00 - 14:59,1551,1765,890,850,980,933,2199,2273,459,392,1362,1110,1890,1938,1497,984,1365,1482,467,345,1429,1804,1160,547,2927,3167,"  18,176 ","  17,590 "
17-Jan-24,15:00 - 15:59,1350,2302,1024,1180,966,1417,2292,3199,558,314,2111,1012,2657,1891,1551,1049,1543,1870,644,295,2202,1647,1497,547,3117,3517,"  21,512 ","  20,240 "
17-Jan-24,16:00 - 16:59,1877,3256,1405,1373,1380,1977,2487,3854,903,321,2827,1022,3796,2394,2099,1469,1967,2634,1361,314,3030,1992,1999,635,3640,4381,"  28,771 ","  25,622 "
17-Jan-24,17:00 - 17:59,2045,4883,1931,1880,1541,2977,3022,6018,1348,366,4174,1099,5154,2850,2578,2089,2469,3280,1803,324,4140,2427,3128,923,3827,6009,"  37,160 ","  35,125 "
17-Jan-24,18:00 - 18:59,2282,5494,1538,2062,1186,2883,2941,6060,1047,378,4285,1023,5326,3035,2782,2601,2756,3933,1921,352,4851,2471,2867,1064,3874,6512,"  37,656 ","  37,868 "
17-Jan-24,19:00 - 19:59,2341,4633,1208,1926,857,2656,2720,5624,703,310,3036,1057,3913,2807,1843,2384,2155,3102,1176,332,4285,2198,1887,798,3371,5251,"  29,495 ","  33,078 "
17-Jan-24,20:00 - 20:59,2582,2835,979,1449,924,1803,2423,3603,541,191,1990,1287,2896,2629,1319,1817,1602,2134,657,379,3058,2030,1215,779,2870,3592,"  23,056 ","  24,528 "
17-Jan-24,21:00 - 21:59,1047,2180,473,1190,397,1371,1230,2511,455,119,1371,909,2144,2194,917,1606,1162,1817,428,270,2799,1669,801,620,2106,2730,"  15,330 ","  19,186 "
17-Jan-24,22:00 - 22:59,0,788,4,657,7,685,75,1005,51,34,725,170,394,237,189,119,212,153,31,13,141,37,87,18,34,148,"  1,950 ","  4,064 "
17-Jan-24,23:00 - 23:59,,,,,,,,,,,,,,,,,,,,,,,,,,,  -   ,  -   
17-Jan-24,00:00 - 00:59,,,,,,,,,,,,,,,,,,,,,,,,,,,  -   ,  -   
17-Jan-24,01:00 - 01:59,,,,,,,,,,,,,,,,,,,,,,,,,,,  -   ,  -   
17-Jan-24,02:00 - 02:59,,,,,,,,,,,,,,,,,,,,,,,,,,,  -   ,  -   
,TOTAL,"44,766","41,590","24,741","22,147","25,786","25,480","47,392","53,728","8,981","9,356","30,648","32,560","49,425","49,380","29,686","29,219","35,548","35,928","11,392","11,448","36,535","42,366","28,606","17,076","60,058","62,188","  433,564 ","  432,466 "
,,,,,,,,,,,,,,,,,,,,,,,,,,,,,
,,,,,,,,,,,,,,,,,,,,,,,,,,,,,
,"Thursday, January 18, 2024",,,,,,,,,,,,,,,,,,,,,,,,,,,,
,,,,,,,,,,,,,,,,,,,,,,,,,,,,,
,TIME,North Ave,,Quezon Ave,,GMA Kamuning,,Cubao,,Santolan,,Ortigas,,Shaw Blvd,,Boni Ave,,Guadalupe,,Buendia,,Ayala Ave,,Magallanes,,Taft,, Total ,
,,Entry,Exit,Entry,Exit,Entry,Exit,Entry,Exit,Entry,Exit,Entry,Exit,Entry,Exit,Entry,Exit,Entry,Exit,Entry,Exit,Entry,Exit,Entry,Exit,Entry,Exit, Entry , Exit 
18-Jan-24,03:00 - 03:59,,,,,,,,,,,,,,,,,,,,,,,,,,,  -   ,  -   
18-Jan-24,04:00 - 04:59,620,0,492,4,688,10,633,46,22,29,73,132,254,242,110,106,59,137,0,67,15,168,3,56,12,135,"  2,981 ","  1,132 "
18-Jan-24,05:00 - 05:59,2625,592,1635,442,2140,490,2431,1067,137,360,438,1630,1654,2188,1080,1081,1590,1122,132,721,802,1764,1052,867,2992,1591,"  18,708 ","  13,915 "
18-Jan-24,06:00 - 06:59,5008,1912,2184,1346,2865,1303,3926,2373,269,889,1192,2959,3079,3809,2234,2214,2886,2063,380,1575,1573,3451,2058,1654,4210,3155,"  31,864 ","  28,703 "
18-Jan-24,07:00 - 07:59,5376,1985,2509,1799,2588,1485,4304,2906,346,1323,1352,4528,3618,5123,2919,2546,3590,2615,490,2123,1826,4359,2308,2382,6116,3615,"  37,342 ","  36,789 "
18-Jan-24,08:00 - 08:59,4448,1630,2216,1600,2360,1291,3772,2867,322,1149,1103,4573,2765,4861,2215,2584,3141,2109,372,1721,1343,3894,2083,2035,4756,3342,"  30,896 ","  33,656 "
18-Jan-24,09:00 - 09:59,3081,1583,1613,1039,1909,878,3129,2342,297,1070,951,2935,2272,3546,1414,1897,2393,1692,260,837,1187,3295,1720,1339,3786,3020,"  24,012 ","  25,473 "
18-Jan-24,10:00 - 10:59,2141,1422,1186,859,1264,781,2313,1986,309,675,848,1813,1877,2380,1159,1321,1602,1288,291,499,974,2611,1283,859,3074,2794,"  18,321 ","  19,288 "
18-Jan-24,11:00 - 11:59,2271,1394,1091,766,1230,728,2462,2020,367,523,935,1647,1772,2365,1207,1048,1699,1392,305,410,913,2399,1290,684,2939,2636,"  18,481 ","  18,012 "
18-Jan-24,12:00 - 12:59,1933,1489,1176,812,1163,703,2401,1996,383,430,907,1632,1814,2344,1232,1175,1655,1398,309,396,1038,1946,1113,634,2715,2361,"  17,839 ","  17,316 "
18-Jan-24,13:00 - 13:59,1724,1458,963,711,1008,839,2202,2157,346,389,892,1367,1753,2002,1080,1123,1538,1290,289,411,1090,1918,1026,677,2668,3205,"  16,579 ","  17,547 "
18-Jan-24,14:00 - 14:59,1536,1748,876,874,1011,943,2090,2324,461,393,1335,1070,1980,1881,1393,1146,1435,1448,456,391,1489,1677,1036,605,2751,2856,"  17,849 ","  17,356 "
18-Jan-24,15:00 - 15:59,1477,2407,938,1089,926,1447,2196,3071,555,319,2030,1016,2791,1843,1614,1146,1490,1871,681,282,2149,1599,1527,518,2854,3419,"  21,228 ","  20,027 "
18-Jan-24,16:00 - 16:59,1778,3280,1481,1358,1399,1794,2542,3940,914,330,2756,985,3715,2262,2032,1516,1944,2660,1388,316,3047,1995,2112,696,3552,4319,"  28,660 ","  25,451 "
18-Jan-24,17:00 - 17:59,1946,4766,1803,1998,1470,2947,2884,5766,1391,376,4061,1153,4919,2885,2710,2090,2517,3074,1859,344,4476,2286,3025,930,3815,5571,"  36,876 ","  34,186 "
18-Jan-24,18:00 - 18:59,2082,5399,1443,1908,1146,2874,2920,6204,1036,344,4178,996,5062,2870,2684,2406,2624,3483,1723,300,4756,2237,2701,998,3529,6557,"  35,884 ","  36,576 "
18-Jan-24,19:00 - 19:59,2309,4284,1166,1828,839,2604,2670,5095,639,251,2830,1072,3932,2788,1794,2345,1938,3138,1045,302,3936,2341,1874,780,3040,4832,"  28,012 ","  31,660 "
18-Jan-24,20:00 - 20:59,2522,3123,976,1441,875,1701,2432,3460,502,203,1979,1273,2882,2658,1317,1830,1594,2116,631,320,2979,1962,1221,772,2793,3736,"  22,703 ","  24,595 "
18-Jan-24,21:00 - 21:59,973,1952,499,1216,403,1410,1213,2593,483,145,1417,880,2143,2020,925,1581,1138,1802,406,268,2703,1489,819,569,1907,2586,"  15,029 ","  18,511 "
18-Jan-24,22:00 - 22:59,0,922,6,592,13,713,91,966,53,33,725,105,421,248,189,152,167,147,32,14,154,34,80,43,51,130,"  1,982 ","  4,099 "
18-Jan-24,23:00 - 23:59,,,,,,,,,,,,,,,,,,,,,,,,,,,  -   ,  -   
18-Jan-24,00:00 - 00:59,,,,,,,,,,,,,,,,,,,,,,,,,,,  -   ,  -   
18-Jan-24,01:00 - 01:59,,,,,,,,,,,,,,,,,,,,,,,,,,,  -   ,  -   
18-Jan-24,02:00 - 02:59,,,,,,,,,,,,,,,,,,,,,,,,,,,  -   ,  -   
,TOTAL,"43,850","41,346","24,253","21,682","25,297","24,941","46,611","53,179","8,832","9,231","30,002","31,766","48,703","48,315","29,308","29,307","35,000","34,845","11,049","11,297","36,450","41,425","28,331","17,098","57,560","59,860","  425,246 ","  424,292 "
,,,,,,,,,,,,,,,,,,,,,,,,,,,,,
,,,,,,,,,,,,,,,,,,,,,,,,,,,,,
,"Friday, January 19, 2024",,,,,,,,,,,,,,,,,,,,,,,,,,,,
,,,,,,,,,,,,,,,,,,,,,,,,,,,,,
,TIME,North Ave,,Quezon Ave,,GMA Kamuning,,Cubao,,Santolan,,Ortigas,,Shaw Blvd,,Boni Ave,,Guadalupe,,Buendia,,Ayala Ave,,Magallanes,,Taft,, Total ,
,,Entry,Exit,Entry,Exit,Entry,Exit,Entry,Exit,Entry,Exit,Entry,Exit,Entry,Exit,Entry,Exit,Entry,Exit,Entry,Exit,Entry,Exit,Entry,Exit,Entry,Exit, Entry , Exit 
19-Jan-24,03:00 - 03:59,,,,,,,,,,,,,,,,,,,,,,,,,,,  -   ,  -   
19-Jan-24,04:00 - 04:59,556,0,467,2,594,5,586,49,26,25,71,137,216,228,118,113,59,143,2,59,20,135,5,61,6,179,"  2,726 ","  1,136 "
19-Jan-24,05:00 - 05:59,2397,601,1567,402,1928,436,2313,920,114,374,422,1533,1685,2083,963,1016,1514,1053,133,699,683,1581,983,812,2851,1355,"  17,553 ","  12,865 "
19-Jan-24,06:00 - 06:59,4510,1801,2215,1282,2791,1268,3756,2302,247,833,923,2889,2997,3639,2210,2049,2728,2002,379,1408,1471,3122,1873,1542,4074,3036,"  30,174 ","  27,173 "
19-Jan-24,07:00 - 07:59,5237,1650,2370,1665,2658,1444,4124,2826,360,1334,1190,4399,3585,4981,2762,2402,3490,2367,442,2000,1714,4044,2199,2213,5511,3642,"  35,642 ","  34,967 "
19-Jan-24,08:00 - 08:59,3991,1865,2077,1567,2138,1299,3680,2698,334,1158,1070,4106,2733,4493,2154,2298,2905,2089,408,1524,1382,3632,1984,1976,4766,3207,"  29,622 ","  31,912 "
19-Jan-24,09:00 - 09:59,2934,1668,1614,1086,1740,857,3097,2228,279,881,937,2650,2316,3472,1470,1698,2288,1680,296,758,1084,3307,1543,1159,3724,3002,"  23,322 ","  24,446 "
19-Jan-24,10:00 - 10:59,2141,1611,1204,894,1348,828,2439,2026,321,646,886,1877,1737,2608,1185,1260,1674,1372,303,494,917,2341,1227,812,3077,2903,"  18,459 ","  19,672 "
19-Jan-24,11:00 - 11:59,2122,1600,1230,706,1341,728,2494,2120,349,517,870,1696,2025,2416,1207,1224,1761,1380,361,456,998,2226,1306,684,3143,2744,"  19,207 ","  18,497 "
19-Jan-24,12:00 - 12:59,2076,1866,1218,891,1338,787,2602,2364,378,418,907,1777,1970,2458,1337,1261,1914,1403,337,445,1104,2351,1167,774,3177,2984,"  19,525 ","  19,779 "
19-Jan-24,13:00 - 13:59,1817,1667,984,764,1079,837,2382,2307,387,423,978,1315,1817,2145,1326,1259,1643,1313,345,413,1091,2048,1229,642,2770,2838,"  17,848 ","  17,971 "
19-Jan-24,14:00 - 14:59,1726,1830,932,924,1169,1048,2346,2681,431,401,1315,1196,2256,2153,1458,1235,1489,1557,495,349,1578,1725,1266,607,2992,3094,"  19,453 ","  18,800 "
19-Jan-24,15:00 - 15:59,1529,2614,1101,1185,1054,1373,2460,3129,636,342,2015,1117,3017,1980,1750,1325,1665,1932,712,313,1998,1791,1552,560,3140,3801,"  22,629 ","  21,462 "
19-Jan-24,16:00 - 16:59,2034,3167,1621,1321,1488,2064,2807,4610,943,343,2666,1159,3858,2449,2310,1440,2103,2563,1469,313,3014,2145,2353,678,3507,4686,"  30,173 ","  26,938 "
19-Jan-24,17:00 - 17:59,2172,5146,2007,1976,1599,2950,3056,6021,1372,392,3828,1253,5127,3114,2885,1912,2628,3057,1845,365,4299,2599,3105,945,4128,6119,"  38,051 ","  35,849 "
19-Jan-24,18:00 - 18:59,2170,5485,1359,1835,1127,2977,3204,6459,1001,331,3858,1121,5282,2984,2846,2315,2677,3493,1627,307,4644,2645,2856,1033,3874,6801,"  36,525 ","  37,786 "
19-Jan-24,19:00 - 19:59,2462,4424,1123,1851,900,2753,2874,5637,631,277,2716,1176,3927,2768,1758,2064,2136,2800,935,220,3702,2174,1998,725,3422,4912,"  28,584 ","  31,781 "
19-Jan-24,20:00 - 20:59,2486,2789,944,1378,817,1801,2482,3909,478,191,1930,1117,3018,2609,1313,1720,1702,2193,588,339,2903,1929,1276,717,2754,3614,"  22,691 ","  24,306 "
19-Jan-24,21:00 - 21:59,1009,2165,431,1143,392,1584,1239,2755,373,127,1503,806,2334,1927,962,1443,1143,1631,367,253,2351,1498,868,590,2146,2812,"  15,118 ","  18,734 "
19-Jan-24,22:00 - 22:59,0,992,4,737,12,735,136,1034,141,42,734,159,464,344,187,222,187,181,33,9,379,36,78,22,56,126,"  2,411 ","  4,639 "
19-Jan-24,23:00 - 23:59,,,,,,,,,,,,,,,,,,,,,,,,,,,  -   ,  -   
19-Jan-24,00:00 - 00:59,,,,,,,,,,,,,,,,,,,,,,,,,,,  -   ,  -   
19-Jan-24,01:00 - 01:59,,,,,,,,,,,,,,,,,,,,,,,,,,,  -   ,  -   
19-Jan-24,02:00 - 02:59,,,,,,,,,,,,,,,,,,,,,,,,,,,  -   ,  -   
,TOTAL,"43,369","42,941","24,468","21,609","25,513","25,774","48,077","56,075","8,801","9,055","28,819","31,483","50,364","48,851","30,201","28,256","35,706","34,209","11,077","10,724","35,332","41,329","28,868","16,552","59,118","61,855","  429,713 ","  428,713 "
,,,,,,,,,,,,,,,,,,,,,,,,,,,,,
,,,,,,,,,,,,,,,,,,,,,,,,,,,,,
,"Saturday, January 20, 2024",,,,,,,,,,,,,,,,,,,,,,,,,,,,
,,,,,,,,,,,,,,,,,,,,,,,,,,,,,
,TIME,North Ave,,Quezon Ave,,GMA Kamuning,,Cubao,,Santolan,,Ortigas,,Shaw Blvd,,Boni Ave,,Guadalupe,,Buendia,,Ayala Ave,,Magallanes,,Taft,, Total ,
,,Entry,Exit,Entry,Exit,Entry,Exit,Entry,Exit,Entry,Exit,Entry,Exit,Entry,Exit,Entry,Exit,Entry,Exit,Entry,Exit,Entry,Exit,Entry,Exit,Entry,Exit, Entry , Exit 
20-Jan-24,03:00 - 03:59,,,,,,,,,,,,,,,,,,,,,,,,,,,  -   ,  -   
20-Jan-24,04:00 - 04:59,325,0,311,1,394,3,400,29,12,20,36,58,216,163,105,60,41,81,1,4,20,0,1,0,0,0,"  1,862 ",  419 
20-Jan-24,05:00 - 05:59,1294,550,1025,285,1442,387,1653,807,91,266,333,837,1324,1504,845,656,1185,819,101,448,577,963,655,565,1941,1436,"  12,466 ","  9,523 "
20-Jan-24,06:00 - 06:59,1877,1734,1271,917,1683,967,2370,2114,156,557,872,1457,2328,2390,1549,1394,2028,1352,306,748,1182,1674,1303,831,2563,2234,"  19,488 ","  18,369 "
20-Jan-24,07:00 - 07:59,2043,1665,1211,1113,1620,1149,2443,2561,174,655,951,1704,2628,2604,1540,1190,2324,1487,362,737,1335,1928,1190,1080,2890,2676,"  20,711 ","  20,549 "
20-Jan-24,08:00 - 08:59,2222,1616,1233,838,1388,875,2564,2349,208,613,742,1741,2093,2470,1253,1204,2036,1318,271,523,1035,1974,1281,850,2890,2981,"  19,216 ","  19,352 "
20-Jan-24,09:00 - 09:59,2005,1702,1231,850,1196,745,2492,2290,232,752,677,1547,1940,2379,1300,907,2156,1213,183,376,937,2499,1056,650,2777,2589,"  18,182 ","  18,499 "
20-Jan-24,10:00 - 10:59,1742,1769,920,688,946,654,2150,2119,220,512,495,1390,1638,2182,1210,761,1785,1193,222,257,974,1952,1039,457,2576,2397,"  15,917 ","  16,331 "
20-Jan-24,11:00 - 11:59,1918,2030,1037,632,944,684,2533,2078,287,439,556,1275,1738,2253,1296,779,1894,1157,222,221,985,2201,1130,459,2764,2567,"  17,304 ","  16,775 "
20-Jan-24,12:00 - 12:59,2168,2018,1267,822,1227,882,2735,2568,354,423,800,1435,2048,2451,1450,891,1953,1389,272,242,1179,2360,1262,458,2946,2868,"  19,661 ","  18,807 "
20-Jan-24,13:00 - 13:59,1947,2016,959,775,1038,1038,2562,2592,328,408,744,1296,2015,2103,1323,851,1656,1217,236,266,1142,1960,1084,506,2894,3083,"  17,928 ","  18,111 "
20-Jan-24,14:00 - 14:59,1775,2095,833,841,848,1088,2493,2653,405,359,926,1058,2172,1901,1428,950,1575,1554,355,237,1361,1913,1203,514,2834,3023,"  18,208 ","  18,186 "
20-Jan-24,15:00 - 15:59,1732,2506,872,983,981,1501,2651,3234,547,328,1473,918,2868,2028,1473,947,1811,1740,455,189,1739,1742,1431,515,3109,3527,"  21,142 ","  20,158 "
20-Jan-24,16:00 - 16:59,2262,2814,1243,1215,1041,2515,2789,3830,798,276,2006,894,3801,2345,1981,1170,2274,2295,946,228,2414,1890,1885,579,3604,4003,"  27,044 ","  24,054 "
20-Jan-24,17:00 - 17:59,2169,3222,1204,1363,1000,3010,3208,4695,801,295,1985,969,3340,2705,1855,1408,2185,2528,727,261,2276,2096,2339,672,3979,4865,"  27,068 ","  28,089 "
20-Jan-24,18:00 - 18:59,2078,2629,931,1209,877,2580,2723,3919,546,220,1741,806,3136,2307,1553,1348,2009,2399,540,226,2434,1776,1907,570,3225,3537,"  23,700 ","  23,526 "
20-Jan-24,19:00 - 19:59,1820,2751,775,1147,607,2129,2394,3687,511,198,1553,603,2759,2019,961,1315,1403,2016,384,188,2237,1421,1321,527,2895,4043,"  19,620 ","  22,044 "
20-Jan-24,20:00 - 20:59,1759,1929,589,1017,552,1471,1976,2644,417,144,1090,575,2129,1662,722,1148,1183,1582,217,211,1864,1164,762,395,2182,2739,"  15,442 ","  16,681 "
20-Jan-24,21:00 - 21:59,653,1390,302,905,246,1331,955,2237,320,104,903,438,1957,1421,539,926,838,1372,194,165,1770,910,615,389,1761,2110,"  11,053 ","  13,698 "
20-Jan-24,22:00 - 22:59,0,739,4,565,12,733,120,959,134,33,664,87,375,221,99,220,149,165,18,10,370,26,58,4,38,146,"  2,041 ","  3,908 "
20-Jan-24,23:00 - 23:59,0,0,0,0,0,0,0,0,0,0,0,0,0,0,0,0,0,0,0,0,0,0,0,0,0,0,  -   ,  -   
20-Jan-24,00:00 - 00:59,,,,,,,,,,,,,,,,,,,,,,,,,,,  -   ,  -   
20-Jan-24,01:00 - 01:59,,,,,,,,,,,,,,,,,,,,,,,,,,,  -   ,  -   
20-Jan-24,02:00 - 02:59,,,,,,,,,,,,,,,,,,,,,,,,,,,  -   ,  -   
,TOTAL,"31,789","35,175","17,218","16,166","18,042","23,742","41,211","47,365","6,541","6,602","18,547","19,088","40,505","37,108","22,482","18,125","30,485","26,877","6,012","5,537","25,831","30,449","21,522","10,021","47,868","50,824","  328,053 ","  327,079 "
,,,,,,,,,,,,,,,,,,,,,,,,,,,,,
,,,,,,,,,,,,,,,,,,,,,,,,,,,,,
,"Sunday, January 21, 2024",,,,,,,,,,,,,,,,,,,,,,,,,,,,
,,,,,,,,,,,,,,,,,,,,,,,,,,,,,
,TIME,North Ave,,Quezon Ave,,GMA Kamuning,,Cubao,,Santolan,,Ortigas,,Shaw Blvd,,Boni Ave,,Guadalupe,,Buendia,,Ayala Ave,,Magallanes,,Taft,, Total ,
,,Entry,Exit,Entry,Exit,Entry,Exit,Entry,Exit,Entry,Exit,Entry,Exit,Entry,Exit,Entry,Exit,Entry,Exit,Entry,Exit,Entry,Exit,Entry,Exit,Entry,Exit, Entry , Exit 
21-Jan-24,03:00 - 03:59,,,,,,,,,,,,,,,,,,,,,,,,,,,  -   ,  -   
21-Jan-24,04:00 - 04:59,184,0,232,3,276,3,305,24,8,18,20,53,125,85,34,36,29,0,0,0,7,1,4,0,0,0,"  1,224 ",  223 
21-Jan-24,05:00 - 05:59,680,288,524,163,788,293,972,458,53,158,170,458,794,907,419,409,682,511,61,258,265,672,451,255,1225,982,"  7,084 ","  5,812 "
21-Jan-24,06:00 - 06:59,924,758,585,458,862,601,1275,1186,98,246,374,606,1243,1105,709,585,981,749,211,296,562,894,631,382,1520,1383,"  9,975 ","  9,249 "
21-Jan-24,07:00 - 07:59,1099,935,614,577,753,670,1362,1407,130,265,456,760,1349,1416,752,506,1232,860,241,222,587,1068,698,405,1824,1884,"  11,097 ","  10,975 "
21-Jan-24,08:00 - 08:59,1364,834,787,573,887,618,1732,1446,123,327,346,942,1404,1643,846,544,1449,884,191,223,624,1273,718,369,2058,1849,"  12,529 ","  11,525 "
21-Jan-24,09:00 - 09:59,1689,1237,885,579,1080,493,2069,1654,158,544,352,1302,1469,2279,1016,492,1683,1033,123,189,550,2045,861,386,2319,2134,"  14,254 ","  14,367 "
21-Jan-24,10:00 - 10:59,1470,1058,737,532,820,510,1842,1571,167,406,299,985,1378,1678,979,467,1480,995,123,149,622,1751,686,315,2350,2322,"  12,953 ","  12,739 "
21-Jan-24,11:00 - 11:59,1708,1620,818,524,1004,508,2173,1736,206,403,373,1127,1725,1934,1012,553,1552,1128,141,144,723,1970,766,265,2468,2349,"  14,669 ","  14,261 "
21-Jan-24,12:00 - 12:59,1692,1666,872,580,976,615,2346,1770,236,374,510,1242,1576,1975,1003,639,1583,1086,112,189,701,1928,806,290,2601,2429,"  15,014 ","  14,783 "
21-Jan-24,13:00 - 13:59,1595,1493,749,587,804,633,2139,1854,277,333,495,930,1509,1787,1019,678,1494,1172,134,181,844,1676,720,342,2471,2526,"  14,250 ","  14,192 "
21-Jan-24,14:00 - 14:59,1478,1604,743,611,805,691,2121,1982,330,300,606,911,1584,1646,1117,734,1407,1311,192,131,1095,1533,776,299,2568,2939,"  14,822 ","  14,692 "
21-Jan-24,15:00 - 15:59,1744,1892,718,779,697,1030,2432,2334,390,265,904,795,2448,1699,1146,980,1481,1666,225,127,1364,1500,802,409,2726,3018,"  17,077 ","  16,494 "
21-Jan-24,16:00 - 16:59,2022,1874,787,850,821,1169,2177,2540,364,247,1011,803,2139,1908,1150,1041,1439,1691,225,184,1523,1552,934,469,3079,2883,"  17,671 ","  17,211 "
21-Jan-24,17:00 - 17:59,1815,2157,769,808,922,1045,2312,2389,367,213,1122,761,1902,1992,925,1092,1282,1849,235,227,1536,1466,762,553,2989,2752,"  16,938 ","  17,304 "
21-Jan-24,18:00 - 18:59,1894,1566,725,800,834,1115,2299,2452,382,200,1163,622,2046,1752,801,1284,1121,2060,161,191,1746,1324,809,473,2810,2686,"  16,791 ","  16,525 "
21-Jan-24,19:00 - 19:59,2095,1856,702,839,702,1104,2214,2781,349,163,1057,536,2125,1817,580,1338,1117,1995,188,182,1747,1106,692,511,2576,2618,"  16,144 ","  16,846 "
21-Jan-24,20:00 - 20:59,1906,1361,602,717,699,1079,2036,2150,278,128,889,512,1779,1676,505,1282,906,1801,121,212,1638,1047,640,451,2296,2285,"  14,295 ","  14,701 "
21-Jan-24,21:00 - 21:59,731,1239,301,762,250,964,921,1721,302,103,812,380,1569,1365,337,1038,772,1368,128,167,1593,919,434,409,1661,2022,"  9,811 ","  12,457 "
21-Jan-24,22:00 - 22:59,0,581,2,437,8,541,44,772,128,40,599,91,332,249,82,156,131,181,13,3,308,30,29,33,77,107,"  1,753 ","  3,221 "
21-Jan-24,23:00 - 23:59,,,,,,,,,,,,,,,,,,,,,,,,,,,  -   ,  -   
21-Jan-24,00:00 - 00:59,,,,,,,,,,,,,,,,,,,,,,,,,,,  -   ,  -   
21-Jan-24,01:00 - 01:59,,,,,,,,,,,,,,,,,,,,,,,,,,,  -   ,  -   
21-Jan-24,02:00 - 02:59,,,,,,,,,,,,,,,,,,,,,,,,,,,  -   ,  -   
,TOTAL,"26,090","24,019","12,152","11,179","13,988","13,682","32,771","32,227","4,346","4,733","11,558","13,816","28,496","28,913","14,432","13,854","21,821","22,340","2,825","3,275","18,035","23,755","12,219","6,616","39,618","39,168","  238,351 ","  237,577 "
,,,,,,,,,,,,,,,,,,,,,,,,,,,,,
,,,,,,,,,,,,,,,,,,,,,,,,,,,,,
,"Monday, January 22, 2024",,,,,,,,,,,,,,,,,,,,,,,,,,,,
,,,,,,,,,,,,,,,,,,,,,,,,,,,,,
,TIME,North Ave,,Quezon Ave,,GMA Kamuning,,Cubao,,Santolan,,Ortigas,,Shaw Blvd,,Boni Ave,,Guadalupe,,Buendia,,Ayala Ave,,Magallanes,,Taft,, Total ,
,,Entry,Exit,Entry,Exit,Entry,Exit,Entry,Exit,Entry,Exit,Entry,Exit,Entry,Exit,Entry,Exit,Entry,Exit,Entry,Exit,Entry,Exit,Entry,Exit,Entry,Exit, Entry , Exit 
22-Jan-24,03:00 - 03:59,,,,,,,,,,,,,,,,,,,,,,,,,,,  -   ,  -   
22-Jan-24,04:00 - 04:59,870,0,570,7,1389,6,982,56,22,48,66,203,515,375,99,174,64,298,2,99,9,271,4,99,11,1,"  4,603 ","  1,637 "
22-Jan-24,05:00 - 05:59,3251,645,1794,394,2551,433,2876,969,143,388,351,1652,2039,2673,851,1196,1713,1346,96,779,573,1912,1208,1068,3448,2398,"  20,894 ","  15,853 "
22-Jan-24,06:00 - 06:59,5052,1483,2283,1266,3433,1152,3986,2085,268,943,701,2936,2577,4061,1696,2343,2666,2051,287,1475,989,3326,2387,1667,4727,3143,"  31,052 ","  27,931 "
22-Jan-24,07:00 - 07:59,5167,1490,2417,1746,3357,1413,4302,2666,356,1257,752,4488,2917,5275,2495,2696,3434,2394,362,2052,1070,4220,2397,2410,5900,3435,"  34,926 ","  35,542 "
22-Jan-24,08:00 - 08:59,5005,1215,2076,1298,2685,1099,3658,2475,297,1228,726,4362,2242,4909,1931,2617,2775,2034,260,1719,1025,3904,2114,2177,5040,3094,"  29,834 ","  32,131 "
22-Jan-24,09:00 - 09:59,3212,1281,1652,993,1959,830,3253,2086,279,990,781,3044,2165,3971,1302,1903,2210,1713,245,928,907,3256,1703,1375,4078,2964,"  23,746 ","  25,334 "
22-Jan-24,10:00 - 10:59,2220,1292,1057,834,1433,897,2551,2173,350,747,816,1877,1768,2604,1087,1256,1726,1560,241,507,773,2279,1281,1034,3167,2719,"  18,470 ","  19,779 "
22-Jan-24,11:00 - 11:59,2128,1344,1167,785,1483,749,2532,2052,388,531,882,1625,1884,2375,1215,1216,1835,1492,352,497,952,2505,1298,723,3300,2773,"  19,416 ","  18,667 "
22-Jan-24,12:00 - 12:59,2031,1544,1179,765,1344,918,2586,2283,462,497,970,1739,1908,2405,1181,1285,1736,1564,312,481,985,2111,1150,746,3048,2919,"  18,892 ","  19,257 "
22-Jan-24,13:00 - 13:59,1766,1579,935,748,1120,824,2221,1916,377,402,896,1365,1754,2011,1139,1184,1507,1502,315,442,1043,1689,1106,709,2854,2861,"  17,033 ","  17,232 "
22-Jan-24,14:00 - 14:59,1527,1521,809,894,1050,966,2206,2393,430,348,1230,1139,1924,1872,1298,1134,1405,1522,429,325,1291,1586,1215,541,2814,2998,"  17,628 ","  17,239 "
22-Jan-24,15:00 - 15:59,1561,2023,838,1082,1114,1310,2230,2899,546,286,2030,1057,2491,1860,1487,1180,1509,1986,637,282,1906,1569,1364,604,2983,3235,"  20,696 ","  19,373 "
22-Jan-24,16:00 - 16:59,1858,3215,1423,1413,1433,2095,2521,4053,850,297,2580,946,3639,2438,2006,1529,1902,2640,1337,268,2860,1907,1986,701,3412,4470,"  27,807 ","  25,972 "
22-Jan-24,17:00 - 17:59,2156,4588,1889,1757,1702,2711,3065,5399,1317,343,4101,1097,4856,2906,2660,2028,2324,3336,1802,417,4313,2261,2928,952,3878,5815,"  36,991 ","  33,610 "
22-Jan-24,18:00 - 18:59,2242,5066,1337,1886,1198,2980,2856,6044,982,356,4125,1001,4975,2968,2688,2623,2405,3829,1658,296,4387,2337,2808,1008,3498,6209,"  35,159 ","  36,603 "
22-Jan-24,19:00 - 19:59,2471,4267,1148,1898,900,2356,2720,5105,586,277,2711,1026,3813,2674,1759,2304,1873,3139,997,276,3450,2135,1696,767,3448,4500,"  27,572 ","  30,724 "
22-Jan-24,20:00 - 20:59,2436,2505,917,1247,878,1541,2342,3173,469,205,1714,1203,2477,2537,1227,1838,1432,2143,549,344,2542,1868,1113,671,2639,3114,"  20,735 ","  22,389 "
22-Jan-24,21:00 - 21:59,953,1670,484,1053,356,1302,1197,2296,455,98,1229,865,1870,2089,917,1330,1016,1707,311,272,2453,1400,761,604,1960,2406,"  13,962 ","  17,092 "
22-Jan-24,22:00 - 22:59,0,757,8,549,7,680,62,853,58,35,671,127,366,257,162,139,164,143,38,8,146,37,53,23,45,101,"  1,780 ","  3,709 "
22-Jan-24,23:00 - 23:59,,,,,,,,,,,,,,,,,,,,,,,,,,,  -   ,  -   
22-Jan-24,00:00 - 00:59,,,,,,,,,,,,,,,,,,,,,,,,,,,  -   ,  -   
22-Jan-24,01:00 - 01:59,,,,,,,,,,,,,,,,,,,,,,,,,,,  -   ,  -   
22-Jan-24,02:00 - 02:59,,,,,,,,,,,,,,,,,,,,,,,,,,,  -   ,  -   
,TOTAL,"45,906","37,485","23,983","20,615","29,392","24,262","48,146","50,976","8,635","9,276","27,332","31,752","46,180","50,260","27,200","29,975","33,696","36,399","10,230","11,467","31,674","40,573","28,572","17,879","60,250","59,155","  421,196 ","  420,074 "
,,,,,,,,,,,,,,,,,,,,,,,,,,,,,
,,,,,,,,,,,,,,,,,,,,,,,,,,,,,
,"Tuesday, January 23, 2024",,,,,,,,,,,,,,,,,,,,,,,,,,,,
,,,,,,,,,,,,,,,,,,,,,,,,,,,,,
,TIME,North Ave,,Quezon Ave,,GMA Kamuning,,Cubao,,Santolan,,Ortigas,,Shaw Blvd,,Boni Ave,,Guadalupe,,Buendia,,Ayala Ave,,Magallanes,,Taft,, Total ,
,,Entry,Exit,Entry,Exit,Entry,Exit,Entry,Exit,Entry,Exit,Entry,Exit,Entry,Exit,Entry,Exit,Entry,Exit,Entry,Exit,Entry,Exit,Entry,Exit,Entry,Exit, Entry , Exit 
23-Jan-24,03:00 - 03:59,,,,,,,,,,,,,,,,,,,,,,,,,,,  -   ,  -   
23-Jan-24,04:00 - 04:59,637,0,509,4,764,4,716,52,23,29,41,154,300,237,129,113,76,136,2,64,19,197,4,77,3,140,"  3,223 ","  1,207 "
23-Jan-24,05:00 - 05:59,2789,671,1725,423,2190,497,2567,1062,118,355,461,1693,1744,2290,1050,1058,1632,1216,113,752,722,1843,1095,912,3032,1699,"  19,238 ","  14,471 "
23-Jan-24,06:00 - 06:59,4929,1890,2485,1390,2904,1245,4190,2494,267,860,1215,3039,3232,3998,2273,2231,2915,2039,383,1435,1493,3339,2028,1663,4366,3298,"  32,680 ","  28,921 "
23-Jan-24,07:00 - 07:59,5442,1916,2411,1751,2902,1526,4198,2769,372,1361,1294,4531,3379,5035,2924,2750,3767,2651,476,2189,1724,4592,2436,2254,5881,3648,"  37,206 ","  36,973 "
23-Jan-24,08:00 - 08:59,4802,1682,2156,1626,2385,1212,3692,2786,338,1212,1127,4645,2904,4775,2176,2629,3105,2106,360,1703,1332,4047,2074,2222,4964,3317,"  31,415 ","  33,962 "
23-Jan-24,09:00 - 09:59,3094,1368,1733,1120,1982,874,3125,2280,286,1082,1020,2887,2311,3806,1480,1859,2209,1722,256,894,1021,3352,1709,1366,3675,3111,"  23,901 ","  25,721 "
23-Jan-24,10:00 - 10:59,2113,1561,1205,894,1289,802,2494,1976,339,772,842,1982,1888,2484,1036,1320,1751,1437,256,521,950,2447,1336,848,3004,2653,"  18,503 ","  19,697 "
23-Jan-24,11:00 - 11:59,2095,1454,1195,697,1245,743,2527,2106,401,537,846,1648,1730,2319,1204,1134,1783,1419,297,463,945,2165,1129,708,2935,2742,"  18,332 ","  18,135 "
23-Jan-24,12:00 - 12:59,2039,1479,1136,742,1134,833,2429,2052,375,430,933,1541,1757,2118,1271,1156,1694,1400,341,426,947,2143,1143,729,2936,2961,"  18,135 ","  18,010 "
23-Jan-24,13:00 - 13:59,1756,1512,935,802,1167,887,2263,2228,335,450,997,1446,1694,2078,1124,1122,1565,1285,266,437,1082,1825,1083,623,2792,2701,"  17,059 ","  17,396 "
23-Jan-24,14:00 - 14:59,1596,1662,866,844,1010,943,2215,2286,515,362,1230,1136,1896,1808,1392,1137,1435,1482,438,381,1435,1631,1067,590,2773,2800,"  17,868 ","  17,062 "
23-Jan-24,15:00 - 15:59,1520,2406,1032,1220,1015,1269,2251,3084,642,301,2074,1117,2834,1982,1521,1204,1535,1913,641,277,2260,1618,1335,546,2990,3605,"  21,650 ","  20,542 "
23-Jan-24,16:00 - 16:59,1933,3439,1474,1448,1420,2005,2567,4077,928,301,2817,960,3702,2286,2144,1504,1856,2630,1390,298,3084,1956,2033,668,3420,4221,"  28,768 ","  25,793 "
23-Jan-24,17:00 - 17:59,1996,4836,1800,1907,1527,2909,3073,5527,1343,348,4233,1078,5239,2913,2675,2004,2433,3418,1932,391,4373,2374,2966,993,3835,5869,"  37,425 ","  34,567 "
23-Jan-24,18:00 - 18:59,2308,5603,1598,2055,1253,3048,3133,6358,1016,388,4448,1025,5195,2893,2737,2715,2669,3822,1771,327,4807,2359,2960,1099,3681,6497,"  37,576 ","  38,189 "
23-Jan-24,19:00 - 19:59,2312,4561,1188,2019,974,2711,2631,5589,668,280,3051,1084,4046,2982,1972,2446,2113,3366,1162,288,3902,2216,1930,828,3459,5324,"  29,408 ","  33,694 "
23-Jan-24,20:00 - 20:59,2601,2862,1010,1389,832,1759,2532,3590,514,189,1780,1210,2785,2593,1364,1806,1616,2242,649,310,2899,2085,1283,699,2877,3397,"  22,742 ","  24,131 "
23-Jan-24,21:00 - 21:59,1049,1884,496,1197,413,1386,1200,2504,462,115,1326,926,2159,2161,879,1483,1138,1757,403,278,2548,1586,788,644,2075,2636,"  14,936 ","  18,557 "
23-Jan-24,22:00 - 22:59,0,835,2,647,14,684,74,947,55,35,712,136,399,304,194,159,197,146,45,14,142,27,80,13,58,66,"  1,972 ","  4,013 "
23-Jan-24,23:00 - 23:59,,,,,,,,,,,,,,,,,,,,,,,,,,,  -   ,  -   
23-Jan-24,00:00 - 00:59,,,,,,,,,,,,,,,,,,,,,,,,,,,  -   ,  -   
23-Jan-24,01:00 - 01:59,,,,,,,,,,,,,,,,,,,,,,,,,,,  -   ,  -   
23-Jan-24,02:00 - 02:59,,,,,,,,,,,,,,,,,,,,,,,,,,,  -   ,  -   
,TOTAL,"45,011","41,621","24,956","22,175","26,420","25,337","47,877","53,767","8,997","9,407","30,447","32,238","49,194","49,062","29,545","29,830","35,489","36,187","11,181","11,448","35,685","41,802","28,479","17,482","58,756","60,685","  432,037 ","  431,041 "
,,,,,,,,,,,,,,,,,,,,,,,,,,,,,
,,,,,,,,,,,,,,,,,,,,,,,,,,,,,
,"Wednesday, January 24, 2024",,,,,,,,,,,,,,,,,,,,,,,,,,,,
,,,,,,,,,,,,,,,,,,,,,,,,,,,,,
,TIME,North Ave,,Quezon Ave,,GMA Kamuning,,Cubao,,Santolan,,Ortigas,,Shaw Blvd,,Boni Ave,,Guadalupe,,Buendia,,Ayala Ave,,Magallanes,,Taft,, Total ,
,,Entry,Exit,Entry,Exit,Entry,Exit,Entry,Exit,Entry,Exit,Entry,Exit,Entry,Exit,Entry,Exit,Entry,Exit,Entry,Exit,Entry,Exit,Entry,Exit,Entry,Exit, Entry , Exit 
24-Jan-24,03:00 - 03:59,,,,,,,,,,,,,,,,,,,,,,,,,,,  -   ,  -   
24-Jan-24,04:00 - 04:59,580,0,484,3,642,5,663,43,33,37,60,148,266,241,110,108,76,145,3,74,22,166,5,54,5,66,"  2,949 ","  1,090 "
24-Jan-24,05:00 - 05:59,2656,697,1637,473,2066,454,2585,921,128,360,446,1671,1826,2173,1039,1079,1620,1114,117,760,810,1775,1075,935,2944,1704,"  18,949 ","  14,116 "
24-Jan-24,06:00 - 06:59,5307,1771,2444,1468,2905,1339,4220,2546,268,865,1197,3124,3370,3955,2392,2190,2981,2156,401,1518,1518,3478,2064,1580,4453,3227,"  33,520 ","  29,217 "
24-Jan-24,07:00 - 07:59,5441,2129,2495,1888,2910,1582,4241,2862,410,1283,1402,4616,3724,5163,2874,2686,3674,2653,494,2167,1854,4425,2427,2279,5858,3812,"  37,804 ","  37,545 "
24-Jan-24,08:00 - 08:59,4431,1715,2123,1525,2392,1307,3788,2769,314,1221,1121,4749,2714,4868,2267,2547,3142,2141,320,1651,1449,3969,2143,2168,5034,3409,"  31,238 ","  34,039 "
24-Jan-24,09:00 - 09:59,2988,1474,1739,1071,1807,957,3316,2310,309,1030,1031,3119,2162,3768,1537,1868,2380,1818,303,963,1194,3507,1596,1267,3992,3199,"  24,354 ","  26,351 "
24-Jan-24,10:00 - 10:59,2280,1509,1140,856,1321,823,2657,2187,321,715,840,1866,1932,2413,1162,1203,1759,1352,262,543,949,2485,1234,804,3058,2991,"  18,915 ","  19,747 "
24-Jan-24,11:00 - 11:59,2181,1466,1121,845,1325,802,2527,2073,386,557,895,1508,1895,2363,1238,1234,1852,1493,353,463,990,2531,1325,732,3255,2822,"  19,343 ","  18,889 "
24-Jan-24,12:00 - 12:59,2039,1644,1209,836,1296,830,2565,2198,393,464,907,1730,1921,2383,1263,1239,1745,1506,323,446,1100,2143,1118,680,3270,3203,"  19,149 ","  19,302 "
24-Jan-24,13:00 - 13:59,1729,1488,954,827,1071,931,2337,2170,350,391,947,1418,1888,1978,1157,1207,1479,1396,310,473,1103,1926,1079,657,3043,2915,"  17,447 ","  17,777 "
24-Jan-24,14:00 - 14:59,1526,1614,1038,904,928,924,2194,2411,401,382,1247,1208,2031,1832,1315,1030,1469,1467,493,344,1448,1652,1096,559,2682,3079,"  17,868 ","  17,406 "
24-Jan-24,15:00 - 15:59,1515,2326,1085,1185,1044,1372,2327,3370,601,292,2071,1082,2631,1951,1508,1144,1594,1844,704,270,2198,1592,1408,556,3125,3595,"  21,811 ","  20,579 "
24-Jan-24,16:00 - 16:59,1769,3363,1492,1449,1424,1957,2567,3902,889,279,2799,985,3752,2404,2217,1463,1971,2666,1348,281,3176,2017,2176,684,3535,4735,"  29,115 ","  26,185 "
24-Jan-24,17:00 - 17:59,2172,4997,1831,1981,1605,3078,2969,6102,1397,361,4304,1047,5412,2886,2767,2013,2628,3356,1919,350,4440,2411,2857,907,4080,5939,"  38,381 ","  35,428 "
24-Jan-24,18:00 - 18:59,2320,5429,1534,1983,1222,3188,3188,6459,1038,385,4408,1135,5489,3162,2772,2744,2670,3906,1888,347,5223,2561,2929,1212,3937,6437,"  38,618 ","  38,948 "
24-Jan-24,19:00 - 19:59,2371,4742,1268,2063,960,2531,2624,5685,687,297,3074,1062,3783,2930,1900,2383,2076,3160,1106,324,3956,2160,1885,800,3500,5543,"  29,190 ","  33,680 "
24-Jan-24,20:00 - 20:59,2599,2790,1038,1370,954,1678,2524,3420,521,184,2008,1233,2779,2660,1351,1964,1747,2275,674,336,2924,2133,1274,725,2929,3124,"  23,322 ","  23,892 "
24-Jan-24,21:00 - 21:59,993,2075,493,1245,418,1547,1325,2754,472,148,1387,959,2214,2225,896,1503,1199,1977,399,298,2725,1665,767,649,2231,3022,"  15,519 ","  20,067 "
24-Jan-24,22:00 - 22:59,0,952,5,652,12,647,154,960,64,33,672,124,448,274,181,148,161,131,24,13,136,39,72,17,58,140,"  1,987 ","  4,130 "
24-Jan-24,23:00 - 23:59,,,,,,,,,,,,,,,,,,,,,,,,,,,  -   ,  -   
24-Jan-24,00:00 - 00:59,,,,,,,,,,,,,,,,,,,,,,,,,,,  -   ,  -   
24-Jan-24,01:00 - 01:59,,,,,,,,,,,,,,,,,,,,,,,,,,,  -   ,  -   
24-Jan-24,02:00 - 02:59,,,,,,,,,,,,,,,,,,,,,,,,,,,  -   ,  -   
,TOTAL,"44,897","42,181","25,130","22,624","26,302","25,952","48,771","55,142","8,982","9,284","30,816","32,784","50,237","49,629","29,946","29,753","36,223","36,556","11,441","11,621","37,215","42,635","28,530","17,265","60,989","62,962","  439,479 ","  438,388 "
,,,,,,,,,,,,,,,,,,,,,,,,,,,,,
,,,,,,,,,,,,,,,,,,,,,,,,,,,,,
,"Thursday, January 25, 2024",,,,,,,,,,,,,,,,,,,,,,,,,,,,
,,,,,,,,,,,,,,,,,,,,,,,,,,,,,
,TIME,North Ave,,Quezon Ave,,GMA Kamuning,,Cubao,,Santolan,,Ortigas,,Shaw Blvd,,Boni Ave,,Guadalupe,,Buendia,,Ayala Ave,,Magallanes,,Taft,, Total ,
,,Entry,Exit,Entry,Exit,Entry,Exit,Entry,Exit,Entry,Exit,Entry,Exit,Entry,Exit,Entry,Exit,Entry,Exit,Entry,Exit,Entry,Exit,Entry,Exit,Entry,Exit, Entry , Exit 
25-Jan-24,03:00 - 03:59,,,,,,,,,,,,,,,,,,,,,,,,,,,  -   ,  -   
25-Jan-24,04:00 - 04:59,602,0,494,3,484,6,631,43,23,31,58,118,280,232,109,94,63,160,2,67,20,173,7,51,2,6,"  2,775 ",  984 
25-Jan-24,05:00 - 05:59,2569,682,1606,505,2159,555,2438,969,118,312,471,1607,1743,2187,1053,1013,1543,1152,137,690,807,1619,1076,857,2836,1691,"  18,556 ","  13,839 "
25-Jan-24,06:00 - 06:59,4977,1814,2489,1409,2835,1346,4096,2414,245,863,1262,3088,3161,3878,2310,2155,2926,2085,400,1458,1591,3363,1986,1640,4433,3142,"  32,711 ","  28,655 "
25-Jan-24,07:00 - 07:59,5464,2034,2586,1892,2912,1589,4211,3078,347,1306,1299,4726,3623,5098,2851,2717,3671,2598,504,2102,1828,4407,2420,2308,6013,3779,"  37,729 ","  37,634 "
25-Jan-24,08:00 - 08:59,4287,1715,2173,1509,2139,1246,3824,2749,340,1168,1128,4591,2887,4760,2282,2531,3273,2091,336,1757,1521,4014,2091,2127,4623,3486,"  30,904 ","  33,744 "
25-Jan-24,09:00 - 09:59,2980,1499,1625,1076,1814,962,3041,2440,287,1007,975,2742,2214,3632,1402,1718,2399,1658,273,868,1209,3270,1575,1393,3876,2974,"  23,670 ","  25,239 "
25-Jan-24,10:00 - 10:59,2217,1271,1174,910,1270,805,2396,2143,376,765,746,1879,1838,2470,1107,1282,1679,1366,292,514,934,2466,1224,848,3069,2707,"  18,322 ","  19,426 "
25-Jan-24,11:00 - 11:59,2095,1564,1200,731,1266,746,2564,2072,372,542,827,1713,1842,2423,1304,1063,1817,1330,303,428,1009,2434,1255,602,3014,2790,"  18,868 ","  18,438 "
25-Jan-24,12:00 - 12:59,2096,1498,1044,798,1227,842,2584,2198,347,444,953,1721,1860,2205,1719,1120,1734,1405,282,449,1112,2319,1095,911,2954,2862,"  19,007 ","  18,772 "
25-Jan-24,13:00 - 13:59,1839,1497,936,826,1021,866,2344,2240,405,461,945,1389,1828,2029,1191,1059,1522,1312,293,425,1041,1814,1056,820,2666,2988,"  17,087 ","  17,726 "
25-Jan-24,14:00 - 14:59,1573,1627,827,864,1061,935,2238,2325,443,366,1259,1141,2109,1733,1275,1169,1398,1530,468,368,1455,1676,1156,706,2654,2812,"  17,916 ","  17,252 "
25-Jan-24,15:00 - 15:59,1468,2318,974,1117,1039,1349,2153,3154,611,342,1912,1022,2765,1836,1477,1074,1575,1843,686,281,1998,1672,1407,585,2984,3620,"  21,049 ","  20,213 "
25-Jan-24,16:00 - 16:59,1838,3163,1463,1272,1343,2101,2643,4244,917,304,2786,980,3789,2243,1947,1410,1800,2409,1360,276,3120,1992,2063,649,3495,4036,"  28,564 ","  25,079 "
25-Jan-24,17:00 - 17:59,2063,5074,1862,1895,1575,2885,3228,5592,1290,366,4065,1171,4818,3045,2522,2087,2544,3441,1793,348,4465,2246,3027,948,3842,6165,"  37,094 ","  35,263 "
25-Jan-24,18:00 - 18:59,2117,5326,1545,1860,1247,2630,3007,5691,1056,309,4193,1016,4891,2988,2499,2633,2453,3867,1884,354,4479,2382,3070,1041,3683,6018,"  36,124 ","  36,115 "
25-Jan-24,19:00 - 19:59,2340,4440,1204,1935,931,2636,2681,5669,685,301,2992,1082,4193,2717,1704,2294,2063,2835,1036,259,4101,2194,1954,802,3192,5530,"  29,076 ","  32,694 "
25-Jan-24,20:00 - 20:59,2457,2874,938,1453,873,1776,2420,3348,487,208,1958,1248,2804,2567,1345,1845,1568,2244,674,314,3105,2001,1323,708,2824,3413,"  22,776 ","  23,999 "
25-Jan-24,21:00 - 21:59,1101,2049,552,1143,379,1483,1310,2915,464,129,1454,907,2278,2289,934,1594,1195,1944,383,291,2767,1571,845,600,2085,2717,"  15,747 ","  19,632 "
25-Jan-24,22:00 - 22:59,0,877,4,719,16,685,84,972,88,37,697,160,430,335,178,220,200,209,52,8,187,38,100,27,68,75,"  2,104 ","  4,362 "
25-Jan-24,23:00 - 23:59,,,,,,,,,,,,,,,,,,,,,,,,,,,  -   ,  -   
25-Jan-24,00:00 - 00:59,,,,,,,,,,,,,,,,,,,,,,,,,,,  -   ,  -   
25-Jan-24,01:00 - 01:59,,,,,,,,,,,,,,,,,,,,,,,,,,,  -   ,  -   
25-Jan-24,02:00 - 02:59,,,,,,,,,,,,,,,,,,,,,,,,,,,  -   ,  -   
,TOTAL,"44,083","41,322","24,696","21,917","25,591","25,443","47,893","54,256","8,901","9,261","29,980","32,301","49,353","48,667","29,209","29,078","35,423","35,479","11,158","11,257","36,749","41,651","28,730","17,623","58,313","60,811","  430,079 ","  429,066 "
,,,,,,,,,,,,,,,,,,,,,,,,,,,,,
,,,,,,,,,,,,,,,,,,,,,,,,,,,,,
,"Friday, January 26, 2024",,,,,,,,,,,,,,,,,,,,,,,,,,,,
,,,,,,,,,,,,,,,,,,,,,,,,,,,,,
,TIME,North Ave,,Quezon Ave,,GMA Kamuning,,Cubao,,Santolan,,Ortigas,,Shaw Blvd,,Boni Ave,,Guadalupe,,Buendia,,Ayala Ave,,Magallanes,,Taft,, Total ,
,,Entry,Exit,Entry,Exit,Entry,Exit,Entry,Exit,Entry,Exit,Entry,Exit,Entry,Exit,Entry,Exit,Entry,Exit,Entry,Exit,Entry,Exit,Entry,Exit,Entry,Exit, Entry , Exit 
26-Jan-24,03:00 - 03:59,,,,,,,,,,,,,,,,,,,,,,,,,,,  -   ,  -   
26-Jan-24,04:00 - 04:59,557,0,428,0,627,9,570,49,18,31,42,134,258,228,125,90,56,113,0,52,17,105,6,55,5,175,"  2,709 ","  1,041 "
26-Jan-24,05:00 - 05:59,2295,636,1527,397,1810,467,2256,827,118,329,448,1405,1670,2024,950,866,1431,1004,119,653,646,1433,1009,770,2661,1393,"  16,940 ","  12,204 "
26-Jan-24,06:00 - 06:59,4466,1738,2256,1251,2743,1305,3758,2485,240,794,1122,2910,3140,3706,2149,1937,2630,2034,369,1379,1521,2939,1847,1539,4018,3074,"  30,259 ","  27,091 "
26-Jan-24,07:00 - 07:59,4951,1875,2323,1693,2746,1490,4144,2720,365,1272,1250,4235,3689,4853,2812,2487,3649,2396,463,2026,1727,4124,2135,2230,5384,3605,"  35,638 ","  35,006 "
26-Jan-24,08:00 - 08:59,4167,1595,2081,1390,2138,1259,3660,2681,326,1188,1043,4321,2607,4768,2184,2509,3150,1898,364,1522,1361,3500,2068,1874,4572,3353,"  29,721 ","  31,858 "
26-Jan-24,09:00 - 09:59,2977,1646,1727,1187,1737,915,3125,2437,296,982,973,2720,2080,3711,1495,1718,2377,1594,276,829,1102,3228,1717,1301,3783,3132,"  23,665 ","  25,400 "
26-Jan-24,10:00 - 10:59,2070,1480,1300,884,1418,874,2456,2039,385,754,882,1990,1907,2621,1248,1278,1869,1399,292,457,1066,2223,1429,935,3025,2755,"  19,347 ","  19,689 "
26-Jan-24,11:00 - 11:59,2197,1575,1235,803,1384,762,2526,2296,413,608,874,1865,1961,2554,1338,1165,1828,1550,389,445,970,2561,1198,733,3380,2932,"  19,693 ","  19,849 "
26-Jan-24,12:00 - 12:59,2221,1701,1200,817,1385,855,2760,2398,451,572,1030,1727,2194,2472,1319,1292,2023,1485,334,459,1154,2419,1406,780,3181,3292,"  20,658 ","  20,269 "
26-Jan-24,13:00 - 13:59,1973,1681,1028,812,1129,947,2465,2420,443,485,1057,1501,1811,2172,1251,1340,1554,1427,360,393,1219,1999,1292,593,2832,2879,"  18,414 ","  18,649 "
26-Jan-24,14:00 - 14:59,1599,1839,993,957,1015,982,2444,2550,503,448,1351,1241,2087,1960,1433,1189,1528,1589,542,354,1432,1812,1356,680,2846,3192,"  19,129 ","  18,793 "
26-Jan-24,15:00 - 15:59,1539,2505,993,1153,1181,1328,2454,3253,697,306,1775,1112,2926,1979,1706,1110,1584,1806,681,297,2035,1658,1544,602,3179,3844,"  22,294 ","  20,953 "
26-Jan-24,16:00 - 16:59,1986,2971,1576,1437,1521,2064,2854,4340,857,350,2700,1118,3938,2305,2241,1392,2022,2537,1370,269,2891,2065,2179,676,3554,4574,"  29,689 ","  26,098 "
26-Jan-24,17:00 - 17:59,2288,5362,1884,1858,1534,2798,3164,6301,1418,372,3955,1313,5258,3037,2795,1894,2758,3108,1698,374,4107,2463,3162,961,4099,6349,"  38,120 ","  36,190 "
26-Jan-24,18:00 - 18:59,2358,5126,1526,1823,1253,2862,3198,6554,981,357,3862,1015,5300,2942,2845,2389,2624,3653,1732,359,4631,2646,2785,967,4072,6581,"  37,167 ","  37,274 "
26-Jan-24,19:00 - 19:59,2433,4536,1108,1865,907,2833,3015,5871,709,290,2903,1106,4121,3038,1919,1980,2024,3155,1051,314,3782,2123,1998,773,3416,5220,"  29,386 ","  33,104 "
26-Jan-24,20:00 - 20:59,2543,3265,986,1453,879,1946,2428,4102,506,174,1986,1219,2993,2490,1403,1873,1758,2132,570,315,2841,2029,1298,727,3038,3701,"  23,229 ","  25,426 "
26-Jan-24,21:00 - 21:59,1041,2263,474,1180,422,1505,1365,2605,323,133,1462,857,2473,2208,1079,1478,1269,1802,344,290,2326,1562,909,596,2216,2793,"  15,703 ","  19,272 "
26-Jan-24,22:00 - 22:59,0,890,4,726,19,834,148,1177,166,40,723,192,484,310,166,257,208,185,55,10,370,43,70,30,38,161,"  2,451 ","  4,855 "
26-Jan-24,23:00 - 23:59,,,,,,,,,,,,,,,,,,,,,,,,,,,  -   ,  -   
26-Jan-24,00:00 - 00:59,,,,,,,,,,,,,,,,,,,,,,,,,,,  -   ,  -   
26-Jan-24,01:00 - 01:59,,,,,,,,,,,,,,,,,,,,,,,,,,,  -   ,  -   
26-Jan-24,02:00 - 02:59,,,,,,,,,,,,,,,,,,,,,,,,,,,  -   ,  -   
,TOTAL,"43,661","42,684","24,649","21,686","25,848","26,035","48,790","57,105","9,215","9,485","29,438","31,981","50,897","49,378","30,458","28,244","36,342","34,867","11,009","10,797","35,198","40,932","29,408","16,822","59,299","63,005","  434,212 ","  433,021 "
,,,,,,,,,,,,,,,,,,,,,,,,,,,,,
,,,,,,,,,,,,,,,,,,,,,,,,,,,,,
,"Saturday, January 27, 2024",,,,,,,,,,,,,,,,,,,,,,,,,,,,
,,,,,,,,,,,,,,,,,,,,,,,,,,,,,
,TIME,North Ave,,Quezon Ave,,GMA Kamuning,,Cubao,,Santolan,,Ortigas,,Shaw Blvd,,Boni Ave,,Guadalupe,,Buendia,,Ayala Ave,,Magallanes,,Taft,, Total ,
,,Entry,Exit,Entry,Exit,Entry,Exit,Entry,Exit,Entry,Exit,Entry,Exit,Entry,Exit,Entry,Exit,Entry,Exit,Entry,Exit,Entry,Exit,Entry,Exit,Entry,Exit, Entry , Exit 
27-Jan-24,03:00 - 03:59,,,,,,,,,,,,,,,,,,,,,,,,,,,  -   ,  -   
27-Jan-24,04:00 - 04:59,297,1,301,3,469,3,442,40,12,25,34,75,191,143,86,57,51,91,0,2,14,0,1,0,0,0,"  1,898 ",  440 
27-Jan-24,05:00 - 05:59,1292,499,1046,285,1463,431,1651,817,80,224,326,876,1384,1584,729,676,1142,815,137,436,511,907,708,605,1944,1410,"  12,413 ","  9,565 "
27-Jan-24,06:00 - 06:59,1860,1512,1280,943,1810,944,2392,2069,149,565,873,1480,2408,2344,1448,1371,2057,1421,288,809,1149,1726,1270,868,2664,2190,"  19,648 ","  18,242 "
27-Jan-24,07:00 - 07:59,2202,1753,1238,953,1513,1194,2390,2645,210,633,909,1686,2608,2623,1499,1297,2360,1430,361,671,1407,1826,1278,947,3021,2790,"  20,996 ","  20,448 "
27-Jan-24,08:00 - 08:59,2171,1533,1178,886,1318,956,2608,2387,184,607,830,1782,2130,2669,1231,1194,2149,1399,275,602,1080,2083,1155,953,2745,2674,"  19,054 ","  19,725 "
27-Jan-24,09:00 - 09:59,2016,1600,1143,841,1197,704,2441,2212,236,752,706,1597,1979,2704,1244,984,2072,1301,217,379,910,2477,1112,692,2831,2449,"  18,104 ","  18,692 "
27-Jan-24,10:00 - 10:59,1751,1638,901,644,1032,713,2141,2112,275,526,565,1351,1783,2028,1142,764,1889,1068,198,244,942,1896,1045,506,2548,2507,"  16,212 ","  15,997 "
27-Jan-24,11:00 - 11:59,1931,1970,971,689,1154,754,2443,2346,302,462,611,1373,1726,2238,1264,650,1843,1249,218,220,938,2193,1085,426,2710,2591,"  17,196 ","  17,161 "
27-Jan-24,12:00 - 12:59,2109,1934,1091,713,1156,950,2642,2457,356,478,746,1566,2084,2340,1387,961,2033,1250,274,250,1120,2360,1325,411,2886,2769,"  19,209 ","  18,439 "
27-Jan-24,13:00 - 13:59,1858,2148,876,781,942,1011,2547,2539,323,457,773,1178,1930,2052,1205,914,1691,1342,249,265,1178,2004,1197,407,2674,2819,"  17,443 ","  17,917 "
27-Jan-24,14:00 - 14:59,1772,2137,797,706,889,1054,2449,2665,438,325,1002,950,2080,1874,1328,845,1651,1440,348,229,1351,1753,1155,388,2679,2903,"  17,939 ","  17,269 "
27-Jan-24,15:00 - 15:59,1770,2429,802,1084,855,1579,2572,3066,578,258,1459,1010,2600,2029,1594,919,1932,1699,499,162,1789,1671,1355,423,2807,3522,"  20,612 ","  19,851 "
27-Jan-24,16:00 - 16:59,2154,2730,1214,1006,1040,2323,2794,3859,845,288,1921,1013,3712,2214,1919,1063,2298,2285,991,234,2304,1817,1963,592,3563,4446,"  26,718 ","  23,870 "
27-Jan-24,17:00 - 17:59,2046,3216,1157,1377,1070,3222,3013,4609,802,268,2052,974,3802,2568,1785,1452,2415,2582,693,271,2393,2034,2191,646,3893,4566,"  27,312 ","  27,785 "
27-Jan-24,18:00 - 18:59,1877,2847,830,1248,873,2758,2707,4295,551,261,1827,792,3105,2357,1559,1296,1958,2403,519,248,2338,1763,1754,569,3229,4072,"  23,127 ","  24,909 "
27-Jan-24,19:00 - 19:59,1792,2350,718,1153,684,2008,2388,3346,457,161,1488,671,2717,1934,1020,1233,1464,2047,369,181,2234,1363,1174,444,2725,3633,"  19,230 ","  20,524 "
27-Jan-24,20:00 - 20:59,1856,1909,622,957,605,1512,2108,2750,330,167,1200,534,2127,1732,806,1089,1209,1643,234,194,1849,1249,878,420,2381,2758,"  16,205 ","  16,914 "
27-Jan-24,21:00 - 21:59,682,1593,286,879,257,1208,1009,2127,315,106,1013,471,1966,1467,552,1004,796,1497,161,190,1785,920,559,374,1804,2114,"  11,185 ","  13,950 "
27-Jan-24,22:00 - 22:59,0,854,8,509,8,710,109,993,168,29,672,94,437,216,122,219,162,145,33,2,347,14,36,6,62,127,"  2,164 ","  3,918 "
27-Jan-24,23:00 - 23:59,,,,,,,,,,,,,,,,,,,,,,,,,,,  -   ,  -   
27-Jan-24,00:00 - 00:59,,,,,,,,,,,,,,,,,,,,,,,,,,,  -   ,  -   
27-Jan-24,01:00 - 01:59,,,,,,,,,,,,,,,,,,,,,,,,,,,  -   ,  -   
27-Jan-24,02:00 - 02:59,,,,,,,,,,,,,,,,,,,,,,,,,,,  -   ,  -   
,TOTAL,"31,436","34,653","16,459","15,657","18,335","24,034","40,846","47,334","6,611","6,592","19,007","19,473","40,769","37,116","21,920","17,988","31,172","27,107","6,064","5,589","25,639","30,056","21,241","9,677","47,166","50,340","  326,665 ","  325,616 "
,,,,,,,,,,,,,,,,,,,,,,,,,,,,,
,,,,,,,,,,,,,,,,,,,,,,,,,,,,,
,"Sunday, January 28, 2024",,,,,,,,,,,,,,,,,,,,,,,,,,,,
,,,,,,,,,,,,,,,,,,,,,,,,,,,,,
,TIME,North Ave,,Quezon Ave,,GMA Kamuning,,Cubao,,Santolan,,Ortigas,,Shaw Blvd,,Boni Ave,,Guadalupe,,Buendia,,Ayala Ave,,Magallanes,,Taft,, Total ,
,,Entry,Exit,Entry,Exit,Entry,Exit,Entry,Exit,Entry,Exit,Entry,Exit,Entry,Exit,Entry,Exit,Entry,Exit,Entry,Exit,Entry,Exit,Entry,Exit,Entry,Exit, Entry , Exit 
28-Jan-24,03:00 - 03:59,,,,,,,,,,,,,,,,,,,,,,,,,,,  -   ,  -   
28-Jan-24,04:00 - 04:59,186,0,218,1,287,3,317,31,8,11,25,39,137,111,49,51,24,60,0,32,6,32,4,0,0,0,"  1,261 ",  371 
28-Jan-24,05:00 - 05:59,722,235,559,176,782,270,922,486,56,152,160,456,792,812,405,431,729,473,74,215,281,698,459,212,1245,904,"  7,186 ","  5,520 "
28-Jan-24,06:00 - 06:59,964,777,550,479,973,648,1398,1302,87,208,348,604,1220,1280,748,834,1097,817,205,305,544,908,655,417,1632,1469,"  10,421 ","  10,048 "
28-Jan-24,07:00 - 07:59,1110,1006,637,520,741,691,1443,1377,144,237,410,819,1420,1403,776,760,1217,880,224,230,621,1055,642,378,1897,1710,"  11,282 ","  11,066 "
28-Jan-24,08:00 - 08:59,1502,748,779,541,977,633,1639,1540,128,282,354,1043,1447,1606,887,637,1451,911,156,218,528,1340,692,369,2171,1803,"  12,711 ","  11,671 "
28-Jan-24,09:00 - 09:59,1683,1340,1032,565,980,675,2036,1718,143,527,324,1256,1537,2313,1089,666,1741,1027,121,171,558,1960,834,409,2517,2131,"  14,595 ","  14,758 "
28-Jan-24,10:00 - 10:59,1612,1253,788,465,888,518,1898,1661,160,434,301,1009,1341,1813,1142,684,1520,938,124,171,569,1664,750,250,2456,2191,"  13,549 ","  13,051 "
28-Jan-24,11:00 - 11:59,1725,1450,829,549,1039,562,2147,1846,184,391,388,1173,1638,1873,1138,599,1694,1154,128,182,699,2107,774,305,2443,2535,"  14,826 ","  14,726 "
28-Jan-24,12:00 - 12:59,1809,1527,932,560,1007,607,2392,1797,194,410,502,1275,1614,2027,1388,725,1654,1147,135,181,709,1894,796,340,2495,2588,"  15,627 ","  15,078 "
28-Jan-24,13:00 - 13:59,1715,1448,838,557,802,585,2202,1958,264,299,501,1041,1546,2021,1156,974,1484,1185,120,182,851,1663,761,310,2387,2877,"  14,627 ","  15,100 "
28-Jan-24,14:00 - 14:59,1514,1530,643,617,778,597,2145,1948,271,273,603,896,1740,1596,1172,757,1356,1312,145,138,1049,1462,773,301,2563,2915,"  14,752 ","  14,342 "
28-Jan-24,15:00 - 15:59,1812,1710,680,783,766,1009,2424,2493,333,294,868,755,2363,1636,1124,890,1456,1674,207,152,1376,1508,734,416,2897,3139,"  17,040 ","  16,459 "
28-Jan-24,16:00 - 16:59,1830,2038,705,854,882,1140,2386,2435,409,248,1060,691,2033,1781,1202,994,1431,1828,318,211,1476,1430,857,447,2987,2937,"  17,576 ","  17,034 "
28-Jan-24,17:00 - 17:59,1872,2050,723,799,886,1038,2443,2498,384,253,1113,785,1875,1887,905,1172,1323,1889,241,217,1530,1455,801,489,3051,2941,"  17,147 ","  17,473 "
28-Jan-24,18:00 - 18:59,1968,1876,688,808,920,1159,2289,2566,403,203,1259,626,2213,1809,933,1129,1281,2129,195,191,1691,1342,822,502,2895,2949,"  17,557 ","  17,289 "
28-Jan-24,19:00 - 19:59,1992,1838,646,894,731,1144,2184,2466,360,167,1084,514,1953,1895,722,1426,1123,2045,185,228,1901,1340,661,470,2967,2708,"  16,509 ","  17,135 "
28-Jan-24,20:00 - 20:59,1832,1517,587,761,663,951,2077,2327,263,149,945,475,1716,1718,515,1266,980,1730,127,242,1507,1017,648,452,2599,2327,"  14,459 ","  14,932 "
28-Jan-24,21:00 - 21:59,656,1323,296,775,261,933,1064,1874,277,96,825,404,1623,1490,378,1207,836,1537,139,175,1683,880,490,408,2102,2122,"  10,630 ","  13,224 "
28-Jan-24,22:00 - 22:59,0,673,3,490,7,591,57,892,146,41,578,88,367,280,100,199,135,200,15,8,351,19,40,7,98,122,"  1,897 ","  3,610 "
28-Jan-24,23:00 - 23:59,0,0,0,0,0,0,0,0,0,0,0,0,0,0,0,0,0,0,0,0,0,0,0,0,0,0,  -   ,  -   
28-Jan-24,00:00 - 00:59,,,,,,,,,,,,,,,,,,,,,,,,,,,  -   ,  -   
28-Jan-24,01:00 - 01:59,,,,,,,,,,,,,,,,,,,,,,,,,,,  -   ,  -   
28-Jan-24,02:00 - 02:59,,,,,,,,,,,,,,,,,,,,,,,,,,,  -   ,  -   
,TOTAL,"26,504","24,339","12,133","11,194","14,370","13,754","33,463","33,215","4,214","4,675","11,648","13,949","28,575","29,351","15,829","15,401","22,532","22,936","2,859","3,449","17,930","23,774","12,193","6,482","41,402","40,368","  243,652 ","  242,887 "
,,,,,,,,,,,,,,,,,,,,,,,,,,,,,
,,,,,,,,,,,,,,,,,,,,,,,,,,,,,
,"Monday, January 29, 2024",,,,,,,,,,,,,,,,,,,,,,,,,,,,
,,,,,,,,,,,,,,,,,,,,,,,,,,,,,
,TIME,North Ave,,Quezon Ave,,GMA Kamuning,,Cubao,,Santolan,,Ortigas,,Shaw Blvd,,Boni Ave,,Guadalupe,,Buendia,,Ayala Ave,,Magallanes,,Taft,, Total ,
,,Entry,Exit,Entry,Exit,Entry,Exit,Entry,Exit,Entry,Exit,Entry,Exit,Entry,Exit,Entry,Exit,Entry,Exit,Entry,Exit,Entry,Exit,Entry,Exit,Entry,Exit, Entry , Exit 
29-Jan-24,03:00 - 03:59,,,,,,,,,,,,,,,,,,,,,,,,,,,  -   ,  -   
29-Jan-24,04:00 - 04:59,898,0,680,2,1493,11,1067,60,22,47,60,211,504,430,91,158,62,300,2,101,11,298,4,98,2,1,"  4,896 ","  1,717 "
29-Jan-24,05:00 - 05:59,3355,532,1732,458,2991,432,2932,942,129,430,385,1685,1971,2734,892,1244,1572,1482,92,806,533,2013,1439,1145,3169,2338,"  21,192 ","  16,241 "
29-Jan-24,06:00 - 06:59,5164,1468,2242,1193,3141,1138,4056,2173,259,951,652,3050,2684,4223,1742,2379,2712,2092,284,1495,929,3365,2149,1694,5046,3225,"  31,060 ","  28,446 "
29-Jan-24,07:00 - 07:59,5402,1532,2226,1672,2999,1384,3961,2479,355,1209,829,4245,3125,5137,2367,2445,3183,2314,352,1957,1144,4225,2322,2266,5832,3250,"  34,097 ","  34,115 "
29-Jan-24,08:00 - 08:59,4648,1285,2099,1317,2624,1079,3741,2469,334,1177,714,4332,2282,4901,2023,2639,2901,2229,283,1725,944,3666,2140,2081,4901,3004,"  29,634 ","  31,904 "
29-Jan-24,09:00 - 09:59,3275,1220,1720,1004,2073,933,3110,2343,320,1101,680,2995,2029,3887,1300,1773,2561,1641,255,902,850,3357,1575,1511,3905,3069,"  23,653 ","  25,736 "
29-Jan-24,10:00 - 10:59,2216,1240,1158,839,1470,848,2693,1999,342,659,745,1924,1837,2583,1136,1264,1691,1459,279,573,852,2440,1480,957,3156,2799,"  19,055 ","  19,584 "
29-Jan-24,11:00 - 11:59,2304,1494,1160,813,1490,824,2668,2195,376,604,879,1682,1832,2384,1132,1207,1848,1476,306,444,878,2304,1229,829,3474,2918,"  19,576 ","  19,174 "
29-Jan-24,12:00 - 12:59,2061,1671,1128,878,1362,835,2643,2227,426,523,950,1744,1782,2348,1275,1233,1683,1496,357,379,1075,2154,1358,747,3246,2906,"  19,346 ","  19,141 "
29-Jan-24,13:00 - 13:59,1876,1404,1003,821,1141,940,2248,2361,422,437,1007,1428,1665,2214,1197,1225,1425,1453,311,438,1040,1789,1151,669,2862,2994,"  17,348 ","  18,173 "
29-Jan-24,14:00 - 14:59,1606,1709,889,791,1046,1060,2202,2463,497,336,1264,1191,2003,1943,1324,1184,1431,1532,431,328,1336,1696,1154,606,2910,2750,"  18,093 ","  17,589 "
29-Jan-24,15:00 - 15:59,1583,1932,905,1117,1165,1202,2273,2945,559,366,1863,1021,2732,1676,1493,1045,1484,1699,637,281,1675,1272,1226,559,2907,2927,"  20,502 ","  18,042 "
29-Jan-24,16:00 - 16:59,1816,2367,1323,1039,1513,1653,2621,3482,879,293,2691,994,3430,2323,1832,1466,1900,2592,1107,260,2802,2009,1866,831,3562,4403,"  27,342 ","  23,712 "
29-Jan-24,17:00 - 17:59,2178,5146,1934,2049,1656,2957,2932,5413,1333,320,3958,1151,4818,3079,2622,2121,2365,3504,1749,417,4221,2300,2927,1001,4042,5830,"  36,735 ","  35,288 "
29-Jan-24,18:00 - 18:59,2104,5395,1465,2098,1319,3024,3205,6224,1055,342,4062,1054,5108,2904,2689,2475,2408,3779,1446,340,4468,2314,2914,1006,3817,6264,"  36,060 ","  37,219 "
29-Jan-24,19:00 - 19:59,2201,4000,1094,1680,943,2427,2745,4934,610,257,2587,983,3735,2824,1817,2349,1834,3148,1228,306,3648,1953,1865,719,3220,5141,"  27,527 ","  30,721 "
29-Jan-24,20:00 - 20:59,2481,2700,914,1309,894,1589,2451,3447,460,192,1814,1230,2577,2867,1327,1984,1468,2365,606,341,2679,2070,1271,693,2919,3368,"  21,861 ","  24,155 "
29-Jan-24,21:00 - 21:59,1098,1987,465,1200,380,1470,1203,2671,463,102,1270,920,2006,2046,966,1367,1075,1910,341,273,2538,1487,722,585,2070,2770,"  14,597 ","  18,788 "
29-Jan-24,22:00 - 22:59,0,736,3,573,14,603,86,838,59,43,682,140,378,212,193,134,165,116,52,14,136,18,50,19,50,99,"  1,868 ","  3,545 "
29-Jan-24,23:00 - 23:59,0,0,0,0,0,0,0,0,0,0,0,0,0,0,0,0,0,0,0,0,0,0,0,0,0,0,  -   ,  -   
29-Jan-24,00:00 - 00:59,,,,,,,,,,,,,,,,,,,,,,,,,,,  -   ,  -   
29-Jan-24,01:00 - 01:59,,,,,,,,,,,,,,,,,,,,,,,,,,,  -   ,  -   
29-Jan-24,02:00 - 02:59,,,,,,,,,,,,,,,,,,,,,,,,,,,  -   ,  -   
,TOTAL,"46,266","37,818","24,140","20,853","29,714","24,409","48,837","51,665","8,900","9,389","27,092","31,980","46,498","50,715","27,418","29,692","33,768","36,587","10,118","11,380","31,759","40,730","28,842","18,016","61,090","60,056","  424,442 ","  423,290 "
,,,,,,,,,,,,,,,,,,,,,,,,,,,,,
,,,,,,,,,,,,,,,,,,,,,,,,,,,,,
,"Tuesday, January 30, 2024",,,,,,,,,,,,,,,,,,,,,,,,,,,,
,,,,,,,,,,,,,,,,,,,,,,,,,,,,,
,TIME,North Ave,,Quezon Ave,,GMA Kamuning,,Cubao,,Santolan,,Ortigas,,Shaw Blvd,,Boni Ave,,Guadalupe,,Buendia,,Ayala Ave,,Magallanes,,Taft,, Total ,
,,Entry,Exit,Entry,Exit,Entry,Exit,Entry,Exit,Entry,Exit,Entry,Exit,Entry,Exit,Entry,Exit,Entry,Exit,Entry,Exit,Entry,Exit,Entry,Exit,Entry,Exit, Entry , Exit 
30-Jan-24,03:00 - 03:59,,,,,,,,,,,,,,,,,,,,,,,,,,,  -   ,  -   
30-Jan-24,04:00 - 04:59,674,0,521,2,895,4,743,52,16,33,53,173,286,254,112,107,61,186,5,67,20,164,5,94,5,46,"  3,396 ","  1,182 "
30-Jan-24,05:00 - 05:59,2667,728,1705,445,2197,481,2677,879,129,367,474,1653,1835,2385,1030,1073,1592,1201,118,805,680,1854,1119,880,3188,1816,"  19,411 ","  14,567 "
30-Jan-24,06:00 - 06:59,5250,1791,2368,1430,2945,1376,4092,2491,254,881,1179,3078,3284,4015,2193,2306,2927,2202,366,1519,1533,3502,2165,1626,4418,3248,"  32,974 ","  29,465 "
30-Jan-24,07:00 - 07:59,5715,1945,2361,1814,2855,1505,4232,2946,384,1366,1343,4689,3525,5148,2754,2630,3555,2591,517,2170,1761,4385,2393,2350,5963,3690,"  37,358 ","  37,229 "
30-Jan-24,08:00 - 08:59,4536,1659,2155,1626,2363,1280,3769,2774,348,1177,1084,4671,2879,4884,2449,2610,3168,2221,369,1737,1217,3985,2127,2118,4951,3334,"  31,415 ","  34,076 "
30-Jan-24,09:00 - 09:59,3008,1493,1752,1114,1844,988,3118,2294,330,975,1020,2940,2185,3746,1519,1694,2490,1727,275,838,1116,3388,1466,1242,3863,2930,"  23,986 ","  25,369 "
30-Jan-24,10:00 - 10:59,2224,1425,1242,884,1409,963,2579,2124,343,719,782,1816,2062,2410,1124,1357,1806,1439,306,568,991,2456,1293,1044,3001,2866,"  19,162 ","  20,071 "
30-Jan-24,11:00 - 11:59,2148,1465,1221,778,1359,762,2504,2164,359,561,879,1726,1867,2362,1258,1322,1795,1424,331,430,996,2469,1252,702,3205,3032,"  19,174 ","  19,197 "
30-Jan-24,12:00 - 12:59,2026,1570,1111,742,1323,821,2450,2313,403,441,927,1758,1795,2269,1238,1300,1715,1483,301,452,1086,2155,1179,653,3075,2583,"  18,629 ","  18,540 "
30-Jan-24,13:00 - 13:59,1724,1480,1000,773,1141,874,2438,2166,372,451,945,1484,1664,1973,1177,1132,1509,1413,344,450,1074,1939,1148,639,2827,2903,"  17,363 ","  17,677 "
30-Jan-24,14:00 - 14:59,1561,1628,950,891,1056,984,2226,2278,401,339,1342,1202,1937,1825,1255,1124,1374,1598,423,337,1324,1737,1184,554,2720,2850,"  17,753 ","  17,347 "
30-Jan-24,15:00 - 15:59,1396,2232,931,1186,1022,1302,2275,2947,587,296,2096,1038,2812,1841,1650,1162,1553,1825,710,274,2129,1602,1422,561,2972,3536,"  21,555 ","  19,802 "
30-Jan-24,16:00 - 16:59,1863,3355,1533,1467,1468,2018,2518,4071,939,293,2857,971,3709,2421,2023,1515,1953,2640,1359,302,3026,1899,2110,710,3608,4587,"  28,966 ","  26,249 "
30-Jan-24,17:00 - 17:59,1988,5076,1916,1775,1640,2879,3064,5734,1317,359,4211,1058,5066,2998,2758,2131,2647,3431,1933,389,4371,2379,2861,993,3864,6142,"  37,636 ","  35,344 "
30-Jan-24,18:00 - 18:59,2162,5242,1571,1991,1358,2840,3095,5979,994,336,4203,1003,5352,2980,2763,2624,2654,3969,1724,341,4844,2556,2860,1050,3910,6410,"  37,490 ","  37,321 "
30-Jan-24,19:00 - 19:59,2402,4558,1100,2059,927,2764,2743,5742,647,313,3027,1027,4095,2854,1905,2430,2079,3138,1172,286,4141,2120,1969,756,3307,5270,"  29,514 ","  33,317 "
30-Jan-24,20:00 - 20:59,2609,3171,1005,1351,886,1680,2592,3483,512,213,1917,1277,2862,2561,1512,1889,1672,2320,662,368,3168,2048,1297,774,2917,3698,"  23,611 ","  24,833 "
30-Jan-24,21:00 - 21:59,995,2188,444,1346,416,1631,1334,2844,490,166,1337,908,2252,2272,973,1614,1125,2064,381,288,2873,1584,808,596,2131,2837,"  15,559 ","  20,338 "
30-Jan-24,22:00 - 22:59,0,747,7,578,12,675,87,983,56,25,676,164,417,271,185,153,165,175,54,10,154,33,63,13,41,60,"  1,917 ","  3,887 "
30-Jan-24,23:00 - 23:59,,,,,,,,,,,,,,,,,,,,,,,,,,,  -   ,  -   
30-Jan-24,00:00 - 00:59,,,,,,,,,,,,,,,,,,,,,,,,,,,  -   ,  -   
30-Jan-24,01:00 - 01:59,,,,,,,,,,,,,,,,,,,,,,,,,,,  -   ,  -   
30-Jan-24,02:00 - 02:59,,,,,,,,,,,,,,,,,,,,,,,,,,,  -   ,  -   
,TOTAL,"44,948","41,753","24,893","22,252","27,116","25,827","48,536","54,264","8,881","9,311","30,352","32,636","49,884","49,469","29,878","30,173","35,840","37,047","11,350","11,631","36,504","42,255","28,721","17,355","59,966","61,838","  436,869 ","  435,811 "
,,,,,,,,,,,,,,,,,,,,,,,,,,,,,
,,,,,,,,,,,,,,,,,,,,,,,,,,,,,
,"Wednesday, January 31, 2024",,,,,,,,,,,,,,,,,,,,,,,,,,,,
,,,,,,,,,,,,,,,,,,,,,,,,,,,,,
,TIME,North Ave,,Quezon Ave,,GMA Kamuning,,Cubao,,Santolan,,Ortigas,,Shaw Blvd,,Boni Ave,,Guadalupe,,Buendia,,Ayala Ave,,Magallanes,,Taft,, Total ,
,,Entry,Exit,Entry,Exit,Entry,Exit,Entry,Exit,Entry,Exit,Entry,Exit,Entry,Exit,Entry,Exit,Entry,Exit,Entry,Exit,Entry,Exit,Entry,Exit,Entry,Exit, Entry , Exit 
31-Jan-24,03:00 - 03:59,,,,,,,,,,,,,,,,,,,,,,,,,,,  -   ,  -   
31-Jan-24,04:00 - 04:59,647,0,487,5,663,7,676,48,25,29,54,148,275,228,123,110,64,171,2,73,20,163,7,63,55,203,"  3,098 ","  1,248 "
31-Jan-24,05:00 - 05:59,2555,675,1642,417,2092,427,2579,904,119,327,476,1657,1733,2333,997,1021,1605,1152,133,729,691,1801,1015,857,2979,1577,"  18,616 ","  13,877 "
31-Jan-24,06:00 - 06:59,4416,1413,2140,1201,2185,1168,3910,2225,254,728,1229,2650,3144,3332,2268,1993,2923,2006,402,1355,1634,3097,2032,1455,4157,2967,"  30,694 ","  25,590 "
31-Jan-24,07:00 - 07:59,6125,2190,2746,2034,3202,1804,3846,3125,379,1386,1418,4767,3807,5350,2908,2822,3621,2527,505,2113,1848,4379,2431,2238,5562,3853,"  38,398 ","  38,588 "
31-Jan-24,08:00 - 08:59,4514,1759,2130,1614,2438,1242,3818,2781,326,1197,1086,4725,2556,4739,2308,2602,2996,2284,342,1772,1326,4166,2055,2250,5188,3449,"  31,083 ","  34,580 "
31-Jan-24,09:00 - 09:59,3056,1304,1759,1142,1839,906,3297,2291,306,990,980,3002,2270,3726,1533,1844,2461,1767,297,869,1080,3422,1537,1399,4031,3019,"  24,446 ","  25,681 "
31-Jan-24,10:00 - 10:59,2248,1473,1215,868,1373,851,2562,2037,330,682,831,2089,1941,2596,1241,1392,1741,1415,271,548,946,2802,1338,884,3268,3089,"  19,305 ","  20,726 "
31-Jan-24,11:00 - 11:59,2098,1562,1155,810,1370,684,2432,2103,323,541,867,1588,1730,2363,1162,1156,1737,1444,358,439,987,2428,1189,667,3112,2738,"  18,520 ","  18,523 "
31-Jan-24,12:00 - 12:59,2035,1462,1172,734,1253,800,2552,2145,365,471,879,1772,1804,2395,1317,1233,1825,1398,278,444,1095,2288,1187,681,3271,2884,"  19,033 ","  18,707 "
31-Jan-24,13:00 - 13:59,1838,1544,1017,823,994,827,2304,2177,366,346,964,1416,1723,1998,1140,1233,1581,1429,331,433,1051,1876,1221,617,2797,2930,"  17,327 ","  17,649 "
31-Jan-24,14:00 - 14:59,1493,1626,867,939,904,1001,2085,2367,388,297,1373,1051,1935,1867,1278,1115,1416,1396,500,347,1450,1649,1220,597,2645,3011,"  17,554 ","  17,263 "
31-Jan-24,15:00 - 15:59,1433,2377,1021,1171,1216,1278,2249,3143,559,285,2094,1040,2799,1951,1547,1153,1502,1964,665,306,2159,1710,1389,590,3175,3493,"  21,808 ","  20,461 "
31-Jan-24,16:00 - 16:59,1901,3090,1519,1432,1270,2009,2682,3956,846,372,2842,1017,3833,2265,2175,1373,1952,2722,1411,298,3070,1914,2218,690,3494,4451,"  29,213 ","  25,589 "
31-Jan-24,17:00 - 17:59,2050,4136,1905,1532,1565,2340,3108,4714,1260,323,3390,1017,4441,2428,2294,1772,2221,2783,1034,330,2969,2178,2803,818,3483,4447,"  32,523 ","  28,818 "
31-Jan-24,18:00 - 18:59,2129,4527,1503,1836,1244,2652,2909,5767,991,329,4096,1026,5020,3256,3165,2538,2837,3781,1967,351,5331,2586,2980,1090,4455,6978,"  38,627 ","  36,717 "
31-Jan-24,19:00 - 19:59,2288,5209,1408,2171,964,3091,2806,6360,668,317,2877,1082,4169,2797,1997,2552,2173,3290,1278,331,4125,2376,1976,917,3412,5899,"  30,141 ","  36,392 "
31-Jan-24,20:00 - 20:59,2511,3382,1124,1536,957,1936,2535,4199,503,215,2061,1291,2982,2727,1410,2053,1731,2368,680,318,3283,2069,1370,781,2944,3625,"  24,091 ","  26,500 "
31-Jan-24,21:00 - 21:59,1034,2315,514,1277,412,1504,1321,2734,415,126,1405,886,2218,2273,930,1524,1248,1917,389,304,2933,1751,800,604,2111,2897,"  15,730 ","  20,112 "
31-Jan-24,22:00 - 22:59,0,844,2,635,8,709,80,1045,78,37,689,198,423,305,194,169,205,174,80,11,160,69,75,19,64,93,"  2,058 ","  4,308 "
31-Jan-24,23:00 - 23:59,,,,,,,,,,,,,,,,,,,,,,,,,,,  -   ,  -   
31-Jan-24,00:00 - 00:59,,,,,,,,,,,,,,,,,,,,,,,,,,,  -   ,  -   
31-Jan-24,01:00 - 01:59,,,,,,,,,,,,,,,,,,,,,,,,,,,  -   ,  -   
31-Jan-24,02:00 - 02:59,,,,,,,,,,,,,,,,,,,,,,,,,,,  -   ,  -   
,TOTAL,"44,371","40,888","25,326","22,177","25,949","25,236","47,751","54,121","8,501","8,998","29,611","32,422","48,803","48,929","29,987","29,655","35,839","35,988","10,923","11,371","36,158","42,724","28,843","17,217","60,203","61,603","  432,265 ","  431,329 "